file,label,split
train/def_front/cast_def_0_0.jpeg,defect,train
train/def_front/cast_def_0_1000.jpeg,defect,train
train/def_front/cast_def_0_1001.jpeg,defect,train
train/def_front/cast_def_0_1004.jpeg,defect,train
train/def_front/cast_def_0_1008.jpeg,defect,train
train/def_front/cast_def_0_1016.jpeg,defect,train
train/def_front/cast_def_0_1019.jpeg,defect,train
train/def_front/cast_def_0_1020.jpeg,defect,train
train/def_front/cast_def_0_1021.jpeg,defect,train
train/def_front/cast_def_0_1025.jpeg,defect,train
train/def_front/cast_def_0_103.jpeg,defect,train
train/def_front/cast_def_0_1031.jpeg,defect,train
train/def_front/cast_def_0_1037.jpeg,defect,train
train/def_front/cast_def_0_1038.jpeg,defect,train
train/def_front/cast_def_0_1043.jpeg,defect,train
train/def_front/cast_def_0_105.jpeg,defect,train
train/def_front/cast_def_0_1053.jpeg,defect,train
train/def_front/cast_def_0_1055.jpeg,defect,train
train/def_front/cast_def_0_1056.jpeg,defect,train
train/def_front/cast_def_0_1059.jpeg,defect,train
train/def_front/cast_def_0_1060.jpeg,defect,train
train/def_front/cast_def_0_1061.jpeg,defect,train
train/def_front/cast_def_0_1066.jpeg,defect,train
train/def_front/cast_def_0_1069.jpeg,defect,train
train/def_front/cast_def_0_107.jpeg,defect,train
train/def_front/cast_def_0_1070.jpeg,defect,train
train/def_front/cast_def_0_1074.jpeg,defect,train
train/def_front/cast_def_0_1077.jpeg,defect,train
train/def_front/cast_def_0_1084.jpeg,defect,train
train/def_front/cast_def_0_1086.jpeg,defect,train
train/def_front/cast_def_0_1087.jpeg,defect,train
train/def_front/cast_def_0_1088.jpeg,defect,train
train/def_front/cast_def_0_109.jpeg,defect,train
train/def_front/cast_def_0_1090.jpeg,defect,train
train/def_front/cast_def_0_1092.jpeg,defect,train
train/def_front/cast_def_0_1094.jpeg,defect,train
train/def_front/cast_def_0_1095.jpeg,defect,train
train/def_front/cast_def_0_1097.jpeg,defect,train
train/def_front/cast_def_0_1099.jpeg,defect,train
train/def_front/cast_def_0_11.jpeg,defect,train
train/def_front/cast_def_0_110.jpeg,defect,train
train/def_front/cast_def_0_1102.jpeg,defect,train
train/def_front/cast_def_0_1104.jpeg,defect,train
train/def_front/cast_def_0_1105.jpeg,defect,train
train/def_front/cast_def_0_1108.jpeg,defect,train
train/def_front/cast_def_0_1110.jpeg,defect,train
train/def_front/cast_def_0_1112.jpeg,defect,train
train/def_front/cast_def_0_1113.jpeg,defect,train
train/def_front/cast_def_0_1116.jpeg,defect,train
train/def_front/cast_def_0_1127.jpeg,defect,train
train/def_front/cast_def_0_1133.jpeg,defect,train
train/def_front/cast_def_0_1149.jpeg,defect,train
train/def_front/cast_def_0_1151.jpeg,defect,train
train/def_front/cast_def_0_1152.jpeg,defect,train
train/def_front/cast_def_0_1154.jpeg,defect,train
train/def_front/cast_def_0_1155.jpeg,defect,train
train/def_front/cast_def_0_1156.jpeg,defect,train
train/def_front/cast_def_0_116.jpeg,defect,train
train/def_front/cast_def_0_1162.jpeg,defect,train
train/def_front/cast_def_0_1169.jpeg,defect,train
train/def_front/cast_def_0_1175.jpeg,defect,train
train/def_front/cast_def_0_1178.jpeg,defect,train
train/def_front/cast_def_0_1179.jpeg,defect,train
train/def_front/cast_def_0_1180.jpeg,defect,train
train/def_front/cast_def_0_1181.jpeg,defect,train
train/def_front/cast_def_0_1182.jpeg,defect,train
train/def_front/cast_def_0_1183.jpeg,defect,train
train/def_front/cast_def_0_1184.jpeg,defect,train
train/def_front/cast_def_0_1185.jpeg,defect,train
train/def_front/cast_def_0_1194.jpeg,defect,train
train/def_front/cast_def_0_1197.jpeg,defect,train
train/def_front/cast_def_0_120.jpeg,defect,train
train/def_front/cast_def_0_1207.jpeg,defect,train
train/def_front/cast_def_0_1209.jpeg,defect,train
train/def_front/cast_def_0_1210.jpeg,defect,train
train/def_front/cast_def_0_1212.jpeg,defect,train
train/def_front/cast_def_0_1216.jpeg,defect,train
train/def_front/cast_def_0_122.jpeg,defect,train
train/def_front/cast_def_0_1221.jpeg,defect,train
train/def_front/cast_def_0_1239.jpeg,defect,train
train/def_front/cast_def_0_1240.jpeg,defect,train
train/def_front/cast_def_0_1243.jpeg,defect,train
train/def_front/cast_def_0_1244.jpeg,defect,train
train/def_front/cast_def_0_1245.jpeg,defect,train
train/def_front/cast_def_0_1246.jpeg,defect,train
train/def_front/cast_def_0_1247.jpeg,defect,train
train/def_front/cast_def_0_1249.jpeg,defect,train
train/def_front/cast_def_0_1254.jpeg,defect,train
train/def_front/cast_def_0_1270.jpeg,defect,train
train/def_front/cast_def_0_1272.jpeg,defect,train
train/def_front/cast_def_0_1276.jpeg,defect,train
train/def_front/cast_def_0_1279.jpeg,defect,train
train/def_front/cast_def_0_1286.jpeg,defect,train
train/def_front/cast_def_0_1287.jpeg,defect,train
train/def_front/cast_def_0_1289.jpeg,defect,train
train/def_front/cast_def_0_13.jpeg,defect,train
train/def_front/cast_def_0_130.jpeg,defect,train
train/def_front/cast_def_0_1301.jpeg,defect,train
train/def_front/cast_def_0_1302.jpeg,defect,train
train/def_front/cast_def_0_1305.jpeg,defect,train
train/def_front/cast_def_0_1306.jpeg,defect,train
train/def_front/cast_def_0_1307.jpeg,defect,train
train/def_front/cast_def_0_131.jpeg,defect,train
train/def_front/cast_def_0_1313.jpeg,defect,train
train/def_front/cast_def_0_1315.jpeg,defect,train
train/def_front/cast_def_0_1316.jpeg,defect,train
train/def_front/cast_def_0_1325.jpeg,defect,train
train/def_front/cast_def_0_1328.jpeg,defect,train
train/def_front/cast_def_0_133.jpeg,defect,train
train/def_front/cast_def_0_1334.jpeg,defect,train
train/def_front/cast_def_0_1339.jpeg,defect,train
train/def_front/cast_def_0_1341.jpeg,defect,train
train/def_front/cast_def_0_1342.jpeg,defect,train
train/def_front/cast_def_0_1345.jpeg,defect,train
train/def_front/cast_def_0_1347.jpeg,defect,train
train/def_front/cast_def_0_1348.jpeg,defect,train
train/def_front/cast_def_0_136.jpeg,defect,train
train/def_front/cast_def_0_1360.jpeg,defect,train
train/def_front/cast_def_0_1364.jpeg,defect,train
train/def_front/cast_def_0_1369.jpeg,defect,train
train/def_front/cast_def_0_1375.jpeg,defect,train
train/def_front/cast_def_0_1406.jpeg,defect,train
train/def_front/cast_def_0_1407.jpeg,defect,train
train/def_front/cast_def_0_1408.jpeg,defect,train
train/def_front/cast_def_0_1409.jpeg,defect,train
train/def_front/cast_def_0_1427.jpeg,defect,train
train/def_front/cast_def_0_1439.jpeg,defect,train
train/def_front/cast_def_0_1454.jpeg,defect,train
train/def_front/cast_def_0_1457.jpeg,defect,train
train/def_front/cast_def_0_1459.jpeg,defect,train
train/def_front/cast_def_0_1488.jpeg,defect,train
train/def_front/cast_def_0_1490.jpeg,defect,train
train/def_front/cast_def_0_15.jpeg,defect,train
train/def_front/cast_def_0_163.jpeg,defect,train
train/def_front/cast_def_0_1669.jpeg,defect,train
train/def_front/cast_def_0_1670.jpeg,defect,train
train/def_front/cast_def_0_1673.jpeg,defect,train
train/def_front/cast_def_0_1689.jpeg,defect,train
train/def_front/cast_def_0_1693.jpeg,defect,train
train/def_front/cast_def_0_1696.jpeg,defect,train
train/def_front/cast_def_0_1697.jpeg,defect,train
train/def_front/cast_def_0_1705.jpeg,defect,train
train/def_front/cast_def_0_1706.jpeg,defect,train
train/def_front/cast_def_0_1707.jpeg,defect,train
train/def_front/cast_def_0_1709.jpeg,defect,train
train/def_front/cast_def_0_1710.jpeg,defect,train
train/def_front/cast_def_0_1711.jpeg,defect,train
train/def_front/cast_def_0_1713.jpeg,defect,train
train/def_front/cast_def_0_1720.jpeg,defect,train
train/def_front/cast_def_0_1723.jpeg,defect,train
train/def_front/cast_def_0_1727.jpeg,defect,train
train/def_front/cast_def_0_1728.jpeg,defect,train
train/def_front/cast_def_0_1733.jpeg,defect,train
train/def_front/cast_def_0_1737.jpeg,defect,train
train/def_front/cast_def_0_1738.jpeg,defect,train
train/def_front/cast_def_0_1745.jpeg,defect,train
train/def_front/cast_def_0_175.jpeg,defect,train
train/def_front/cast_def_0_1750.jpeg,defect,train
train/def_front/cast_def_0_1752.jpeg,defect,train
train/def_front/cast_def_0_1754.jpeg,defect,train
train/def_front/cast_def_0_1762.jpeg,defect,train
train/def_front/cast_def_0_1763.jpeg,defect,train
train/def_front/cast_def_0_1768.jpeg,defect,train
train/def_front/cast_def_0_1770.jpeg,defect,train
train/def_front/cast_def_0_1771.jpeg,defect,train
train/def_front/cast_def_0_1775.jpeg,defect,train
train/def_front/cast_def_0_1776.jpeg,defect,train
train/def_front/cast_def_0_1778.jpeg,defect,train
train/def_front/cast_def_0_1781.jpeg,defect,train
train/def_front/cast_def_0_1782.jpeg,defect,train
train/def_front/cast_def_0_1784.jpeg,defect,train
train/def_front/cast_def_0_1785.jpeg,defect,train
train/def_front/cast_def_0_1786.jpeg,defect,train
train/def_front/cast_def_0_1791.jpeg,defect,train
train/def_front/cast_def_0_1794.jpeg,defect,train
train/def_front/cast_def_0_1797.jpeg,defect,train
train/def_front/cast_def_0_1799.jpeg,defect,train
train/def_front/cast_def_0_1800.jpeg,defect,train
train/def_front/cast_def_0_1801.jpeg,defect,train
train/def_front/cast_def_0_1804.jpeg,defect,train
train/def_front/cast_def_0_1807.jpeg,defect,train
train/def_front/cast_def_0_1810.jpeg,defect,train
train/def_front/cast_def_0_1811.jpeg,defect,train
train/def_front/cast_def_0_1815.jpeg,defect,train
train/def_front/cast_def_0_1816.jpeg,defect,train
train/def_front/cast_def_0_1817.jpeg,defect,train
train/def_front/cast_def_0_1825.jpeg,defect,train
train/def_front/cast_def_0_1827.jpeg,defect,train
train/def_front/cast_def_0_1828.jpeg,defect,train
train/def_front/cast_def_0_1831.jpeg,defect,train
train/def_front/cast_def_0_1832.jpeg,defect,train
train/def_front/cast_def_0_1833.jpeg,defect,train
train/def_front/cast_def_0_1834.jpeg,defect,train
train/def_front/cast_def_0_1840.jpeg,defect,train
train/def_front/cast_def_0_1842.jpeg,defect,train
train/def_front/cast_def_0_1844.jpeg,defect,train
train/def_front/cast_def_0_1847.jpeg,defect,train
train/def_front/cast_def_0_1850.jpeg,defect,train
train/def_front/cast_def_0_1852.jpeg,defect,train
train/def_front/cast_def_0_1853.jpeg,defect,train
train/def_front/cast_def_0_1856.jpeg,defect,train
train/def_front/cast_def_0_1858.jpeg,defect,train
train/def_front/cast_def_0_186.jpeg,defect,train
train/def_front/cast_def_0_1860.jpeg,defect,train
train/def_front/cast_def_0_1861.jpeg,defect,train
train/def_front/cast_def_0_1862.jpeg,defect,train
train/def_front/cast_def_0_1866.jpeg,defect,train
train/def_front/cast_def_0_1870.jpeg,defect,train
train/def_front/cast_def_0_1881.jpeg,defect,train
train/def_front/cast_def_0_1883.jpeg,defect,train
train/def_front/cast_def_0_1884.jpeg,defect,train
train/def_front/cast_def_0_1886.jpeg,defect,train
train/def_front/cast_def_0_1887.jpeg,defect,train
train/def_front/cast_def_0_1891.jpeg,defect,train
train/def_front/cast_def_0_1895.jpeg,defect,train
train/def_front/cast_def_0_1896.jpeg,defect,train
train/def_front/cast_def_0_1899.jpeg,defect,train
train/def_front/cast_def_0_1906.jpeg,defect,train
train/def_front/cast_def_0_1907.jpeg,defect,train
train/def_front/cast_def_0_191.jpeg,defect,train
train/def_front/cast_def_0_1915.jpeg,defect,train
train/def_front/cast_def_0_1919.jpeg,defect,train
train/def_front/cast_def_0_192.jpeg,defect,train
train/def_front/cast_def_0_1920.jpeg,defect,train
train/def_front/cast_def_0_1921.jpeg,defect,train
train/def_front/cast_def_0_1922.jpeg,defect,train
train/def_front/cast_def_0_1926.jpeg,defect,train
train/def_front/cast_def_0_1928.jpeg,defect,train
train/def_front/cast_def_0_1931.jpeg,defect,train
train/def_front/cast_def_0_1939.jpeg,defect,train
train/def_front/cast_def_0_194.jpeg,defect,train
train/def_front/cast_def_0_1948.jpeg,defect,train
train/def_front/cast_def_0_1951.jpeg,defect,train
train/def_front/cast_def_0_1953.jpeg,defect,train
train/def_front/cast_def_0_196.jpeg,defect,train
train/def_front/cast_def_0_1960.jpeg,defect,train
train/def_front/cast_def_0_1961.jpeg,defect,train
train/def_front/cast_def_0_1963.jpeg,defect,train
train/def_front/cast_def_0_1965.jpeg,defect,train
train/def_front/cast_def_0_1966.jpeg,defect,train
train/def_front/cast_def_0_1972.jpeg,defect,train
train/def_front/cast_def_0_1976.jpeg,defect,train
train/def_front/cast_def_0_1981.jpeg,defect,train
train/def_front/cast_def_0_1984.jpeg,defect,train
train/def_front/cast_def_0_1985.jpeg,defect,train
train/def_front/cast_def_0_1986.jpeg,defect,train
train/def_front/cast_def_0_1987.jpeg,defect,train
train/def_front/cast_def_0_1990.jpeg,defect,train
train/def_front/cast_def_0_1994.jpeg,defect,train
train/def_front/cast_def_0_1995.jpeg,defect,train
train/def_front/cast_def_0_1997.jpeg,defect,train
train/def_front/cast_def_0_1998.jpeg,defect,train
train/def_front/cast_def_0_1999.jpeg,defect,train
train/def_front/cast_def_0_2.jpeg,defect,train
train/def_front/cast_def_0_200.jpeg,defect,train
train/def_front/cast_def_0_2000.jpeg,defect,train
train/def_front/cast_def_0_2003.jpeg,defect,train
train/def_front/cast_def_0_2004.jpeg,defect,train
train/def_front/cast_def_0_2006.jpeg,defect,train
train/def_front/cast_def_0_2008.jpeg,defect,train
train/def_front/cast_def_0_2011.jpeg,defect,train
train/def_front/cast_def_0_2015.jpeg,defect,train
train/def_front/cast_def_0_2017.jpeg,defect,train
train/def_front/cast_def_0_2019.jpeg,defect,train
train/def_front/cast_def_0_2022.jpeg,defect,train
train/def_front/cast_def_0_203.jpeg,defect,train
train/def_front/cast_def_0_2033.jpeg,defect,train
train/def_front/cast_def_0_2036.jpeg,defect,train
train/def_front/cast_def_0_204.jpeg,defect,train
train/def_front/cast_def_0_2042.jpeg,defect,train
train/def_front/cast_def_0_2044.jpeg,defect,train
train/def_front/cast_def_0_2045.jpeg,defect,train
train/def_front/cast_def_0_2046.jpeg,defect,train
train/def_front/cast_def_0_2047.jpeg,defect,train
train/def_front/cast_def_0_2050.jpeg,defect,train
train/def_front/cast_def_0_2052.jpeg,defect,train
train/def_front/cast_def_0_2059.jpeg,defect,train
train/def_front/cast_def_0_2060.jpeg,defect,train
train/def_front/cast_def_0_2066.jpeg,defect,train
train/def_front/cast_def_0_207.jpeg,defect,train
train/def_front/cast_def_0_2071.jpeg,defect,train
train/def_front/cast_def_0_2072.jpeg,defect,train
train/def_front/cast_def_0_2073.jpeg,defect,train
train/def_front/cast_def_0_2074.jpeg,defect,train
train/def_front/cast_def_0_2075.jpeg,defect,train
train/def_front/cast_def_0_2076.jpeg,defect,train
train/def_front/cast_def_0_2077.jpeg,defect,train
train/def_front/cast_def_0_2081.jpeg,defect,train
train/def_front/cast_def_0_2089.jpeg,defect,train
train/def_front/cast_def_0_2090.jpeg,defect,train
train/def_front/cast_def_0_2091.jpeg,defect,train
train/def_front/cast_def_0_2093.jpeg,defect,train
train/def_front/cast_def_0_2099.jpeg,defect,train
train/def_front/cast_def_0_21.jpeg,defect,train
train/def_front/cast_def_0_2105.jpeg,defect,train
train/def_front/cast_def_0_211.jpeg,defect,train
train/def_front/cast_def_0_2113.jpeg,defect,train
train/def_front/cast_def_0_2114.jpeg,defect,train
train/def_front/cast_def_0_2116.jpeg,defect,train
train/def_front/cast_def_0_2121.jpeg,defect,train
train/def_front/cast_def_0_2122.jpeg,defect,train
train/def_front/cast_def_0_2129.jpeg,defect,train
train/def_front/cast_def_0_2132.jpeg,defect,train
train/def_front/cast_def_0_2138.jpeg,defect,train
train/def_front/cast_def_0_2139.jpeg,defect,train
train/def_front/cast_def_0_2144.jpeg,defect,train
train/def_front/cast_def_0_2145.jpeg,defect,train
train/def_front/cast_def_0_2149.jpeg,defect,train
train/def_front/cast_def_0_215.jpeg,defect,train
train/def_front/cast_def_0_2150.jpeg,defect,train
train/def_front/cast_def_0_2157.jpeg,defect,train
train/def_front/cast_def_0_2158.jpeg,defect,train
train/def_front/cast_def_0_2161.jpeg,defect,train
train/def_front/cast_def_0_2163.jpeg,defect,train
train/def_front/cast_def_0_2164.jpeg,defect,train
train/def_front/cast_def_0_2166.jpeg,defect,train
train/def_front/cast_def_0_2167.jpeg,defect,train
train/def_front/cast_def_0_2170.jpeg,defect,train
train/def_front/cast_def_0_2173.jpeg,defect,train
train/def_front/cast_def_0_2182.jpeg,defect,train
train/def_front/cast_def_0_2184.jpeg,defect,train
train/def_front/cast_def_0_2186.jpeg,defect,train
train/def_front/cast_def_0_2190.jpeg,defect,train
train/def_front/cast_def_0_2193.jpeg,defect,train
train/def_front/cast_def_0_2195.jpeg,defect,train
train/def_front/cast_def_0_2197.jpeg,defect,train
train/def_front/cast_def_0_2199.jpeg,defect,train
train/def_front/cast_def_0_2203.jpeg,defect,train
train/def_front/cast_def_0_2218.jpeg,defect,train
train/def_front/cast_def_0_2219.jpeg,defect,train
train/def_front/cast_def_0_2220.jpeg,defect,train
train/def_front/cast_def_0_2224.jpeg,defect,train
train/def_front/cast_def_0_2225.jpeg,defect,train
train/def_front/cast_def_0_2229.jpeg,defect,train
train/def_front/cast_def_0_2233.jpeg,defect,train
train/def_front/cast_def_0_2240.jpeg,defect,train
train/def_front/cast_def_0_2248.jpeg,defect,train
train/def_front/cast_def_0_2251.jpeg,defect,train
train/def_front/cast_def_0_2256.jpeg,defect,train
train/def_front/cast_def_0_2257.jpeg,defect,train
train/def_front/cast_def_0_2258.jpeg,defect,train
train/def_front/cast_def_0_2264.jpeg,defect,train
train/def_front/cast_def_0_2280.jpeg,defect,train
train/def_front/cast_def_0_2282.jpeg,defect,train
train/def_front/cast_def_0_2283.jpeg,defect,train
train/def_front/cast_def_0_2287.jpeg,defect,train
train/def_front/cast_def_0_2290.jpeg,defect,train
train/def_front/cast_def_0_2291.jpeg,defect,train
train/def_front/cast_def_0_2292.jpeg,defect,train
train/def_front/cast_def_0_2301.jpeg,defect,train
train/def_front/cast_def_0_2305.jpeg,defect,train
train/def_front/cast_def_0_2320.jpeg,defect,train
train/def_front/cast_def_0_2321.jpeg,defect,train
train/def_front/cast_def_0_2322.jpeg,defect,train
train/def_front/cast_def_0_2325.jpeg,defect,train
train/def_front/cast_def_0_2327.jpeg,defect,train
train/def_front/cast_def_0_2329.jpeg,defect,train
train/def_front/cast_def_0_2337.jpeg,defect,train
train/def_front/cast_def_0_2344.jpeg,defect,train
train/def_front/cast_def_0_2347.jpeg,defect,train
train/def_front/cast_def_0_2348.jpeg,defect,train
train/def_front/cast_def_0_2351.jpeg,defect,train
train/def_front/cast_def_0_2356.jpeg,defect,train
train/def_front/cast_def_0_2359.jpeg,defect,train
train/def_front/cast_def_0_2367.jpeg,defect,train
train/def_front/cast_def_0_2371.jpeg,defect,train
train/def_front/cast_def_0_2377.jpeg,defect,train
train/def_front/cast_def_0_2378.jpeg,defect,train
train/def_front/cast_def_0_2381.jpeg,defect,train
train/def_front/cast_def_0_2383.jpeg,defect,train
train/def_front/cast_def_0_2384.jpeg,defect,train
train/def_front/cast_def_0_2385.jpeg,defect,train
train/def_front/cast_def_0_2389.jpeg,defect,train
train/def_front/cast_def_0_2390.jpeg,defect,train
train/def_front/cast_def_0_2391.jpeg,defect,train
train/def_front/cast_def_0_24.jpeg,defect,train
train/def_front/cast_def_0_2401.jpeg,defect,train
train/def_front/cast_def_0_2403.jpeg,defect,train
train/def_front/cast_def_0_2404.jpeg,defect,train
train/def_front/cast_def_0_2405.jpeg,defect,train
train/def_front/cast_def_0_2407.jpeg,defect,train
train/def_front/cast_def_0_2409.jpeg,defect,train
train/def_front/cast_def_0_2411.jpeg,defect,train
train/def_front/cast_def_0_2425.jpeg,defect,train
train/def_front/cast_def_0_2426.jpeg,defect,train
train/def_front/cast_def_0_2431.jpeg,defect,train
train/def_front/cast_def_0_2432.jpeg,defect,train
train/def_front/cast_def_0_2433.jpeg,defect,train
train/def_front/cast_def_0_2434.jpeg,defect,train
train/def_front/cast_def_0_2435.jpeg,defect,train
train/def_front/cast_def_0_2437.jpeg,defect,train
train/def_front/cast_def_0_2441.jpeg,defect,train
train/def_front/cast_def_0_2457.jpeg,defect,train
train/def_front/cast_def_0_2467.jpeg,defect,train
train/def_front/cast_def_0_2469.jpeg,defect,train
train/def_front/cast_def_0_2470.jpeg,defect,train
train/def_front/cast_def_0_2471.jpeg,defect,train
train/def_front/cast_def_0_2474.jpeg,defect,train
train/def_front/cast_def_0_2478.jpeg,defect,train
train/def_front/cast_def_0_2482.jpeg,defect,train
train/def_front/cast_def_0_2490.jpeg,defect,train
train/def_front/cast_def_0_2491.jpeg,defect,train
train/def_front/cast_def_0_25.jpeg,defect,train
train/def_front/cast_def_0_2501.jpeg,defect,train
train/def_front/cast_def_0_2504.jpeg,defect,train
train/def_front/cast_def_0_2505.jpeg,defect,train
train/def_front/cast_def_0_2518.jpeg,defect,train
train/def_front/cast_def_0_2519.jpeg,defect,train
train/def_front/cast_def_0_2522.jpeg,defect,train
train/def_front/cast_def_0_2523.jpeg,defect,train
train/def_front/cast_def_0_2526.jpeg,defect,train
train/def_front/cast_def_0_2527.jpeg,defect,train
train/def_front/cast_def_0_2531.jpeg,defect,train
train/def_front/cast_def_0_2535.jpeg,defect,train
train/def_front/cast_def_0_2538.jpeg,defect,train
train/def_front/cast_def_0_2542.jpeg,defect,train
train/def_front/cast_def_0_2548.jpeg,defect,train
train/def_front/cast_def_0_2552.jpeg,defect,train
train/def_front/cast_def_0_2556.jpeg,defect,train
train/def_front/cast_def_0_2557.jpeg,defect,train
train/def_front/cast_def_0_2558.jpeg,defect,train
train/def_front/cast_def_0_2569.jpeg,defect,train
train/def_front/cast_def_0_2571.jpeg,defect,train
train/def_front/cast_def_0_2572.jpeg,defect,train
train/def_front/cast_def_0_2574.jpeg,defect,train
train/def_front/cast_def_0_2578.jpeg,defect,train
train/def_front/cast_def_0_2588.jpeg,defect,train
train/def_front/cast_def_0_2595.jpeg,defect,train
train/def_front/cast_def_0_2596.jpeg,defect,train
train/def_front/cast_def_0_2597.jpeg,defect,train
train/def_front/cast_def_0_2598.jpeg,defect,train
train/def_front/cast_def_0_2599.jpeg,defect,train
train/def_front/cast_def_0_26.jpeg,defect,train
train/def_front/cast_def_0_2603.jpeg,defect,train
train/def_front/cast_def_0_2604.jpeg,defect,train
train/def_front/cast_def_0_2605.jpeg,defect,train
train/def_front/cast_def_0_2608.jpeg,defect,train
train/def_front/cast_def_0_2609.jpeg,defect,train
train/def_front/cast_def_0_2611.jpeg,defect,train
train/def_front/cast_def_0_2612.jpeg,defect,train
train/def_front/cast_def_0_2615.jpeg,defect,train
train/def_front/cast_def_0_2617.jpeg,defect,train
train/def_front/cast_def_0_2621.jpeg,defect,train
train/def_front/cast_def_0_2625.jpeg,defect,train
train/def_front/cast_def_0_2626.jpeg,defect,train
train/def_front/cast_def_0_2628.jpeg,defect,train
train/def_front/cast_def_0_2630.jpeg,defect,train
train/def_front/cast_def_0_2632.jpeg,defect,train
train/def_front/cast_def_0_2634.jpeg,defect,train
train/def_front/cast_def_0_2635.jpeg,defect,train
train/def_front/cast_def_0_2641.jpeg,defect,train
train/def_front/cast_def_0_2643.jpeg,defect,train
train/def_front/cast_def_0_2646.jpeg,defect,train
train/def_front/cast_def_0_2648.jpeg,defect,train
train/def_front/cast_def_0_2652.jpeg,defect,train
train/def_front/cast_def_0_2659.jpeg,defect,train
train/def_front/cast_def_0_2663.jpeg,defect,train
train/def_front/cast_def_0_2664.jpeg,defect,train
train/def_front/cast_def_0_2670.jpeg,defect,train
train/def_front/cast_def_0_2677.jpeg,defect,train
train/def_front/cast_def_0_2678.jpeg,defect,train
train/def_front/cast_def_0_2679.jpeg,defect,train
train/def_front/cast_def_0_2681.jpeg,defect,train
train/def_front/cast_def_0_2685.jpeg,defect,train
train/def_front/cast_def_0_2688.jpeg,defect,train
train/def_front/cast_def_0_2689.jpeg,defect,train
train/def_front/cast_def_0_2692.jpeg,defect,train
train/def_front/cast_def_0_2693.jpeg,defect,train
train/def_front/cast_def_0_2696.jpeg,defect,train
train/def_front/cast_def_0_2697.jpeg,defect,train
train/def_front/cast_def_0_2699.jpeg,defect,train
train/def_front/cast_def_0_27.jpeg,defect,train
train/def_front/cast_def_0_2701.jpeg,defect,train
train/def_front/cast_def_0_2706.jpeg,defect,train
train/def_front/cast_def_0_2710.jpeg,defect,train
train/def_front/cast_def_0_2711.jpeg,defect,train
train/def_front/cast_def_0_2716.jpeg,defect,train
train/def_front/cast_def_0_2721.jpeg,defect,train
train/def_front/cast_def_0_2723.jpeg,defect,train
train/def_front/cast_def_0_2724.jpeg,defect,train
train/def_front/cast_def_0_2729.jpeg,defect,train
train/def_front/cast_def_0_2735.jpeg,defect,train
train/def_front/cast_def_0_2744.jpeg,defect,train
train/def_front/cast_def_0_2747.jpeg,defect,train
train/def_front/cast_def_0_2749.jpeg,defect,train
train/def_front/cast_def_0_2753.jpeg,defect,train
train/def_front/cast_def_0_2754.jpeg,defect,train
train/def_front/cast_def_0_2755.jpeg,defect,train
train/def_front/cast_def_0_2757.jpeg,defect,train
train/def_front/cast_def_0_2758.jpeg,defect,train
train/def_front/cast_def_0_2760.jpeg,defect,train
train/def_front/cast_def_0_2762.jpeg,defect,train
train/def_front/cast_def_0_2763.jpeg,defect,train
train/def_front/cast_def_0_2764.jpeg,defect,train
train/def_front/cast_def_0_2768.jpeg,defect,train
train/def_front/cast_def_0_2769.jpeg,defect,train
train/def_front/cast_def_0_2771.jpeg,defect,train
train/def_front/cast_def_0_2779.jpeg,defect,train
train/def_front/cast_def_0_2781.jpeg,defect,train
train/def_front/cast_def_0_2790.jpeg,defect,train
train/def_front/cast_def_0_2797.jpeg,defect,train
train/def_front/cast_def_0_2798.jpeg,defect,train
train/def_front/cast_def_0_2805.jpeg,defect,train
train/def_front/cast_def_0_2808.jpeg,defect,train
train/def_front/cast_def_0_2813.jpeg,defect,train
train/def_front/cast_def_0_2814.jpeg,defect,train
train/def_front/cast_def_0_2817.jpeg,defect,train
train/def_front/cast_def_0_2818.jpeg,defect,train
train/def_front/cast_def_0_2824.jpeg,defect,train
train/def_front/cast_def_0_2827.jpeg,defect,train
train/def_front/cast_def_0_2833.jpeg,defect,train
train/def_front/cast_def_0_2834.jpeg,defect,train
train/def_front/cast_def_0_2838.jpeg,defect,train
train/def_front/cast_def_0_2840.jpeg,defect,train
train/def_front/cast_def_0_2842.jpeg,defect,train
train/def_front/cast_def_0_2843.jpeg,defect,train
train/def_front/cast_def_0_2847.jpeg,defect,train
train/def_front/cast_def_0_2852.jpeg,defect,train
train/def_front/cast_def_0_2854.jpeg,defect,train
train/def_front/cast_def_0_2856.jpeg,defect,train
train/def_front/cast_def_0_2860.jpeg,defect,train
train/def_front/cast_def_0_2861.jpeg,defect,train
train/def_front/cast_def_0_2867.jpeg,defect,train
train/def_front/cast_def_0_2868.jpeg,defect,train
train/def_front/cast_def_0_2869.jpeg,defect,train
train/def_front/cast_def_0_2871.jpeg,defect,train
train/def_front/cast_def_0_2873.jpeg,defect,train
train/def_front/cast_def_0_2875.jpeg,defect,train
train/def_front/cast_def_0_2876.jpeg,defect,train
train/def_front/cast_def_0_2884.jpeg,defect,train
train/def_front/cast_def_0_2888.jpeg,defect,train
train/def_front/cast_def_0_2889.jpeg,defect,train
train/def_front/cast_def_0_2891.jpeg,defect,train
train/def_front/cast_def_0_2895.jpeg,defect,train
train/def_front/cast_def_0_2898.jpeg,defect,train
train/def_front/cast_def_0_2899.jpeg,defect,train
train/def_front/cast_def_0_2900.jpeg,defect,train
train/def_front/cast_def_0_2901.jpeg,defect,train
train/def_front/cast_def_0_2907.jpeg,defect,train
train/def_front/cast_def_0_2916.jpeg,defect,train
train/def_front/cast_def_0_2923.jpeg,defect,train
train/def_front/cast_def_0_2924.jpeg,defect,train
train/def_front/cast_def_0_2925.jpeg,defect,train
train/def_front/cast_def_0_2926.jpeg,defect,train
train/def_front/cast_def_0_2927.jpeg,defect,train
train/def_front/cast_def_0_2928.jpeg,defect,train
train/def_front/cast_def_0_2933.jpeg,defect,train
train/def_front/cast_def_0_2937.jpeg,defect,train
train/def_front/cast_def_0_2939.jpeg,defect,train
train/def_front/cast_def_0_2940.jpeg,defect,train
train/def_front/cast_def_0_2944.jpeg,defect,train
train/def_front/cast_def_0_2945.jpeg,defect,train
train/def_front/cast_def_0_2948.jpeg,defect,train
train/def_front/cast_def_0_2949.jpeg,defect,train
train/def_front/cast_def_0_2950.jpeg,defect,train
train/def_front/cast_def_0_2955.jpeg,defect,train
train/def_front/cast_def_0_2960.jpeg,defect,train
train/def_front/cast_def_0_2963.jpeg,defect,train
train/def_front/cast_def_0_2964.jpeg,defect,train
train/def_front/cast_def_0_2965.jpeg,defect,train
train/def_front/cast_def_0_2976.jpeg,defect,train
train/def_front/cast_def_0_2983.jpeg,defect,train
train/def_front/cast_def_0_2985.jpeg,defect,train
train/def_front/cast_def_0_2986.jpeg,defect,train
train/def_front/cast_def_0_2989.jpeg,defect,train
train/def_front/cast_def_0_2990.jpeg,defect,train
train/def_front/cast_def_0_2991.jpeg,defect,train
train/def_front/cast_def_0_2998.jpeg,defect,train
train/def_front/cast_def_0_3003.jpeg,defect,train
train/def_front/cast_def_0_3005.jpeg,defect,train
train/def_front/cast_def_0_3006.jpeg,defect,train
train/def_front/cast_def_0_3011.jpeg,defect,train
train/def_front/cast_def_0_3018.jpeg,defect,train
train/def_front/cast_def_0_3019.jpeg,defect,train
train/def_front/cast_def_0_3021.jpeg,defect,train
train/def_front/cast_def_0_3025.jpeg,defect,train
train/def_front/cast_def_0_3026.jpeg,defect,train
train/def_front/cast_def_0_3028.jpeg,defect,train
train/def_front/cast_def_0_3031.jpeg,defect,train
train/def_front/cast_def_0_3035.jpeg,defect,train
train/def_front/cast_def_0_3036.jpeg,defect,train
train/def_front/cast_def_0_3037.jpeg,defect,train
train/def_front/cast_def_0_3039.jpeg,defect,train
train/def_front/cast_def_0_304.jpeg,defect,train
train/def_front/cast_def_0_3041.jpeg,defect,train
train/def_front/cast_def_0_3045.jpeg,defect,train
train/def_front/cast_def_0_3046.jpeg,defect,train
train/def_front/cast_def_0_3047.jpeg,defect,train
train/def_front/cast_def_0_3048.jpeg,defect,train
train/def_front/cast_def_0_3050.jpeg,defect,train
train/def_front/cast_def_0_3052.jpeg,defect,train
train/def_front/cast_def_0_3055.jpeg,defect,train
train/def_front/cast_def_0_3056.jpeg,defect,train
train/def_front/cast_def_0_3059.jpeg,defect,train
train/def_front/cast_def_0_3067.jpeg,defect,train
train/def_front/cast_def_0_3068.jpeg,defect,train
train/def_front/cast_def_0_3073.jpeg,defect,train
train/def_front/cast_def_0_3074.jpeg,defect,train
train/def_front/cast_def_0_3075.jpeg,defect,train
train/def_front/cast_def_0_3076.jpeg,defect,train
train/def_front/cast_def_0_308.jpeg,defect,train
train/def_front/cast_def_0_3080.jpeg,defect,train
train/def_front/cast_def_0_3082.jpeg,defect,train
train/def_front/cast_def_0_3084.jpeg,defect,train
train/def_front/cast_def_0_3087.jpeg,defect,train
train/def_front/cast_def_0_3092.jpeg,defect,train
train/def_front/cast_def_0_3097.jpeg,defect,train
train/def_front/cast_def_0_31.jpeg,defect,train
train/def_front/cast_def_0_310.jpeg,defect,train
train/def_front/cast_def_0_3104.jpeg,defect,train
train/def_front/cast_def_0_3107.jpeg,defect,train
train/def_front/cast_def_0_3108.jpeg,defect,train
train/def_front/cast_def_0_3113.jpeg,defect,train
train/def_front/cast_def_0_3115.jpeg,defect,train
train/def_front/cast_def_0_3117.jpeg,defect,train
train/def_front/cast_def_0_3122.jpeg,defect,train
train/def_front/cast_def_0_313.jpeg,defect,train
train/def_front/cast_def_0_3130.jpeg,defect,train
train/def_front/cast_def_0_3131.jpeg,defect,train
train/def_front/cast_def_0_3133.jpeg,defect,train
train/def_front/cast_def_0_3135.jpeg,defect,train
train/def_front/cast_def_0_3137.jpeg,defect,train
train/def_front/cast_def_0_3139.jpeg,defect,train
train/def_front/cast_def_0_314.jpeg,defect,train
train/def_front/cast_def_0_3142.jpeg,defect,train
train/def_front/cast_def_0_3143.jpeg,defect,train
train/def_front/cast_def_0_3145.jpeg,defect,train
train/def_front/cast_def_0_3149.jpeg,defect,train
train/def_front/cast_def_0_315.jpeg,defect,train
train/def_front/cast_def_0_3152.jpeg,defect,train
train/def_front/cast_def_0_3153.jpeg,defect,train
train/def_front/cast_def_0_3155.jpeg,defect,train
train/def_front/cast_def_0_3157.jpeg,defect,train
train/def_front/cast_def_0_3161.jpeg,defect,train
train/def_front/cast_def_0_3167.jpeg,defect,train
train/def_front/cast_def_0_3169.jpeg,defect,train
train/def_front/cast_def_0_317.jpeg,defect,train
train/def_front/cast_def_0_3171.jpeg,defect,train
train/def_front/cast_def_0_3173.jpeg,defect,train
train/def_front/cast_def_0_3177.jpeg,defect,train
train/def_front/cast_def_0_3180.jpeg,defect,train
train/def_front/cast_def_0_3182.jpeg,defect,train
train/def_front/cast_def_0_3187.jpeg,defect,train
train/def_front/cast_def_0_3188.jpeg,defect,train
train/def_front/cast_def_0_319.jpeg,defect,train
train/def_front/cast_def_0_3190.jpeg,defect,train
train/def_front/cast_def_0_3192.jpeg,defect,train
train/def_front/cast_def_0_3196.jpeg,defect,train
train/def_front/cast_def_0_3197.jpeg,defect,train
train/def_front/cast_def_0_320.jpeg,defect,train
train/def_front/cast_def_0_3201.jpeg,defect,train
train/def_front/cast_def_0_3202.jpeg,defect,train
train/def_front/cast_def_0_3208.jpeg,defect,train
train/def_front/cast_def_0_3211.jpeg,defect,train
train/def_front/cast_def_0_3218.jpeg,defect,train
train/def_front/cast_def_0_3219.jpeg,defect,train
train/def_front/cast_def_0_3227.jpeg,defect,train
train/def_front/cast_def_0_3228.jpeg,defect,train
train/def_front/cast_def_0_323.jpeg,defect,train
train/def_front/cast_def_0_3233.jpeg,defect,train
train/def_front/cast_def_0_3236.jpeg,defect,train
train/def_front/cast_def_0_3238.jpeg,defect,train
train/def_front/cast_def_0_324.jpeg,defect,train
train/def_front/cast_def_0_3245.jpeg,defect,train
train/def_front/cast_def_0_3250.jpeg,defect,train
train/def_front/cast_def_0_3254.jpeg,defect,train
train/def_front/cast_def_0_3257.jpeg,defect,train
train/def_front/cast_def_0_3261.jpeg,defect,train
train/def_front/cast_def_0_3262.jpeg,defect,train
train/def_front/cast_def_0_327.jpeg,defect,train
train/def_front/cast_def_0_3272.jpeg,defect,train
train/def_front/cast_def_0_3276.jpeg,defect,train
train/def_front/cast_def_0_3280.jpeg,defect,train
train/def_front/cast_def_0_3287.jpeg,defect,train
train/def_front/cast_def_0_3288.jpeg,defect,train
train/def_front/cast_def_0_3289.jpeg,defect,train
train/def_front/cast_def_0_3290.jpeg,defect,train
train/def_front/cast_def_0_3292.jpeg,defect,train
train/def_front/cast_def_0_3295.jpeg,defect,train
train/def_front/cast_def_0_3297.jpeg,defect,train
train/def_front/cast_def_0_3299.jpeg,defect,train
train/def_front/cast_def_0_3303.jpeg,defect,train
train/def_front/cast_def_0_3308.jpeg,defect,train
train/def_front/cast_def_0_331.jpeg,defect,train
train/def_front/cast_def_0_3310.jpeg,defect,train
train/def_front/cast_def_0_3314.jpeg,defect,train
train/def_front/cast_def_0_3317.jpeg,defect,train
train/def_front/cast_def_0_3320.jpeg,defect,train
train/def_front/cast_def_0_3327.jpeg,defect,train
train/def_front/cast_def_0_3328.jpeg,defect,train
train/def_front/cast_def_0_3329.jpeg,defect,train
train/def_front/cast_def_0_333.jpeg,defect,train
train/def_front/cast_def_0_3333.jpeg,defect,train
train/def_front/cast_def_0_3334.jpeg,defect,train
train/def_front/cast_def_0_3338.jpeg,defect,train
train/def_front/cast_def_0_3341.jpeg,defect,train
train/def_front/cast_def_0_3345.jpeg,defect,train
train/def_front/cast_def_0_335.jpeg,defect,train
train/def_front/cast_def_0_3351.jpeg,defect,train
train/def_front/cast_def_0_3353.jpeg,defect,train
train/def_front/cast_def_0_3355.jpeg,defect,train
train/def_front/cast_def_0_3363.jpeg,defect,train
train/def_front/cast_def_0_3365.jpeg,defect,train
train/def_front/cast_def_0_3367.jpeg,defect,train
train/def_front/cast_def_0_3369.jpeg,defect,train
train/def_front/cast_def_0_337.jpeg,defect,train
train/def_front/cast_def_0_3373.jpeg,defect,train
train/def_front/cast_def_0_3376.jpeg,defect,train
train/def_front/cast_def_0_3384.jpeg,defect,train
train/def_front/cast_def_0_3388.jpeg,defect,train
train/def_front/cast_def_0_339.jpeg,defect,train
train/def_front/cast_def_0_3392.jpeg,defect,train
train/def_front/cast_def_0_3398.jpeg,defect,train
train/def_front/cast_def_0_3403.jpeg,defect,train
train/def_front/cast_def_0_3404.jpeg,defect,train
train/def_front/cast_def_0_3405.jpeg,defect,train
train/def_front/cast_def_0_3408.jpeg,defect,train
train/def_front/cast_def_0_3413.jpeg,defect,train
train/def_front/cast_def_0_3414.jpeg,defect,train
train/def_front/cast_def_0_3426.jpeg,defect,train
train/def_front/cast_def_0_3429.jpeg,defect,train
train/def_front/cast_def_0_3430.jpeg,defect,train
train/def_front/cast_def_0_3431.jpeg,defect,train
train/def_front/cast_def_0_3432.jpeg,defect,train
train/def_front/cast_def_0_3433.jpeg,defect,train
train/def_front/cast_def_0_3437.jpeg,defect,train
train/def_front/cast_def_0_3445.jpeg,defect,train
train/def_front/cast_def_0_3447.jpeg,defect,train
train/def_front/cast_def_0_3450.jpeg,defect,train
train/def_front/cast_def_0_3451.jpeg,defect,train
train/def_front/cast_def_0_3457.jpeg,defect,train
train/def_front/cast_def_0_3460.jpeg,defect,train
train/def_front/cast_def_0_3461.jpeg,defect,train
train/def_front/cast_def_0_347.jpeg,defect,train
train/def_front/cast_def_0_3474.jpeg,defect,train
train/def_front/cast_def_0_3478.jpeg,defect,train
train/def_front/cast_def_0_3480.jpeg,defect,train
train/def_front/cast_def_0_3482.jpeg,defect,train
train/def_front/cast_def_0_3485.jpeg,defect,train
train/def_front/cast_def_0_3486.jpeg,defect,train
train/def_front/cast_def_0_3487.jpeg,defect,train
train/def_front/cast_def_0_3488.jpeg,defect,train
train/def_front/cast_def_0_3489.jpeg,defect,train
train/def_front/cast_def_0_3492.jpeg,defect,train
train/def_front/cast_def_0_3495.jpeg,defect,train
train/def_front/cast_def_0_350.jpeg,defect,train
train/def_front/cast_def_0_3514.jpeg,defect,train
train/def_front/cast_def_0_3515.jpeg,defect,train
train/def_front/cast_def_0_3518.jpeg,defect,train
train/def_front/cast_def_0_3520.jpeg,defect,train
train/def_front/cast_def_0_3534.jpeg,defect,train
train/def_front/cast_def_0_354.jpeg,defect,train
train/def_front/cast_def_0_3541.jpeg,defect,train
train/def_front/cast_def_0_3542.jpeg,defect,train
train/def_front/cast_def_0_3543.jpeg,defect,train
train/def_front/cast_def_0_3544.jpeg,defect,train
train/def_front/cast_def_0_3545.jpeg,defect,train
train/def_front/cast_def_0_355.jpeg,defect,train
train/def_front/cast_def_0_3550.jpeg,defect,train
train/def_front/cast_def_0_3553.jpeg,defect,train
train/def_front/cast_def_0_3554.jpeg,defect,train
train/def_front/cast_def_0_3558.jpeg,defect,train
train/def_front/cast_def_0_3563.jpeg,defect,train
train/def_front/cast_def_0_3566.jpeg,defect,train
train/def_front/cast_def_0_3568.jpeg,defect,train
train/def_front/cast_def_0_357.jpeg,defect,train
train/def_front/cast_def_0_3571.jpeg,defect,train
train/def_front/cast_def_0_3572.jpeg,defect,train
train/def_front/cast_def_0_3582.jpeg,defect,train
train/def_front/cast_def_0_3583.jpeg,defect,train
train/def_front/cast_def_0_3586.jpeg,defect,train
train/def_front/cast_def_0_3587.jpeg,defect,train
train/def_front/cast_def_0_359.jpeg,defect,train
train/def_front/cast_def_0_3598.jpeg,defect,train
train/def_front/cast_def_0_360.jpeg,defect,train
train/def_front/cast_def_0_3601.jpeg,defect,train
train/def_front/cast_def_0_3605.jpeg,defect,train
train/def_front/cast_def_0_3607.jpeg,defect,train
train/def_front/cast_def_0_3609.jpeg,defect,train
train/def_front/cast_def_0_3610.jpeg,defect,train
train/def_front/cast_def_0_3611.jpeg,defect,train
train/def_front/cast_def_0_3617.jpeg,defect,train
train/def_front/cast_def_0_3619.jpeg,defect,train
train/def_front/cast_def_0_3620.jpeg,defect,train
train/def_front/cast_def_0_3622.jpeg,defect,train
train/def_front/cast_def_0_3625.jpeg,defect,train
train/def_front/cast_def_0_3628.jpeg,defect,train
train/def_front/cast_def_0_363.jpeg,defect,train
train/def_front/cast_def_0_3631.jpeg,defect,train
train/def_front/cast_def_0_3644.jpeg,defect,train
train/def_front/cast_def_0_3647.jpeg,defect,train
train/def_front/cast_def_0_3648.jpeg,defect,train
train/def_front/cast_def_0_3650.jpeg,defect,train
train/def_front/cast_def_0_3653.jpeg,defect,train
train/def_front/cast_def_0_3654.jpeg,defect,train
train/def_front/cast_def_0_3655.jpeg,defect,train
train/def_front/cast_def_0_3659.jpeg,defect,train
train/def_front/cast_def_0_3661.jpeg,defect,train
train/def_front/cast_def_0_3663.jpeg,defect,train
train/def_front/cast_def_0_3666.jpeg,defect,train
train/def_front/cast_def_0_3667.jpeg,defect,train
train/def_front/cast_def_0_3671.jpeg,defect,train
train/def_front/cast_def_0_3673.jpeg,defect,train
train/def_front/cast_def_0_3676.jpeg,defect,train
train/def_front/cast_def_0_3679.jpeg,defect,train
train/def_front/cast_def_0_3684.jpeg,defect,train
train/def_front/cast_def_0_3688.jpeg,defect,train
train/def_front/cast_def_0_3690.jpeg,defect,train
train/def_front/cast_def_0_3692.jpeg,defect,train
train/def_front/cast_def_0_3694.jpeg,defect,train
train/def_front/cast_def_0_3695.jpeg,defect,train
train/def_front/cast_def_0_3696.jpeg,defect,train
train/def_front/cast_def_0_3698.jpeg,defect,train
train/def_front/cast_def_0_3701.jpeg,defect,train
train/def_front/cast_def_0_3703.jpeg,defect,train
train/def_front/cast_def_0_3704.jpeg,defect,train
train/def_front/cast_def_0_3707.jpeg,defect,train
train/def_front/cast_def_0_3709.jpeg,defect,train
train/def_front/cast_def_0_3716.jpeg,defect,train
train/def_front/cast_def_0_3718.jpeg,defect,train
train/def_front/cast_def_0_372.jpeg,defect,train
train/def_front/cast_def_0_3723.jpeg,defect,train
train/def_front/cast_def_0_3725.jpeg,defect,train
train/def_front/cast_def_0_3727.jpeg,defect,train
train/def_front/cast_def_0_3728.jpeg,defect,train
train/def_front/cast_def_0_3729.jpeg,defect,train
train/def_front/cast_def_0_3734.jpeg,defect,train
train/def_front/cast_def_0_3737.jpeg,defect,train
train/def_front/cast_def_0_3739.jpeg,defect,train
train/def_front/cast_def_0_374.jpeg,defect,train
train/def_front/cast_def_0_3743.jpeg,defect,train
train/def_front/cast_def_0_3744.jpeg,defect,train
train/def_front/cast_def_0_3746.jpeg,defect,train
train/def_front/cast_def_0_3747.jpeg,defect,train
train/def_front/cast_def_0_3753.jpeg,defect,train
train/def_front/cast_def_0_3754.jpeg,defect,train
train/def_front/cast_def_0_3760.jpeg,defect,train
train/def_front/cast_def_0_3764.jpeg,defect,train
train/def_front/cast_def_0_3765.jpeg,defect,train
train/def_front/cast_def_0_3766.jpeg,defect,train
train/def_front/cast_def_0_3769.jpeg,defect,train
train/def_front/cast_def_0_377.jpeg,defect,train
train/def_front/cast_def_0_3770.jpeg,defect,train
train/def_front/cast_def_0_3771.jpeg,defect,train
train/def_front/cast_def_0_3772.jpeg,defect,train
train/def_front/cast_def_0_3773.jpeg,defect,train
train/def_front/cast_def_0_3777.jpeg,defect,train
train/def_front/cast_def_0_3778.jpeg,defect,train
train/def_front/cast_def_0_378.jpeg,defect,train
train/def_front/cast_def_0_3784.jpeg,defect,train
train/def_front/cast_def_0_3785.jpeg,defect,train
train/def_front/cast_def_0_379.jpeg,defect,train
train/def_front/cast_def_0_3792.jpeg,defect,train
train/def_front/cast_def_0_3793.jpeg,defect,train
train/def_front/cast_def_0_3797.jpeg,defect,train
train/def_front/cast_def_0_3798.jpeg,defect,train
train/def_front/cast_def_0_3799.jpeg,defect,train
train/def_front/cast_def_0_380.jpeg,defect,train
train/def_front/cast_def_0_3801.jpeg,defect,train
train/def_front/cast_def_0_3802.jpeg,defect,train
train/def_front/cast_def_0_3803.jpeg,defect,train
train/def_front/cast_def_0_3805.jpeg,defect,train
train/def_front/cast_def_0_3806.jpeg,defect,train
train/def_front/cast_def_0_3810.jpeg,defect,train
train/def_front/cast_def_0_3811.jpeg,defect,train
train/def_front/cast_def_0_3821.jpeg,defect,train
train/def_front/cast_def_0_3823.jpeg,defect,train
train/def_front/cast_def_0_3828.jpeg,defect,train
train/def_front/cast_def_0_3829.jpeg,defect,train
train/def_front/cast_def_0_3834.jpeg,defect,train
train/def_front/cast_def_0_3836.jpeg,defect,train
train/def_front/cast_def_0_3837.jpeg,defect,train
train/def_front/cast_def_0_3838.jpeg,defect,train
train/def_front/cast_def_0_3841.jpeg,defect,train
train/def_front/cast_def_0_3845.jpeg,defect,train
train/def_front/cast_def_0_3853.jpeg,defect,train
train/def_front/cast_def_0_3857.jpeg,defect,train
train/def_front/cast_def_0_3865.jpeg,defect,train
train/def_front/cast_def_0_3866.jpeg,defect,train
train/def_front/cast_def_0_3868.jpeg,defect,train
train/def_front/cast_def_0_3869.jpeg,defect,train
train/def_front/cast_def_0_3872.jpeg,defect,train
train/def_front/cast_def_0_3874.jpeg,defect,train
train/def_front/cast_def_0_3876.jpeg,defect,train
train/def_front/cast_def_0_3879.jpeg,defect,train
train/def_front/cast_def_0_3880.jpeg,defect,train
train/def_front/cast_def_0_3883.jpeg,defect,train
train/def_front/cast_def_0_3889.jpeg,defect,train
train/def_front/cast_def_0_3893.jpeg,defect,train
train/def_front/cast_def_0_3895.jpeg,defect,train
train/def_front/cast_def_0_3896.jpeg,defect,train
train/def_front/cast_def_0_3897.jpeg,defect,train
train/def_front/cast_def_0_3899.jpeg,defect,train
train/def_front/cast_def_0_3901.jpeg,defect,train
train/def_front/cast_def_0_3910.jpeg,defect,train
train/def_front/cast_def_0_3911.jpeg,defect,train
train/def_front/cast_def_0_3912.jpeg,defect,train
train/def_front/cast_def_0_3913.jpeg,defect,train
train/def_front/cast_def_0_3914.jpeg,defect,train
train/def_front/cast_def_0_3915.jpeg,defect,train
train/def_front/cast_def_0_3922.jpeg,defect,train
train/def_front/cast_def_0_3924.jpeg,defect,train
train/def_front/cast_def_0_3927.jpeg,defect,train
train/def_front/cast_def_0_3929.jpeg,defect,train
train/def_front/cast_def_0_3937.jpeg,defect,train
train/def_front/cast_def_0_3940.jpeg,defect,train
train/def_front/cast_def_0_3952.jpeg,defect,train
train/def_front/cast_def_0_3956.jpeg,defect,train
train/def_front/cast_def_0_396.jpeg,defect,train
train/def_front/cast_def_0_3960.jpeg,defect,train
train/def_front/cast_def_0_3961.jpeg,defect,train
train/def_front/cast_def_0_3966.jpeg,defect,train
train/def_front/cast_def_0_3969.jpeg,defect,train
train/def_front/cast_def_0_3970.jpeg,defect,train
train/def_front/cast_def_0_3971.jpeg,defect,train
train/def_front/cast_def_0_3972.jpeg,defect,train
train/def_front/cast_def_0_3973.jpeg,defect,train
train/def_front/cast_def_0_3974.jpeg,defect,train
train/def_front/cast_def_0_3975.jpeg,defect,train
train/def_front/cast_def_0_3976.jpeg,defect,train
train/def_front/cast_def_0_3980.jpeg,defect,train
train/def_front/cast_def_0_3985.jpeg,defect,train
train/def_front/cast_def_0_3986.jpeg,defect,train
train/def_front/cast_def_0_399.jpeg,defect,train
train/def_front/cast_def_0_3993.jpeg,defect,train
train/def_front/cast_def_0_3994.jpeg,defect,train
train/def_front/cast_def_0_3997.jpeg,defect,train
train/def_front/cast_def_0_3998.jpeg,defect,train
train/def_front/cast_def_0_40.jpeg,defect,train
train/def_front/cast_def_0_401.jpeg,defect,train
train/def_front/cast_def_0_4014.jpeg,defect,train
train/def_front/cast_def_0_4016.jpeg,defect,train
train/def_front/cast_def_0_4018.jpeg,defect,train
train/def_front/cast_def_0_4019.jpeg,defect,train
train/def_front/cast_def_0_402.jpeg,defect,train
train/def_front/cast_def_0_4023.jpeg,defect,train
train/def_front/cast_def_0_4025.jpeg,defect,train
train/def_front/cast_def_0_4034.jpeg,defect,train
train/def_front/cast_def_0_4035.jpeg,defect,train
train/def_front/cast_def_0_4039.jpeg,defect,train
train/def_front/cast_def_0_404.jpeg,defect,train
train/def_front/cast_def_0_4041.jpeg,defect,train
train/def_front/cast_def_0_4044.jpeg,defect,train
train/def_front/cast_def_0_4045.jpeg,defect,train
train/def_front/cast_def_0_4046.jpeg,defect,train
train/def_front/cast_def_0_4049.jpeg,defect,train
train/def_front/cast_def_0_4059.jpeg,defect,train
train/def_front/cast_def_0_4060.jpeg,defect,train
train/def_front/cast_def_0_4061.jpeg,defect,train
train/def_front/cast_def_0_4064.jpeg,defect,train
train/def_front/cast_def_0_4066.jpeg,defect,train
train/def_front/cast_def_0_4072.jpeg,defect,train
train/def_front/cast_def_0_4073.jpeg,defect,train
train/def_front/cast_def_0_4080.jpeg,defect,train
train/def_front/cast_def_0_4083.jpeg,defect,train
train/def_front/cast_def_0_4084.jpeg,defect,train
train/def_front/cast_def_0_4087.jpeg,defect,train
train/def_front/cast_def_0_409.jpeg,defect,train
train/def_front/cast_def_0_4092.jpeg,defect,train
train/def_front/cast_def_0_4096.jpeg,defect,train
train/def_front/cast_def_0_4097.jpeg,defect,train
train/def_front/cast_def_0_41.jpeg,defect,train
train/def_front/cast_def_0_4102.jpeg,defect,train
train/def_front/cast_def_0_4103.jpeg,defect,train
train/def_front/cast_def_0_4104.jpeg,defect,train
train/def_front/cast_def_0_4108.jpeg,defect,train
train/def_front/cast_def_0_4110.jpeg,defect,train
train/def_front/cast_def_0_4112.jpeg,defect,train
train/def_front/cast_def_0_4117.jpeg,defect,train
train/def_front/cast_def_0_4121.jpeg,defect,train
train/def_front/cast_def_0_4123.jpeg,defect,train
train/def_front/cast_def_0_4125.jpeg,defect,train
train/def_front/cast_def_0_4127.jpeg,defect,train
train/def_front/cast_def_0_4128.jpeg,defect,train
train/def_front/cast_def_0_4129.jpeg,defect,train
train/def_front/cast_def_0_4134.jpeg,defect,train
train/def_front/cast_def_0_4135.jpeg,defect,train
train/def_front/cast_def_0_4136.jpeg,defect,train
train/def_front/cast_def_0_4139.jpeg,defect,train
train/def_front/cast_def_0_4141.jpeg,defect,train
train/def_front/cast_def_0_4143.jpeg,defect,train
train/def_front/cast_def_0_4144.jpeg,defect,train
train/def_front/cast_def_0_4148.jpeg,defect,train
train/def_front/cast_def_0_4149.jpeg,defect,train
train/def_front/cast_def_0_415.jpeg,defect,train
train/def_front/cast_def_0_4159.jpeg,defect,train
train/def_front/cast_def_0_4162.jpeg,defect,train
train/def_front/cast_def_0_4165.jpeg,defect,train
train/def_front/cast_def_0_4166.jpeg,defect,train
train/def_front/cast_def_0_417.jpeg,defect,train
train/def_front/cast_def_0_4171.jpeg,defect,train
train/def_front/cast_def_0_4172.jpeg,defect,train
train/def_front/cast_def_0_4178.jpeg,defect,train
train/def_front/cast_def_0_4181.jpeg,defect,train
train/def_front/cast_def_0_4183.jpeg,defect,train
train/def_front/cast_def_0_4187.jpeg,defect,train
train/def_front/cast_def_0_4194.jpeg,defect,train
train/def_front/cast_def_0_4195.jpeg,defect,train
train/def_front/cast_def_0_4197.jpeg,defect,train
train/def_front/cast_def_0_4200.jpeg,defect,train
train/def_front/cast_def_0_4204.jpeg,defect,train
train/def_front/cast_def_0_4209.jpeg,defect,train
train/def_front/cast_def_0_421.jpeg,defect,train
train/def_front/cast_def_0_4217.jpeg,defect,train
train/def_front/cast_def_0_4218.jpeg,defect,train
train/def_front/cast_def_0_4220.jpeg,defect,train
train/def_front/cast_def_0_4225.jpeg,defect,train
train/def_front/cast_def_0_4227.jpeg,defect,train
train/def_front/cast_def_0_4229.jpeg,defect,train
train/def_front/cast_def_0_423.jpeg,defect,train
train/def_front/cast_def_0_4230.jpeg,defect,train
train/def_front/cast_def_0_4231.jpeg,defect,train
train/def_front/cast_def_0_4232.jpeg,defect,train
train/def_front/cast_def_0_4237.jpeg,defect,train
train/def_front/cast_def_0_4238.jpeg,defect,train
train/def_front/cast_def_0_4240.jpeg,defect,train
train/def_front/cast_def_0_4241.jpeg,defect,train
train/def_front/cast_def_0_4246.jpeg,defect,train
train/def_front/cast_def_0_425.jpeg,defect,train
train/def_front/cast_def_0_426.jpeg,defect,train
train/def_front/cast_def_0_4260.jpeg,defect,train
train/def_front/cast_def_0_4262.jpeg,defect,train
train/def_front/cast_def_0_4266.jpeg,defect,train
train/def_front/cast_def_0_4275.jpeg,defect,train
train/def_front/cast_def_0_4278.jpeg,defect,train
train/def_front/cast_def_0_4282.jpeg,defect,train
train/def_front/cast_def_0_4284.jpeg,defect,train
train/def_front/cast_def_0_4288.jpeg,defect,train
train/def_front/cast_def_0_4289.jpeg,defect,train
train/def_front/cast_def_0_4297.jpeg,defect,train
train/def_front/cast_def_0_43.jpeg,defect,train
train/def_front/cast_def_0_430.jpeg,defect,train
train/def_front/cast_def_0_4303.jpeg,defect,train
train/def_front/cast_def_0_4304.jpeg,defect,train
train/def_front/cast_def_0_4306.jpeg,defect,train
train/def_front/cast_def_0_4307.jpeg,defect,train
train/def_front/cast_def_0_431.jpeg,defect,train
train/def_front/cast_def_0_4311.jpeg,defect,train
train/def_front/cast_def_0_4313.jpeg,defect,train
train/def_front/cast_def_0_4321.jpeg,defect,train
train/def_front/cast_def_0_4322.jpeg,defect,train
train/def_front/cast_def_0_4323.jpeg,defect,train
train/def_front/cast_def_0_4324.jpeg,defect,train
train/def_front/cast_def_0_4325.jpeg,defect,train
train/def_front/cast_def_0_4326.jpeg,defect,train
train/def_front/cast_def_0_4327.jpeg,defect,train
train/def_front/cast_def_0_4328.jpeg,defect,train
train/def_front/cast_def_0_4333.jpeg,defect,train
train/def_front/cast_def_0_4334.jpeg,defect,train
train/def_front/cast_def_0_4337.jpeg,defect,train
train/def_front/cast_def_0_4338.jpeg,defect,train
train/def_front/cast_def_0_4346.jpeg,defect,train
train/def_front/cast_def_0_4349.jpeg,defect,train
train/def_front/cast_def_0_4357.jpeg,defect,train
train/def_front/cast_def_0_4361.jpeg,defect,train
train/def_front/cast_def_0_4362.jpeg,defect,train
train/def_front/cast_def_0_4365.jpeg,defect,train
train/def_front/cast_def_0_4366.jpeg,defect,train
train/def_front/cast_def_0_4367.jpeg,defect,train
train/def_front/cast_def_0_4370.jpeg,defect,train
train/def_front/cast_def_0_4374.jpeg,defect,train
train/def_front/cast_def_0_4375.jpeg,defect,train
train/def_front/cast_def_0_4379.jpeg,defect,train
train/def_front/cast_def_0_4385.jpeg,defect,train
train/def_front/cast_def_0_4386.jpeg,defect,train
train/def_front/cast_def_0_4387.jpeg,defect,train
train/def_front/cast_def_0_4394.jpeg,defect,train
train/def_front/cast_def_0_4405.jpeg,defect,train
train/def_front/cast_def_0_4406.jpeg,defect,train
train/def_front/cast_def_0_4412.jpeg,defect,train
train/def_front/cast_def_0_4413.jpeg,defect,train
train/def_front/cast_def_0_4415.jpeg,defect,train
train/def_front/cast_def_0_4420.jpeg,defect,train
train/def_front/cast_def_0_4422.jpeg,defect,train
train/def_front/cast_def_0_4428.jpeg,defect,train
train/def_front/cast_def_0_4429.jpeg,defect,train
train/def_front/cast_def_0_443.jpeg,defect,train
train/def_front/cast_def_0_4430.jpeg,defect,train
train/def_front/cast_def_0_4434.jpeg,defect,train
train/def_front/cast_def_0_4435.jpeg,defect,train
train/def_front/cast_def_0_4437.jpeg,defect,train
train/def_front/cast_def_0_4438.jpeg,defect,train
train/def_front/cast_def_0_4445.jpeg,defect,train
train/def_front/cast_def_0_4448.jpeg,defect,train
train/def_front/cast_def_0_4452.jpeg,defect,train
train/def_front/cast_def_0_4453.jpeg,defect,train
train/def_front/cast_def_0_4456.jpeg,defect,train
train/def_front/cast_def_0_4457.jpeg,defect,train
train/def_front/cast_def_0_4458.jpeg,defect,train
train/def_front/cast_def_0_4459.jpeg,defect,train
train/def_front/cast_def_0_4463.jpeg,defect,train
train/def_front/cast_def_0_4464.jpeg,defect,train
train/def_front/cast_def_0_4467.jpeg,defect,train
train/def_front/cast_def_0_447.jpeg,defect,train
train/def_front/cast_def_0_4473.jpeg,defect,train
train/def_front/cast_def_0_4476.jpeg,defect,train
train/def_front/cast_def_0_4480.jpeg,defect,train
train/def_front/cast_def_0_4482.jpeg,defect,train
train/def_front/cast_def_0_4484.jpeg,defect,train
train/def_front/cast_def_0_4486.jpeg,defect,train
train/def_front/cast_def_0_4489.jpeg,defect,train
train/def_front/cast_def_0_4490.jpeg,defect,train
train/def_front/cast_def_0_4493.jpeg,defect,train
train/def_front/cast_def_0_4494.jpeg,defect,train
train/def_front/cast_def_0_4496.jpeg,defect,train
train/def_front/cast_def_0_4499.jpeg,defect,train
train/def_front/cast_def_0_450.jpeg,defect,train
train/def_front/cast_def_0_4503.jpeg,defect,train
train/def_front/cast_def_0_4505.jpeg,defect,train
train/def_front/cast_def_0_4506.jpeg,defect,train
train/def_front/cast_def_0_4507.jpeg,defect,train
train/def_front/cast_def_0_4509.jpeg,defect,train
train/def_front/cast_def_0_451.jpeg,defect,train
train/def_front/cast_def_0_4511.jpeg,defect,train
train/def_front/cast_def_0_4515.jpeg,defect,train
train/def_front/cast_def_0_452.jpeg,defect,train
train/def_front/cast_def_0_4521.jpeg,defect,train
train/def_front/cast_def_0_4523.jpeg,defect,train
train/def_front/cast_def_0_4526.jpeg,defect,train
train/def_front/cast_def_0_4533.jpeg,defect,train
train/def_front/cast_def_0_4537.jpeg,defect,train
train/def_front/cast_def_0_4540.jpeg,defect,train
train/def_front/cast_def_0_4544.jpeg,defect,train
train/def_front/cast_def_0_4548.jpeg,defect,train
train/def_front/cast_def_0_4551.jpeg,defect,train
train/def_front/cast_def_0_4552.jpeg,defect,train
train/def_front/cast_def_0_4554.jpeg,defect,train
train/def_front/cast_def_0_4574.jpeg,defect,train
train/def_front/cast_def_0_4577.jpeg,defect,train
train/def_front/cast_def_0_4579.jpeg,defect,train
train/def_front/cast_def_0_4585.jpeg,defect,train
train/def_front/cast_def_0_4586.jpeg,defect,train
train/def_front/cast_def_0_4588.jpeg,defect,train
train/def_front/cast_def_0_4592.jpeg,defect,train
train/def_front/cast_def_0_4594.jpeg,defect,train
train/def_front/cast_def_0_4595.jpeg,defect,train
train/def_front/cast_def_0_4597.jpeg,defect,train
train/def_front/cast_def_0_4598.jpeg,defect,train
train/def_front/cast_def_0_4600.jpeg,defect,train
train/def_front/cast_def_0_4606.jpeg,defect,train
train/def_front/cast_def_0_4607.jpeg,defect,train
train/def_front/cast_def_0_4609.jpeg,defect,train
train/def_front/cast_def_0_4610.jpeg,defect,train
train/def_front/cast_def_0_4615.jpeg,defect,train
train/def_front/cast_def_0_4616.jpeg,defect,train
train/def_front/cast_def_0_4617.jpeg,defect,train
train/def_front/cast_def_0_4619.jpeg,defect,train
train/def_front/cast_def_0_4620.jpeg,defect,train
train/def_front/cast_def_0_4622.jpeg,defect,train
train/def_front/cast_def_0_4625.jpeg,defect,train
train/def_front/cast_def_0_4626.jpeg,defect,train
train/def_front/cast_def_0_463.jpeg,defect,train
train/def_front/cast_def_0_4631.jpeg,defect,train
train/def_front/cast_def_0_4639.jpeg,defect,train
train/def_front/cast_def_0_4640.jpeg,defect,train
train/def_front/cast_def_0_4642.jpeg,defect,train
train/def_front/cast_def_0_4646.jpeg,defect,train
train/def_front/cast_def_0_4652.jpeg,defect,train
train/def_front/cast_def_0_4653.jpeg,defect,train
train/def_front/cast_def_0_4654.jpeg,defect,train
train/def_front/cast_def_0_4655.jpeg,defect,train
train/def_front/cast_def_0_4657.jpeg,defect,train
train/def_front/cast_def_0_4659.jpeg,defect,train
train/def_front/cast_def_0_4661.jpeg,defect,train
train/def_front/cast_def_0_4662.jpeg,defect,train
train/def_front/cast_def_0_4664.jpeg,defect,train
train/def_front/cast_def_0_4668.jpeg,defect,train
train/def_front/cast_def_0_4669.jpeg,defect,train
train/def_front/cast_def_0_4673.jpeg,defect,train
train/def_front/cast_def_0_4677.jpeg,defect,train
train/def_front/cast_def_0_4685.jpeg,defect,train
train/def_front/cast_def_0_4690.jpeg,defect,train
train/def_front/cast_def_0_4691.jpeg,defect,train
train/def_front/cast_def_0_470.jpeg,defect,train
train/def_front/cast_def_0_4703.jpeg,defect,train
train/def_front/cast_def_0_4704.jpeg,defect,train
train/def_front/cast_def_0_4706.jpeg,defect,train
train/def_front/cast_def_0_4707.jpeg,defect,train
train/def_front/cast_def_0_4708.jpeg,defect,train
train/def_front/cast_def_0_4709.jpeg,defect,train
train/def_front/cast_def_0_4712.jpeg,defect,train
train/def_front/cast_def_0_4718.jpeg,defect,train
train/def_front/cast_def_0_4719.jpeg,defect,train
train/def_front/cast_def_0_4721.jpeg,defect,train
train/def_front/cast_def_0_4727.jpeg,defect,train
train/def_front/cast_def_0_4729.jpeg,defect,train
train/def_front/cast_def_0_4736.jpeg,defect,train
train/def_front/cast_def_0_4740.jpeg,defect,train
train/def_front/cast_def_0_4742.jpeg,defect,train
train/def_front/cast_def_0_4743.jpeg,defect,train
train/def_front/cast_def_0_4744.jpeg,defect,train
train/def_front/cast_def_0_4746.jpeg,defect,train
train/def_front/cast_def_0_4747.jpeg,defect,train
train/def_front/cast_def_0_4748.jpeg,defect,train
train/def_front/cast_def_0_475.jpeg,defect,train
train/def_front/cast_def_0_4753.jpeg,defect,train
train/def_front/cast_def_0_4754.jpeg,defect,train
train/def_front/cast_def_0_4758.jpeg,defect,train
train/def_front/cast_def_0_4760.jpeg,defect,train
train/def_front/cast_def_0_4761.jpeg,defect,train
train/def_front/cast_def_0_4765.jpeg,defect,train
train/def_front/cast_def_0_4766.jpeg,defect,train
train/def_front/cast_def_0_4768.jpeg,defect,train
train/def_front/cast_def_0_4769.jpeg,defect,train
train/def_front/cast_def_0_4772.jpeg,defect,train
train/def_front/cast_def_0_4773.jpeg,defect,train
train/def_front/cast_def_0_4776.jpeg,defect,train
train/def_front/cast_def_0_4778.jpeg,defect,train
train/def_front/cast_def_0_4785.jpeg,defect,train
train/def_front/cast_def_0_4786.jpeg,defect,train
train/def_front/cast_def_0_4789.jpeg,defect,train
train/def_front/cast_def_0_4792.jpeg,defect,train
train/def_front/cast_def_0_4795.jpeg,defect,train
train/def_front/cast_def_0_4796.jpeg,defect,train
train/def_front/cast_def_0_4797.jpeg,defect,train
train/def_front/cast_def_0_4800.jpeg,defect,train
train/def_front/cast_def_0_4806.jpeg,defect,train
train/def_front/cast_def_0_4811.jpeg,defect,train
train/def_front/cast_def_0_4815.jpeg,defect,train
train/def_front/cast_def_0_4817.jpeg,defect,train
train/def_front/cast_def_0_4820.jpeg,defect,train
train/def_front/cast_def_0_4830.jpeg,defect,train
train/def_front/cast_def_0_4834.jpeg,defect,train
train/def_front/cast_def_0_4835.jpeg,defect,train
train/def_front/cast_def_0_4837.jpeg,defect,train
train/def_front/cast_def_0_4840.jpeg,defect,train
train/def_front/cast_def_0_4841.jpeg,defect,train
train/def_front/cast_def_0_4845.jpeg,defect,train
train/def_front/cast_def_0_4847.jpeg,defect,train
train/def_front/cast_def_0_4848.jpeg,defect,train
train/def_front/cast_def_0_4850.jpeg,defect,train
train/def_front/cast_def_0_4854.jpeg,defect,train
train/def_front/cast_def_0_4858.jpeg,defect,train
train/def_front/cast_def_0_4860.jpeg,defect,train
train/def_front/cast_def_0_4861.jpeg,defect,train
train/def_front/cast_def_0_4865.jpeg,defect,train
train/def_front/cast_def_0_4874.jpeg,defect,train
train/def_front/cast_def_0_4877.jpeg,defect,train
train/def_front/cast_def_0_4878.jpeg,defect,train
train/def_front/cast_def_0_4879.jpeg,defect,train
train/def_front/cast_def_0_4884.jpeg,defect,train
train/def_front/cast_def_0_4886.jpeg,defect,train
train/def_front/cast_def_0_4889.jpeg,defect,train
train/def_front/cast_def_0_4890.jpeg,defect,train
train/def_front/cast_def_0_4893.jpeg,defect,train
train/def_front/cast_def_0_4894.jpeg,defect,train
train/def_front/cast_def_0_4899.jpeg,defect,train
train/def_front/cast_def_0_4900.jpeg,defect,train
train/def_front/cast_def_0_4908.jpeg,defect,train
train/def_front/cast_def_0_4909.jpeg,defect,train
train/def_front/cast_def_0_4912.jpeg,defect,train
train/def_front/cast_def_0_4915.jpeg,defect,train
train/def_front/cast_def_0_4917.jpeg,defect,train
train/def_front/cast_def_0_4918.jpeg,defect,train
train/def_front/cast_def_0_4919.jpeg,defect,train
train/def_front/cast_def_0_4921.jpeg,defect,train
train/def_front/cast_def_0_4924.jpeg,defect,train
train/def_front/cast_def_0_4926.jpeg,defect,train
train/def_front/cast_def_0_4928.jpeg,defect,train
train/def_front/cast_def_0_4932.jpeg,defect,train
train/def_front/cast_def_0_4936.jpeg,defect,train
train/def_front/cast_def_0_4937.jpeg,defect,train
train/def_front/cast_def_0_4939.jpeg,defect,train
train/def_front/cast_def_0_4942.jpeg,defect,train
train/def_front/cast_def_0_4944.jpeg,defect,train
train/def_front/cast_def_0_4947.jpeg,defect,train
train/def_front/cast_def_0_4948.jpeg,defect,train
train/def_front/cast_def_0_4951.jpeg,defect,train
train/def_front/cast_def_0_4953.jpeg,defect,train
train/def_front/cast_def_0_4954.jpeg,defect,train
train/def_front/cast_def_0_4957.jpeg,defect,train
train/def_front/cast_def_0_496.jpeg,defect,train
train/def_front/cast_def_0_4962.jpeg,defect,train
train/def_front/cast_def_0_4964.jpeg,defect,train
train/def_front/cast_def_0_4968.jpeg,defect,train
train/def_front/cast_def_0_4973.jpeg,defect,train
train/def_front/cast_def_0_4974.jpeg,defect,train
train/def_front/cast_def_0_4978.jpeg,defect,train
train/def_front/cast_def_0_4985.jpeg,defect,train
train/def_front/cast_def_0_4989.jpeg,defect,train
train/def_front/cast_def_0_499.jpeg,defect,train
train/def_front/cast_def_0_4992.jpeg,defect,train
train/def_front/cast_def_0_4994.jpeg,defect,train
train/def_front/cast_def_0_50.jpeg,defect,train
train/def_front/cast_def_0_5003.jpeg,defect,train
train/def_front/cast_def_0_5004.jpeg,defect,train
train/def_front/cast_def_0_5006.jpeg,defect,train
train/def_front/cast_def_0_501.jpeg,defect,train
train/def_front/cast_def_0_5011.jpeg,defect,train
train/def_front/cast_def_0_5016.jpeg,defect,train
train/def_front/cast_def_0_5017.jpeg,defect,train
train/def_front/cast_def_0_5018.jpeg,defect,train
train/def_front/cast_def_0_5019.jpeg,defect,train
train/def_front/cast_def_0_5020.jpeg,defect,train
train/def_front/cast_def_0_5021.jpeg,defect,train
train/def_front/cast_def_0_5022.jpeg,defect,train
train/def_front/cast_def_0_5024.jpeg,defect,train
train/def_front/cast_def_0_5026.jpeg,defect,train
train/def_front/cast_def_0_5028.jpeg,defect,train
train/def_front/cast_def_0_503.jpeg,defect,train
train/def_front/cast_def_0_5031.jpeg,defect,train
train/def_front/cast_def_0_5032.jpeg,defect,train
train/def_front/cast_def_0_5039.jpeg,defect,train
train/def_front/cast_def_0_5040.jpeg,defect,train
train/def_front/cast_def_0_5041.jpeg,defect,train
train/def_front/cast_def_0_5042.jpeg,defect,train
train/def_front/cast_def_0_5044.jpeg,defect,train
train/def_front/cast_def_0_5049.jpeg,defect,train
train/def_front/cast_def_0_5055.jpeg,defect,train
train/def_front/cast_def_0_5059.jpeg,defect,train
train/def_front/cast_def_0_5062.jpeg,defect,train
train/def_front/cast_def_0_5065.jpeg,defect,train
train/def_front/cast_def_0_5070.jpeg,defect,train
train/def_front/cast_def_0_5071.jpeg,defect,train
train/def_front/cast_def_0_5074.jpeg,defect,train
train/def_front/cast_def_0_5080.jpeg,defect,train
train/def_front/cast_def_0_5081.jpeg,defect,train
train/def_front/cast_def_0_5084.jpeg,defect,train
train/def_front/cast_def_0_5089.jpeg,defect,train
train/def_front/cast_def_0_5090.jpeg,defect,train
train/def_front/cast_def_0_5094.jpeg,defect,train
train/def_front/cast_def_0_51.jpeg,defect,train
train/def_front/cast_def_0_5103.jpeg,defect,train
train/def_front/cast_def_0_5106.jpeg,defect,train
train/def_front/cast_def_0_5111.jpeg,defect,train
train/def_front/cast_def_0_5113.jpeg,defect,train
train/def_front/cast_def_0_5117.jpeg,defect,train
train/def_front/cast_def_0_5121.jpeg,defect,train
train/def_front/cast_def_0_5123.jpeg,defect,train
train/def_front/cast_def_0_5124.jpeg,defect,train
train/def_front/cast_def_0_5131.jpeg,defect,train
train/def_front/cast_def_0_5134.jpeg,defect,train
train/def_front/cast_def_0_5135.jpeg,defect,train
train/def_front/cast_def_0_5139.jpeg,defect,train
train/def_front/cast_def_0_5142.jpeg,defect,train
train/def_front/cast_def_0_5147.jpeg,defect,train
train/def_front/cast_def_0_5148.jpeg,defect,train
train/def_front/cast_def_0_5152.jpeg,defect,train
train/def_front/cast_def_0_5153.jpeg,defect,train
train/def_front/cast_def_0_5160.jpeg,defect,train
train/def_front/cast_def_0_5166.jpeg,defect,train
train/def_front/cast_def_0_5167.jpeg,defect,train
train/def_front/cast_def_0_5174.jpeg,defect,train
train/def_front/cast_def_0_5175.jpeg,defect,train
train/def_front/cast_def_0_5188.jpeg,defect,train
train/def_front/cast_def_0_5195.jpeg,defect,train
train/def_front/cast_def_0_5196.jpeg,defect,train
train/def_front/cast_def_0_5199.jpeg,defect,train
train/def_front/cast_def_0_520.jpeg,defect,train
train/def_front/cast_def_0_5201.jpeg,defect,train
train/def_front/cast_def_0_5203.jpeg,defect,train
train/def_front/cast_def_0_5207.jpeg,defect,train
train/def_front/cast_def_0_5210.jpeg,defect,train
train/def_front/cast_def_0_5212.jpeg,defect,train
train/def_front/cast_def_0_5218.jpeg,defect,train
train/def_front/cast_def_0_5219.jpeg,defect,train
train/def_front/cast_def_0_5220.jpeg,defect,train
train/def_front/cast_def_0_5221.jpeg,defect,train
train/def_front/cast_def_0_5224.jpeg,defect,train
train/def_front/cast_def_0_5225.jpeg,defect,train
train/def_front/cast_def_0_5231.jpeg,defect,train
train/def_front/cast_def_0_5232.jpeg,defect,train
train/def_front/cast_def_0_5233.jpeg,defect,train
train/def_front/cast_def_0_5234.jpeg,defect,train
train/def_front/cast_def_0_5239.jpeg,defect,train
train/def_front/cast_def_0_5240.jpeg,defect,train
train/def_front/cast_def_0_5242.jpeg,defect,train
train/def_front/cast_def_0_5244.jpeg,defect,train
train/def_front/cast_def_0_5245.jpeg,defect,train
train/def_front/cast_def_0_5248.jpeg,defect,train
train/def_front/cast_def_0_5251.jpeg,defect,train
train/def_front/cast_def_0_5255.jpeg,defect,train
train/def_front/cast_def_0_5257.jpeg,defect,train
train/def_front/cast_def_0_526.jpeg,defect,train
train/def_front/cast_def_0_5265.jpeg,defect,train
train/def_front/cast_def_0_527.jpeg,defect,train
train/def_front/cast_def_0_5270.jpeg,defect,train
train/def_front/cast_def_0_5272.jpeg,defect,train
train/def_front/cast_def_0_5274.jpeg,defect,train
train/def_front/cast_def_0_528.jpeg,defect,train
train/def_front/cast_def_0_5282.jpeg,defect,train
train/def_front/cast_def_0_5283.jpeg,defect,train
train/def_front/cast_def_0_5284.jpeg,defect,train
train/def_front/cast_def_0_5285.jpeg,defect,train
train/def_front/cast_def_0_5286.jpeg,defect,train
train/def_front/cast_def_0_5290.jpeg,defect,train
train/def_front/cast_def_0_5294.jpeg,defect,train
train/def_front/cast_def_0_53.jpeg,defect,train
train/def_front/cast_def_0_5302.jpeg,defect,train
train/def_front/cast_def_0_5303.jpeg,defect,train
train/def_front/cast_def_0_5304.jpeg,defect,train
train/def_front/cast_def_0_5305.jpeg,defect,train
train/def_front/cast_def_0_5307.jpeg,defect,train
train/def_front/cast_def_0_5308.jpeg,defect,train
train/def_front/cast_def_0_5309.jpeg,defect,train
train/def_front/cast_def_0_5310.jpeg,defect,train
train/def_front/cast_def_0_5311.jpeg,defect,train
train/def_front/cast_def_0_5315.jpeg,defect,train
train/def_front/cast_def_0_5318.jpeg,defect,train
train/def_front/cast_def_0_5319.jpeg,defect,train
train/def_front/cast_def_0_5321.jpeg,defect,train
train/def_front/cast_def_0_5323.jpeg,defect,train
train/def_front/cast_def_0_5325.jpeg,defect,train
train/def_front/cast_def_0_5328.jpeg,defect,train
train/def_front/cast_def_0_5331.jpeg,defect,train
train/def_front/cast_def_0_5332.jpeg,defect,train
train/def_front/cast_def_0_5333.jpeg,defect,train
train/def_front/cast_def_0_5335.jpeg,defect,train
train/def_front/cast_def_0_5337.jpeg,defect,train
train/def_front/cast_def_0_5341.jpeg,defect,train
train/def_front/cast_def_0_5342.jpeg,defect,train
train/def_front/cast_def_0_5348.jpeg,defect,train
train/def_front/cast_def_0_5350.jpeg,defect,train
train/def_front/cast_def_0_5352.jpeg,defect,train
train/def_front/cast_def_0_5354.jpeg,defect,train
train/def_front/cast_def_0_5358.jpeg,defect,train
train/def_front/cast_def_0_5360.jpeg,defect,train
train/def_front/cast_def_0_5362.jpeg,defect,train
train/def_front/cast_def_0_5363.jpeg,defect,train
train/def_front/cast_def_0_5364.jpeg,defect,train
train/def_front/cast_def_0_5365.jpeg,defect,train
train/def_front/cast_def_0_5369.jpeg,defect,train
train/def_front/cast_def_0_5371.jpeg,defect,train
train/def_front/cast_def_0_5378.jpeg,defect,train
train/def_front/cast_def_0_5380.jpeg,defect,train
train/def_front/cast_def_0_5382.jpeg,defect,train
train/def_front/cast_def_0_5383.jpeg,defect,train
train/def_front/cast_def_0_5385.jpeg,defect,train
train/def_front/cast_def_0_5388.jpeg,defect,train
train/def_front/cast_def_0_5389.jpeg,defect,train
train/def_front/cast_def_0_5393.jpeg,defect,train
train/def_front/cast_def_0_5394.jpeg,defect,train
train/def_front/cast_def_0_5396.jpeg,defect,train
train/def_front/cast_def_0_54.jpeg,defect,train
train/def_front/cast_def_0_5408.jpeg,defect,train
train/def_front/cast_def_0_5411.jpeg,defect,train
train/def_front/cast_def_0_5413.jpeg,defect,train
train/def_front/cast_def_0_5414.jpeg,defect,train
train/def_front/cast_def_0_5415.jpeg,defect,train
train/def_front/cast_def_0_5417.jpeg,defect,train
train/def_front/cast_def_0_542.jpeg,defect,train
train/def_front/cast_def_0_5426.jpeg,defect,train
train/def_front/cast_def_0_543.jpeg,defect,train
train/def_front/cast_def_0_5430.jpeg,defect,train
train/def_front/cast_def_0_5436.jpeg,defect,train
train/def_front/cast_def_0_5437.jpeg,defect,train
train/def_front/cast_def_0_5439.jpeg,defect,train
train/def_front/cast_def_0_544.jpeg,defect,train
train/def_front/cast_def_0_5443.jpeg,defect,train
train/def_front/cast_def_0_5444.jpeg,defect,train
train/def_front/cast_def_0_5450.jpeg,defect,train
train/def_front/cast_def_0_5456.jpeg,defect,train
train/def_front/cast_def_0_5459.jpeg,defect,train
train/def_front/cast_def_0_546.jpeg,defect,train
train/def_front/cast_def_0_5462.jpeg,defect,train
train/def_front/cast_def_0_5464.jpeg,defect,train
train/def_front/cast_def_0_5470.jpeg,defect,train
train/def_front/cast_def_0_5472.jpeg,defect,train
train/def_front/cast_def_0_5475.jpeg,defect,train
train/def_front/cast_def_0_5476.jpeg,defect,train
train/def_front/cast_def_0_548.jpeg,defect,train
train/def_front/cast_def_0_5480.jpeg,defect,train
train/def_front/cast_def_0_5481.jpeg,defect,train
train/def_front/cast_def_0_5482.jpeg,defect,train
train/def_front/cast_def_0_5483.jpeg,defect,train
train/def_front/cast_def_0_5484.jpeg,defect,train
train/def_front/cast_def_0_5491.jpeg,defect,train
train/def_front/cast_def_0_5493.jpeg,defect,train
train/def_front/cast_def_0_55.jpeg,defect,train
train/def_front/cast_def_0_5503.jpeg,defect,train
train/def_front/cast_def_0_5508.jpeg,defect,train
train/def_front/cast_def_0_5511.jpeg,defect,train
train/def_front/cast_def_0_5512.jpeg,defect,train
train/def_front/cast_def_0_5516.jpeg,defect,train
train/def_front/cast_def_0_5517.jpeg,defect,train
train/def_front/cast_def_0_5518.jpeg,defect,train
train/def_front/cast_def_0_5520.jpeg,defect,train
train/def_front/cast_def_0_5521.jpeg,defect,train
train/def_front/cast_def_0_5525.jpeg,defect,train
train/def_front/cast_def_0_5526.jpeg,defect,train
train/def_front/cast_def_0_5527.jpeg,defect,train
train/def_front/cast_def_0_5529.jpeg,defect,train
train/def_front/cast_def_0_5532.jpeg,defect,train
train/def_front/cast_def_0_5533.jpeg,defect,train
train/def_front/cast_def_0_5534.jpeg,defect,train
train/def_front/cast_def_0_5535.jpeg,defect,train
train/def_front/cast_def_0_5536.jpeg,defect,train
train/def_front/cast_def_0_5539.jpeg,defect,train
train/def_front/cast_def_0_5541.jpeg,defect,train
train/def_front/cast_def_0_5542.jpeg,defect,train
train/def_front/cast_def_0_5544.jpeg,defect,train
train/def_front/cast_def_0_5545.jpeg,defect,train
train/def_front/cast_def_0_5546.jpeg,defect,train
train/def_front/cast_def_0_5549.jpeg,defect,train
train/def_front/cast_def_0_5552.jpeg,defect,train
train/def_front/cast_def_0_5554.jpeg,defect,train
train/def_front/cast_def_0_5556.jpeg,defect,train
train/def_front/cast_def_0_5557.jpeg,defect,train
train/def_front/cast_def_0_5576.jpeg,defect,train
train/def_front/cast_def_0_5582.jpeg,defect,train
train/def_front/cast_def_0_5583.jpeg,defect,train
train/def_front/cast_def_0_5584.jpeg,defect,train
train/def_front/cast_def_0_5591.jpeg,defect,train
train/def_front/cast_def_0_5595.jpeg,defect,train
train/def_front/cast_def_0_5596.jpeg,defect,train
train/def_front/cast_def_0_5597.jpeg,defect,train
train/def_front/cast_def_0_5598.jpeg,defect,train
train/def_front/cast_def_0_56.jpeg,defect,train
train/def_front/cast_def_0_5604.jpeg,defect,train
train/def_front/cast_def_0_5614.jpeg,defect,train
train/def_front/cast_def_0_5619.jpeg,defect,train
train/def_front/cast_def_0_5623.jpeg,defect,train
train/def_front/cast_def_0_5624.jpeg,defect,train
train/def_front/cast_def_0_5627.jpeg,defect,train
train/def_front/cast_def_0_5630.jpeg,defect,train
train/def_front/cast_def_0_5631.jpeg,defect,train
train/def_front/cast_def_0_5634.jpeg,defect,train
train/def_front/cast_def_0_5641.jpeg,defect,train
train/def_front/cast_def_0_5647.jpeg,defect,train
train/def_front/cast_def_0_5651.jpeg,defect,train
train/def_front/cast_def_0_5655.jpeg,defect,train
train/def_front/cast_def_0_5659.jpeg,defect,train
train/def_front/cast_def_0_566.jpeg,defect,train
train/def_front/cast_def_0_5662.jpeg,defect,train
train/def_front/cast_def_0_5663.jpeg,defect,train
train/def_front/cast_def_0_5668.jpeg,defect,train
train/def_front/cast_def_0_5669.jpeg,defect,train
train/def_front/cast_def_0_5672.jpeg,defect,train
train/def_front/cast_def_0_5673.jpeg,defect,train
train/def_front/cast_def_0_5674.jpeg,defect,train
train/def_front/cast_def_0_5676.jpeg,defect,train
train/def_front/cast_def_0_5679.jpeg,defect,train
train/def_front/cast_def_0_5685.jpeg,defect,train
train/def_front/cast_def_0_5686.jpeg,defect,train
train/def_front/cast_def_0_5687.jpeg,defect,train
train/def_front/cast_def_0_5689.jpeg,defect,train
train/def_front/cast_def_0_569.jpeg,defect,train
train/def_front/cast_def_0_5693.jpeg,defect,train
train/def_front/cast_def_0_5700.jpeg,defect,train
train/def_front/cast_def_0_5704.jpeg,defect,train
train/def_front/cast_def_0_5705.jpeg,defect,train
train/def_front/cast_def_0_5707.jpeg,defect,train
train/def_front/cast_def_0_5708.jpeg,defect,train
train/def_front/cast_def_0_5709.jpeg,defect,train
train/def_front/cast_def_0_5710.jpeg,defect,train
train/def_front/cast_def_0_5711.jpeg,defect,train
train/def_front/cast_def_0_5717.jpeg,defect,train
train/def_front/cast_def_0_5719.jpeg,defect,train
train/def_front/cast_def_0_5722.jpeg,defect,train
train/def_front/cast_def_0_5723.jpeg,defect,train
train/def_front/cast_def_0_5724.jpeg,defect,train
train/def_front/cast_def_0_5726.jpeg,defect,train
train/def_front/cast_def_0_5728.jpeg,defect,train
train/def_front/cast_def_0_5731.jpeg,defect,train
train/def_front/cast_def_0_5733.jpeg,defect,train
train/def_front/cast_def_0_5735.jpeg,defect,train
train/def_front/cast_def_0_5737.jpeg,defect,train
train/def_front/cast_def_0_5741.jpeg,defect,train
train/def_front/cast_def_0_5746.jpeg,defect,train
train/def_front/cast_def_0_5753.jpeg,defect,train
train/def_front/cast_def_0_5754.jpeg,defect,train
train/def_front/cast_def_0_5755.jpeg,defect,train
train/def_front/cast_def_0_5757.jpeg,defect,train
train/def_front/cast_def_0_5759.jpeg,defect,train
train/def_front/cast_def_0_5766.jpeg,defect,train
train/def_front/cast_def_0_5767.jpeg,defect,train
train/def_front/cast_def_0_5768.jpeg,defect,train
train/def_front/cast_def_0_5775.jpeg,defect,train
train/def_front/cast_def_0_5776.jpeg,defect,train
train/def_front/cast_def_0_5783.jpeg,defect,train
train/def_front/cast_def_0_5787.jpeg,defect,train
train/def_front/cast_def_0_5791.jpeg,defect,train
train/def_front/cast_def_0_5793.jpeg,defect,train
train/def_front/cast_def_0_5796.jpeg,defect,train
train/def_front/cast_def_0_5799.jpeg,defect,train
train/def_front/cast_def_0_5801.jpeg,defect,train
train/def_front/cast_def_0_5804.jpeg,defect,train
train/def_front/cast_def_0_5806.jpeg,defect,train
train/def_front/cast_def_0_5808.jpeg,defect,train
train/def_front/cast_def_0_581.jpeg,defect,train
train/def_front/cast_def_0_5811.jpeg,defect,train
train/def_front/cast_def_0_5812.jpeg,defect,train
train/def_front/cast_def_0_5815.jpeg,defect,train
train/def_front/cast_def_0_5820.jpeg,defect,train
train/def_front/cast_def_0_5830.jpeg,defect,train
train/def_front/cast_def_0_5832.jpeg,defect,train
train/def_front/cast_def_0_5834.jpeg,defect,train
train/def_front/cast_def_0_5847.jpeg,defect,train
train/def_front/cast_def_0_5848.jpeg,defect,train
train/def_front/cast_def_0_5850.jpeg,defect,train
train/def_front/cast_def_0_5857.jpeg,defect,train
train/def_front/cast_def_0_5858.jpeg,defect,train
train/def_front/cast_def_0_5859.jpeg,defect,train
train/def_front/cast_def_0_5861.jpeg,defect,train
train/def_front/cast_def_0_5864.jpeg,defect,train
train/def_front/cast_def_0_5865.jpeg,defect,train
train/def_front/cast_def_0_5867.jpeg,defect,train
train/def_front/cast_def_0_5868.jpeg,defect,train
train/def_front/cast_def_0_5872.jpeg,defect,train
train/def_front/cast_def_0_5881.jpeg,defect,train
train/def_front/cast_def_0_5883.jpeg,defect,train
train/def_front/cast_def_0_5888.jpeg,defect,train
train/def_front/cast_def_0_5889.jpeg,defect,train
train/def_front/cast_def_0_5890.jpeg,defect,train
train/def_front/cast_def_0_5894.jpeg,defect,train
train/def_front/cast_def_0_5895.jpeg,defect,train
train/def_front/cast_def_0_5898.jpeg,defect,train
train/def_front/cast_def_0_5900.jpeg,defect,train
train/def_front/cast_def_0_5901.jpeg,defect,train
train/def_front/cast_def_0_5902.jpeg,defect,train
train/def_front/cast_def_0_5903.jpeg,defect,train
train/def_front/cast_def_0_5904.jpeg,defect,train
train/def_front/cast_def_0_5909.jpeg,defect,train
train/def_front/cast_def_0_5911.jpeg,defect,train
train/def_front/cast_def_0_5914.jpeg,defect,train
train/def_front/cast_def_0_5916.jpeg,defect,train
train/def_front/cast_def_0_5918.jpeg,defect,train
train/def_front/cast_def_0_5920.jpeg,defect,train
train/def_front/cast_def_0_5921.jpeg,defect,train
train/def_front/cast_def_0_5922.jpeg,defect,train
train/def_front/cast_def_0_5923.jpeg,defect,train
train/def_front/cast_def_0_5925.jpeg,defect,train
train/def_front/cast_def_0_5927.jpeg,defect,train
train/def_front/cast_def_0_5928.jpeg,defect,train
train/def_front/cast_def_0_5929.jpeg,defect,train
train/def_front/cast_def_0_5930.jpeg,defect,train
train/def_front/cast_def_0_5935.jpeg,defect,train
train/def_front/cast_def_0_5938.jpeg,defect,train
train/def_front/cast_def_0_5940.jpeg,defect,train
train/def_front/cast_def_0_5941.jpeg,defect,train
train/def_front/cast_def_0_5944.jpeg,defect,train
train/def_front/cast_def_0_5951.jpeg,defect,train
train/def_front/cast_def_0_5952.jpeg,defect,train
train/def_front/cast_def_0_5954.jpeg,defect,train
train/def_front/cast_def_0_5955.jpeg,defect,train
train/def_front/cast_def_0_5956.jpeg,defect,train
train/def_front/cast_def_0_5961.jpeg,defect,train
train/def_front/cast_def_0_5962.jpeg,defect,train
train/def_front/cast_def_0_5963.jpeg,defect,train
train/def_front/cast_def_0_5964.jpeg,defect,train
train/def_front/cast_def_0_5967.jpeg,defect,train
train/def_front/cast_def_0_597.jpeg,defect,train
train/def_front/cast_def_0_5976.jpeg,defect,train
train/def_front/cast_def_0_5978.jpeg,defect,train
train/def_front/cast_def_0_5979.jpeg,defect,train
train/def_front/cast_def_0_598.jpeg,defect,train
train/def_front/cast_def_0_5980.jpeg,defect,train
train/def_front/cast_def_0_5985.jpeg,defect,train
train/def_front/cast_def_0_5987.jpeg,defect,train
train/def_front/cast_def_0_5990.jpeg,defect,train
train/def_front/cast_def_0_5991.jpeg,defect,train
train/def_front/cast_def_0_5992.jpeg,defect,train
train/def_front/cast_def_0_5995.jpeg,defect,train
train/def_front/cast_def_0_5997.jpeg,defect,train
train/def_front/cast_def_0_60.jpeg,defect,train
train/def_front/cast_def_0_6003.jpeg,defect,train
train/def_front/cast_def_0_6004.jpeg,defect,train
train/def_front/cast_def_0_6007.jpeg,defect,train
train/def_front/cast_def_0_6011.jpeg,defect,train
train/def_front/cast_def_0_6014.jpeg,defect,train
train/def_front/cast_def_0_6017.jpeg,defect,train
train/def_front/cast_def_0_6018.jpeg,defect,train
train/def_front/cast_def_0_6023.jpeg,defect,train
train/def_front/cast_def_0_6027.jpeg,defect,train
train/def_front/cast_def_0_6029.jpeg,defect,train
train/def_front/cast_def_0_6037.jpeg,defect,train
train/def_front/cast_def_0_6038.jpeg,defect,train
train/def_front/cast_def_0_6040.jpeg,defect,train
train/def_front/cast_def_0_6042.jpeg,defect,train
train/def_front/cast_def_0_6049.jpeg,defect,train
train/def_front/cast_def_0_6052.jpeg,defect,train
train/def_front/cast_def_0_6054.jpeg,defect,train
train/def_front/cast_def_0_6055.jpeg,defect,train
train/def_front/cast_def_0_6056.jpeg,defect,train
train/def_front/cast_def_0_6058.jpeg,defect,train
train/def_front/cast_def_0_606.jpeg,defect,train
train/def_front/cast_def_0_6063.jpeg,defect,train
train/def_front/cast_def_0_6064.jpeg,defect,train
train/def_front/cast_def_0_6065.jpeg,defect,train
train/def_front/cast_def_0_6066.jpeg,defect,train
train/def_front/cast_def_0_6069.jpeg,defect,train
train/def_front/cast_def_0_6070.jpeg,defect,train
train/def_front/cast_def_0_6075.jpeg,defect,train
train/def_front/cast_def_0_608.jpeg,defect,train
train/def_front/cast_def_0_6080.jpeg,defect,train
train/def_front/cast_def_0_6084.jpeg,defect,train
train/def_front/cast_def_0_6089.jpeg,defect,train
train/def_front/cast_def_0_6090.jpeg,defect,train
train/def_front/cast_def_0_6091.jpeg,defect,train
train/def_front/cast_def_0_6092.jpeg,defect,train
train/def_front/cast_def_0_61.jpeg,defect,train
train/def_front/cast_def_0_610.jpeg,defect,train
train/def_front/cast_def_0_6103.jpeg,defect,train
train/def_front/cast_def_0_6104.jpeg,defect,train
train/def_front/cast_def_0_6108.jpeg,defect,train
train/def_front/cast_def_0_6109.jpeg,defect,train
train/def_front/cast_def_0_6111.jpeg,defect,train
train/def_front/cast_def_0_6114.jpeg,defect,train
train/def_front/cast_def_0_6115.jpeg,defect,train
train/def_front/cast_def_0_6116.jpeg,defect,train
train/def_front/cast_def_0_6119.jpeg,defect,train
train/def_front/cast_def_0_6120.jpeg,defect,train
train/def_front/cast_def_0_6121.jpeg,defect,train
train/def_front/cast_def_0_6122.jpeg,defect,train
train/def_front/cast_def_0_6124.jpeg,defect,train
train/def_front/cast_def_0_6129.jpeg,defect,train
train/def_front/cast_def_0_6134.jpeg,defect,train
train/def_front/cast_def_0_6135.jpeg,defect,train
train/def_front/cast_def_0_6136.jpeg,defect,train
train/def_front/cast_def_0_6141.jpeg,defect,train
train/def_front/cast_def_0_6142.jpeg,defect,train
train/def_front/cast_def_0_6143.jpeg,defect,train
train/def_front/cast_def_0_6148.jpeg,defect,train
train/def_front/cast_def_0_6149.jpeg,defect,train
train/def_front/cast_def_0_6153.jpeg,defect,train
train/def_front/cast_def_0_6154.jpeg,defect,train
train/def_front/cast_def_0_6155.jpeg,defect,train
train/def_front/cast_def_0_6156.jpeg,defect,train
train/def_front/cast_def_0_6163.jpeg,defect,train
train/def_front/cast_def_0_6169.jpeg,defect,train
train/def_front/cast_def_0_6171.jpeg,defect,train
train/def_front/cast_def_0_6174.jpeg,defect,train
train/def_front/cast_def_0_6176.jpeg,defect,train
train/def_front/cast_def_0_6179.jpeg,defect,train
train/def_front/cast_def_0_6181.jpeg,defect,train
train/def_front/cast_def_0_6184.jpeg,defect,train
train/def_front/cast_def_0_6188.jpeg,defect,train
train/def_front/cast_def_0_6189.jpeg,defect,train
train/def_front/cast_def_0_6191.jpeg,defect,train
train/def_front/cast_def_0_6196.jpeg,defect,train
train/def_front/cast_def_0_6197.jpeg,defect,train
train/def_front/cast_def_0_6200.jpeg,defect,train
train/def_front/cast_def_0_6207.jpeg,defect,train
train/def_front/cast_def_0_6208.jpeg,defect,train
train/def_front/cast_def_0_6210.jpeg,defect,train
train/def_front/cast_def_0_6213.jpeg,defect,train
train/def_front/cast_def_0_6215.jpeg,defect,train
train/def_front/cast_def_0_6219.jpeg,defect,train
train/def_front/cast_def_0_6222.jpeg,defect,train
train/def_front/cast_def_0_6224.jpeg,defect,train
train/def_front/cast_def_0_6227.jpeg,defect,train
train/def_front/cast_def_0_6234.jpeg,defect,train
train/def_front/cast_def_0_6247.jpeg,defect,train
train/def_front/cast_def_0_6248.jpeg,defect,train
train/def_front/cast_def_0_6249.jpeg,defect,train
train/def_front/cast_def_0_6254.jpeg,defect,train
train/def_front/cast_def_0_6255.jpeg,defect,train
train/def_front/cast_def_0_6257.jpeg,defect,train
train/def_front/cast_def_0_6258.jpeg,defect,train
train/def_front/cast_def_0_6259.jpeg,defect,train
train/def_front/cast_def_0_6264.jpeg,defect,train
train/def_front/cast_def_0_6265.jpeg,defect,train
train/def_front/cast_def_0_6267.jpeg,defect,train
train/def_front/cast_def_0_6280.jpeg,defect,train
train/def_front/cast_def_0_6281.jpeg,defect,train
train/def_front/cast_def_0_6282.jpeg,defect,train
train/def_front/cast_def_0_6283.jpeg,defect,train
train/def_front/cast_def_0_6284.jpeg,defect,train
train/def_front/cast_def_0_6285.jpeg,defect,train
train/def_front/cast_def_0_6286.jpeg,defect,train
train/def_front/cast_def_0_6287.jpeg,defect,train
train/def_front/cast_def_0_6291.jpeg,defect,train
train/def_front/cast_def_0_6292.jpeg,defect,train
train/def_front/cast_def_0_6293.jpeg,defect,train
train/def_front/cast_def_0_6298.jpeg,defect,train
train/def_front/cast_def_0_6301.jpeg,defect,train
train/def_front/cast_def_0_6306.jpeg,defect,train
train/def_front/cast_def_0_6307.jpeg,defect,train
train/def_front/cast_def_0_631.jpeg,defect,train
train/def_front/cast_def_0_6310.jpeg,defect,train
train/def_front/cast_def_0_6312.jpeg,defect,train
train/def_front/cast_def_0_6322.jpeg,defect,train
train/def_front/cast_def_0_6324.jpeg,defect,train
train/def_front/cast_def_0_6325.jpeg,defect,train
train/def_front/cast_def_0_633.jpeg,defect,train
train/def_front/cast_def_0_6332.jpeg,defect,train
train/def_front/cast_def_0_6339.jpeg,defect,train
train/def_front/cast_def_0_634.jpeg,defect,train
train/def_front/cast_def_0_6344.jpeg,defect,train
train/def_front/cast_def_0_6352.jpeg,defect,train
train/def_front/cast_def_0_6356.jpeg,defect,train
train/def_front/cast_def_0_636.jpeg,defect,train
train/def_front/cast_def_0_6360.jpeg,defect,train
train/def_front/cast_def_0_6365.jpeg,defect,train
train/def_front/cast_def_0_6368.jpeg,defect,train
train/def_front/cast_def_0_6369.jpeg,defect,train
train/def_front/cast_def_0_6372.jpeg,defect,train
train/def_front/cast_def_0_6373.jpeg,defect,train
train/def_front/cast_def_0_6374.jpeg,defect,train
train/def_front/cast_def_0_6378.jpeg,defect,train
train/def_front/cast_def_0_6382.jpeg,defect,train
train/def_front/cast_def_0_6383.jpeg,defect,train
train/def_front/cast_def_0_6388.jpeg,defect,train
train/def_front/cast_def_0_6390.jpeg,defect,train
train/def_front/cast_def_0_6392.jpeg,defect,train
train/def_front/cast_def_0_6394.jpeg,defect,train
train/def_front/cast_def_0_6395.jpeg,defect,train
train/def_front/cast_def_0_6401.jpeg,defect,train
train/def_front/cast_def_0_6404.jpeg,defect,train
train/def_front/cast_def_0_6405.jpeg,defect,train
train/def_front/cast_def_0_6409.jpeg,defect,train
train/def_front/cast_def_0_6410.jpeg,defect,train
train/def_front/cast_def_0_6411.jpeg,defect,train
train/def_front/cast_def_0_6415.jpeg,defect,train
train/def_front/cast_def_0_6418.jpeg,defect,train
train/def_front/cast_def_0_6420.jpeg,defect,train
train/def_front/cast_def_0_6422.jpeg,defect,train
train/def_front/cast_def_0_6425.jpeg,defect,train
train/def_front/cast_def_0_6431.jpeg,defect,train
train/def_front/cast_def_0_6434.jpeg,defect,train
train/def_front/cast_def_0_6435.jpeg,defect,train
train/def_front/cast_def_0_6438.jpeg,defect,train
train/def_front/cast_def_0_6443.jpeg,defect,train
train/def_front/cast_def_0_6444.jpeg,defect,train
train/def_front/cast_def_0_6451.jpeg,defect,train
train/def_front/cast_def_0_6456.jpeg,defect,train
train/def_front/cast_def_0_6459.jpeg,defect,train
train/def_front/cast_def_0_6462.jpeg,defect,train
train/def_front/cast_def_0_6464.jpeg,defect,train
train/def_front/cast_def_0_6472.jpeg,defect,train
train/def_front/cast_def_0_6474.jpeg,defect,train
train/def_front/cast_def_0_6480.jpeg,defect,train
train/def_front/cast_def_0_6483.jpeg,defect,train
train/def_front/cast_def_0_6484.jpeg,defect,train
train/def_front/cast_def_0_6489.jpeg,defect,train
train/def_front/cast_def_0_649.jpeg,defect,train
train/def_front/cast_def_0_6493.jpeg,defect,train
train/def_front/cast_def_0_6494.jpeg,defect,train
train/def_front/cast_def_0_6495.jpeg,defect,train
train/def_front/cast_def_0_6497.jpeg,defect,train
train/def_front/cast_def_0_650.jpeg,defect,train
train/def_front/cast_def_0_6502.jpeg,defect,train
train/def_front/cast_def_0_6505.jpeg,defect,train
train/def_front/cast_def_0_6506.jpeg,defect,train
train/def_front/cast_def_0_6507.jpeg,defect,train
train/def_front/cast_def_0_6510.jpeg,defect,train
train/def_front/cast_def_0_6515.jpeg,defect,train
train/def_front/cast_def_0_6519.jpeg,defect,train
train/def_front/cast_def_0_6525.jpeg,defect,train
train/def_front/cast_def_0_653.jpeg,defect,train
train/def_front/cast_def_0_6531.jpeg,defect,train
train/def_front/cast_def_0_6533.jpeg,defect,train
train/def_front/cast_def_0_6538.jpeg,defect,train
train/def_front/cast_def_0_6539.jpeg,defect,train
train/def_front/cast_def_0_6546.jpeg,defect,train
train/def_front/cast_def_0_6547.jpeg,defect,train
train/def_front/cast_def_0_6548.jpeg,defect,train
train/def_front/cast_def_0_655.jpeg,defect,train
train/def_front/cast_def_0_6552.jpeg,defect,train
train/def_front/cast_def_0_6554.jpeg,defect,train
train/def_front/cast_def_0_6555.jpeg,defect,train
train/def_front/cast_def_0_6561.jpeg,defect,train
train/def_front/cast_def_0_6566.jpeg,defect,train
train/def_front/cast_def_0_6568.jpeg,defect,train
train/def_front/cast_def_0_6571.jpeg,defect,train
train/def_front/cast_def_0_6574.jpeg,defect,train
train/def_front/cast_def_0_6576.jpeg,defect,train
train/def_front/cast_def_0_6577.jpeg,defect,train
train/def_front/cast_def_0_6580.jpeg,defect,train
train/def_front/cast_def_0_6584.jpeg,defect,train
train/def_front/cast_def_0_6585.jpeg,defect,train
train/def_front/cast_def_0_6586.jpeg,defect,train
train/def_front/cast_def_0_6588.jpeg,defect,train
train/def_front/cast_def_0_6589.jpeg,defect,train
train/def_front/cast_def_0_6590.jpeg,defect,train
train/def_front/cast_def_0_6591.jpeg,defect,train
train/def_front/cast_def_0_6594.jpeg,defect,train
train/def_front/cast_def_0_6596.jpeg,defect,train
train/def_front/cast_def_0_6599.jpeg,defect,train
train/def_front/cast_def_0_66.jpeg,defect,train
train/def_front/cast_def_0_6605.jpeg,defect,train
train/def_front/cast_def_0_6610.jpeg,defect,train
train/def_front/cast_def_0_6614.jpeg,defect,train
train/def_front/cast_def_0_6616.jpeg,defect,train
train/def_front/cast_def_0_6622.jpeg,defect,train
train/def_front/cast_def_0_6626.jpeg,defect,train
train/def_front/cast_def_0_6628.jpeg,defect,train
train/def_front/cast_def_0_6629.jpeg,defect,train
train/def_front/cast_def_0_6631.jpeg,defect,train
train/def_front/cast_def_0_6634.jpeg,defect,train
train/def_front/cast_def_0_6636.jpeg,defect,train
train/def_front/cast_def_0_6638.jpeg,defect,train
train/def_front/cast_def_0_6641.jpeg,defect,train
train/def_front/cast_def_0_6648.jpeg,defect,train
train/def_front/cast_def_0_6653.jpeg,defect,train
train/def_front/cast_def_0_6658.jpeg,defect,train
train/def_front/cast_def_0_6660.jpeg,defect,train
train/def_front/cast_def_0_6663.jpeg,defect,train
train/def_front/cast_def_0_6668.jpeg,defect,train
train/def_front/cast_def_0_6669.jpeg,defect,train
train/def_front/cast_def_0_6671.jpeg,defect,train
train/def_front/cast_def_0_6676.jpeg,defect,train
train/def_front/cast_def_0_6678.jpeg,defect,train
train/def_front/cast_def_0_6684.jpeg,defect,train
train/def_front/cast_def_0_6686.jpeg,defect,train
train/def_front/cast_def_0_6687.jpeg,defect,train
train/def_front/cast_def_0_6690.jpeg,defect,train
train/def_front/cast_def_0_6691.jpeg,defect,train
train/def_front/cast_def_0_6692.jpeg,defect,train
train/def_front/cast_def_0_6695.jpeg,defect,train
train/def_front/cast_def_0_6697.jpeg,defect,train
train/def_front/cast_def_0_6698.jpeg,defect,train
train/def_front/cast_def_0_6703.jpeg,defect,train
train/def_front/cast_def_0_6704.jpeg,defect,train
train/def_front/cast_def_0_6705.jpeg,defect,train
train/def_front/cast_def_0_6706.jpeg,defect,train
train/def_front/cast_def_0_671.jpeg,defect,train
train/def_front/cast_def_0_6712.jpeg,defect,train
train/def_front/cast_def_0_6716.jpeg,defect,train
train/def_front/cast_def_0_6717.jpeg,defect,train
train/def_front/cast_def_0_6727.jpeg,defect,train
train/def_front/cast_def_0_6728.jpeg,defect,train
train/def_front/cast_def_0_6729.jpeg,defect,train
train/def_front/cast_def_0_6732.jpeg,defect,train
train/def_front/cast_def_0_6733.jpeg,defect,train
train/def_front/cast_def_0_6734.jpeg,defect,train
train/def_front/cast_def_0_6737.jpeg,defect,train
train/def_front/cast_def_0_6741.jpeg,defect,train
train/def_front/cast_def_0_6747.jpeg,defect,train
train/def_front/cast_def_0_6749.jpeg,defect,train
train/def_front/cast_def_0_6751.jpeg,defect,train
train/def_front/cast_def_0_6754.jpeg,defect,train
train/def_front/cast_def_0_6758.jpeg,defect,train
train/def_front/cast_def_0_676.jpeg,defect,train
train/def_front/cast_def_0_6761.jpeg,defect,train
train/def_front/cast_def_0_6767.jpeg,defect,train
train/def_front/cast_def_0_677.jpeg,defect,train
train/def_front/cast_def_0_6772.jpeg,defect,train
train/def_front/cast_def_0_6773.jpeg,defect,train
train/def_front/cast_def_0_6775.jpeg,defect,train
train/def_front/cast_def_0_6776.jpeg,defect,train
train/def_front/cast_def_0_6777.jpeg,defect,train
train/def_front/cast_def_0_6778.jpeg,defect,train
train/def_front/cast_def_0_6779.jpeg,defect,train
train/def_front/cast_def_0_6784.jpeg,defect,train
train/def_front/cast_def_0_6785.jpeg,defect,train
train/def_front/cast_def_0_6791.jpeg,defect,train
train/def_front/cast_def_0_6794.jpeg,defect,train
train/def_front/cast_def_0_6797.jpeg,defect,train
train/def_front/cast_def_0_68.jpeg,defect,train
train/def_front/cast_def_0_6804.jpeg,defect,train
train/def_front/cast_def_0_6809.jpeg,defect,train
train/def_front/cast_def_0_6816.jpeg,defect,train
train/def_front/cast_def_0_682.jpeg,defect,train
train/def_front/cast_def_0_6820.jpeg,defect,train
train/def_front/cast_def_0_6825.jpeg,defect,train
train/def_front/cast_def_0_6829.jpeg,defect,train
train/def_front/cast_def_0_6831.jpeg,defect,train
train/def_front/cast_def_0_6832.jpeg,defect,train
train/def_front/cast_def_0_6833.jpeg,defect,train
train/def_front/cast_def_0_6835.jpeg,defect,train
train/def_front/cast_def_0_6836.jpeg,defect,train
train/def_front/cast_def_0_6838.jpeg,defect,train
train/def_front/cast_def_0_6841.jpeg,defect,train
train/def_front/cast_def_0_6849.jpeg,defect,train
train/def_front/cast_def_0_6853.jpeg,defect,train
train/def_front/cast_def_0_6856.jpeg,defect,train
train/def_front/cast_def_0_6858.jpeg,defect,train
train/def_front/cast_def_0_6862.jpeg,defect,train
train/def_front/cast_def_0_6863.jpeg,defect,train
train/def_front/cast_def_0_6865.jpeg,defect,train
train/def_front/cast_def_0_687.jpeg,defect,train
train/def_front/cast_def_0_6870.jpeg,defect,train
train/def_front/cast_def_0_6874.jpeg,defect,train
train/def_front/cast_def_0_6875.jpeg,defect,train
train/def_front/cast_def_0_6878.jpeg,defect,train
train/def_front/cast_def_0_6880.jpeg,defect,train
train/def_front/cast_def_0_6885.jpeg,defect,train
train/def_front/cast_def_0_6889.jpeg,defect,train
train/def_front/cast_def_0_6890.jpeg,defect,train
train/def_front/cast_def_0_6892.jpeg,defect,train
train/def_front/cast_def_0_6895.jpeg,defect,train
train/def_front/cast_def_0_6896.jpeg,defect,train
train/def_front/cast_def_0_69.jpeg,defect,train
train/def_front/cast_def_0_6901.jpeg,defect,train
train/def_front/cast_def_0_6902.jpeg,defect,train
train/def_front/cast_def_0_6906.jpeg,defect,train
train/def_front/cast_def_0_6908.jpeg,defect,train
train/def_front/cast_def_0_6909.jpeg,defect,train
train/def_front/cast_def_0_6910.jpeg,defect,train
train/def_front/cast_def_0_6912.jpeg,defect,train
train/def_front/cast_def_0_6913.jpeg,defect,train
train/def_front/cast_def_0_6914.jpeg,defect,train
train/def_front/cast_def_0_6915.jpeg,defect,train
train/def_front/cast_def_0_692.jpeg,defect,train
train/def_front/cast_def_0_6923.jpeg,defect,train
train/def_front/cast_def_0_6925.jpeg,defect,train
train/def_front/cast_def_0_6926.jpeg,defect,train
train/def_front/cast_def_0_6927.jpeg,defect,train
train/def_front/cast_def_0_6929.jpeg,defect,train
train/def_front/cast_def_0_693.jpeg,defect,train
train/def_front/cast_def_0_6932.jpeg,defect,train
train/def_front/cast_def_0_694.jpeg,defect,train
train/def_front/cast_def_0_6942.jpeg,defect,train
train/def_front/cast_def_0_6944.jpeg,defect,train
train/def_front/cast_def_0_6946.jpeg,defect,train
train/def_front/cast_def_0_6949.jpeg,defect,train
train/def_front/cast_def_0_695.jpeg,defect,train
train/def_front/cast_def_0_6955.jpeg,defect,train
train/def_front/cast_def_0_6960.jpeg,defect,train
train/def_front/cast_def_0_6961.jpeg,defect,train
train/def_front/cast_def_0_6968.jpeg,defect,train
train/def_front/cast_def_0_6972.jpeg,defect,train
train/def_front/cast_def_0_6979.jpeg,defect,train
train/def_front/cast_def_0_6980.jpeg,defect,train
train/def_front/cast_def_0_6984.jpeg,defect,train
train/def_front/cast_def_0_6986.jpeg,defect,train
train/def_front/cast_def_0_6988.jpeg,defect,train
train/def_front/cast_def_0_6989.jpeg,defect,train
train/def_front/cast_def_0_6991.jpeg,defect,train
train/def_front/cast_def_0_6996.jpeg,defect,train
train/def_front/cast_def_0_6997.jpeg,defect,train
train/def_front/cast_def_0_70.jpeg,defect,train
train/def_front/cast_def_0_7002.jpeg,defect,train
train/def_front/cast_def_0_7003.jpeg,defect,train
train/def_front/cast_def_0_7006.jpeg,defect,train
train/def_front/cast_def_0_7010.jpeg,defect,train
train/def_front/cast_def_0_7011.jpeg,defect,train
train/def_front/cast_def_0_7012.jpeg,defect,train
train/def_front/cast_def_0_7015.jpeg,defect,train
train/def_front/cast_def_0_7016.jpeg,defect,train
train/def_front/cast_def_0_7021.jpeg,defect,train
train/def_front/cast_def_0_7024.jpeg,defect,train
train/def_front/cast_def_0_7026.jpeg,defect,train
train/def_front/cast_def_0_7030.jpeg,defect,train
train/def_front/cast_def_0_7032.jpeg,defect,train
train/def_front/cast_def_0_7040.jpeg,defect,train
train/def_front/cast_def_0_7041.jpeg,defect,train
train/def_front/cast_def_0_7044.jpeg,defect,train
train/def_front/cast_def_0_7045.jpeg,defect,train
train/def_front/cast_def_0_7047.jpeg,defect,train
train/def_front/cast_def_0_7050.jpeg,defect,train
train/def_front/cast_def_0_7056.jpeg,defect,train
train/def_front/cast_def_0_7057.jpeg,defect,train
train/def_front/cast_def_0_7058.jpeg,defect,train
train/def_front/cast_def_0_7062.jpeg,defect,train
train/def_front/cast_def_0_7063.jpeg,defect,train
train/def_front/cast_def_0_7067.jpeg,defect,train
train/def_front/cast_def_0_7069.jpeg,defect,train
train/def_front/cast_def_0_7075.jpeg,defect,train
train/def_front/cast_def_0_7076.jpeg,defect,train
train/def_front/cast_def_0_7077.jpeg,defect,train
train/def_front/cast_def_0_7079.jpeg,defect,train
train/def_front/cast_def_0_7081.jpeg,defect,train
train/def_front/cast_def_0_7085.jpeg,defect,train
train/def_front/cast_def_0_7091.jpeg,defect,train
train/def_front/cast_def_0_7093.jpeg,defect,train
train/def_front/cast_def_0_7095.jpeg,defect,train
train/def_front/cast_def_0_7096.jpeg,defect,train
train/def_front/cast_def_0_7097.jpeg,defect,train
train/def_front/cast_def_0_7098.jpeg,defect,train
train/def_front/cast_def_0_7102.jpeg,defect,train
train/def_front/cast_def_0_7105.jpeg,defect,train
train/def_front/cast_def_0_7106.jpeg,defect,train
train/def_front/cast_def_0_7112.jpeg,defect,train
train/def_front/cast_def_0_7114.jpeg,defect,train
train/def_front/cast_def_0_7115.jpeg,defect,train
train/def_front/cast_def_0_7118.jpeg,defect,train
train/def_front/cast_def_0_7119.jpeg,defect,train
train/def_front/cast_def_0_712.jpeg,defect,train
train/def_front/cast_def_0_7120.jpeg,defect,train
train/def_front/cast_def_0_7122.jpeg,defect,train
train/def_front/cast_def_0_7125.jpeg,defect,train
train/def_front/cast_def_0_7134.jpeg,defect,train
train/def_front/cast_def_0_7138.jpeg,defect,train
train/def_front/cast_def_0_7140.jpeg,defect,train
train/def_front/cast_def_0_7143.jpeg,defect,train
train/def_front/cast_def_0_7144.jpeg,defect,train
train/def_front/cast_def_0_7149.jpeg,defect,train
train/def_front/cast_def_0_7154.jpeg,defect,train
train/def_front/cast_def_0_7155.jpeg,defect,train
train/def_front/cast_def_0_7160.jpeg,defect,train
train/def_front/cast_def_0_7161.jpeg,defect,train
train/def_front/cast_def_0_7163.jpeg,defect,train
train/def_front/cast_def_0_7168.jpeg,defect,train
train/def_front/cast_def_0_7169.jpeg,defect,train
train/def_front/cast_def_0_7173.jpeg,defect,train
train/def_front/cast_def_0_7183.jpeg,defect,train
train/def_front/cast_def_0_7185.jpeg,defect,train
train/def_front/cast_def_0_7186.jpeg,defect,train
train/def_front/cast_def_0_719.jpeg,defect,train
train/def_front/cast_def_0_7190.jpeg,defect,train
train/def_front/cast_def_0_7191.jpeg,defect,train
train/def_front/cast_def_0_7195.jpeg,defect,train
train/def_front/cast_def_0_7196.jpeg,defect,train
train/def_front/cast_def_0_720.jpeg,defect,train
train/def_front/cast_def_0_7200.jpeg,defect,train
train/def_front/cast_def_0_7204.jpeg,defect,train
train/def_front/cast_def_0_7206.jpeg,defect,train
train/def_front/cast_def_0_7208.jpeg,defect,train
train/def_front/cast_def_0_7209.jpeg,defect,train
train/def_front/cast_def_0_7210.jpeg,defect,train
train/def_front/cast_def_0_7211.jpeg,defect,train
train/def_front/cast_def_0_7212.jpeg,defect,train
train/def_front/cast_def_0_7214.jpeg,defect,train
train/def_front/cast_def_0_7215.jpeg,defect,train
train/def_front/cast_def_0_7219.jpeg,defect,train
train/def_front/cast_def_0_722.jpeg,defect,train
train/def_front/cast_def_0_7221.jpeg,defect,train
train/def_front/cast_def_0_7222.jpeg,defect,train
train/def_front/cast_def_0_7223.jpeg,defect,train
train/def_front/cast_def_0_7224.jpeg,defect,train
train/def_front/cast_def_0_7225.jpeg,defect,train
train/def_front/cast_def_0_7227.jpeg,defect,train
train/def_front/cast_def_0_7232.jpeg,defect,train
train/def_front/cast_def_0_7233.jpeg,defect,train
train/def_front/cast_def_0_7234.jpeg,defect,train
train/def_front/cast_def_0_7235.jpeg,defect,train
train/def_front/cast_def_0_7237.jpeg,defect,train
train/def_front/cast_def_0_7238.jpeg,defect,train
train/def_front/cast_def_0_7241.jpeg,defect,train
train/def_front/cast_def_0_7246.jpeg,defect,train
train/def_front/cast_def_0_7256.jpeg,defect,train
train/def_front/cast_def_0_7257.jpeg,defect,train
train/def_front/cast_def_0_7258.jpeg,defect,train
train/def_front/cast_def_0_7259.jpeg,defect,train
train/def_front/cast_def_0_726.jpeg,defect,train
train/def_front/cast_def_0_7260.jpeg,defect,train
train/def_front/cast_def_0_7261.jpeg,defect,train
train/def_front/cast_def_0_7265.jpeg,defect,train
train/def_front/cast_def_0_7268.jpeg,defect,train
train/def_front/cast_def_0_7269.jpeg,defect,train
train/def_front/cast_def_0_727.jpeg,defect,train
train/def_front/cast_def_0_7271.jpeg,defect,train
train/def_front/cast_def_0_7273.jpeg,defect,train
train/def_front/cast_def_0_7280.jpeg,defect,train
train/def_front/cast_def_0_7281.jpeg,defect,train
train/def_front/cast_def_0_7288.jpeg,defect,train
train/def_front/cast_def_0_729.jpeg,defect,train
train/def_front/cast_def_0_7290.jpeg,defect,train
train/def_front/cast_def_0_7303.jpeg,defect,train
train/def_front/cast_def_0_7304.jpeg,defect,train
train/def_front/cast_def_0_7307.jpeg,defect,train
train/def_front/cast_def_0_731.jpeg,defect,train
train/def_front/cast_def_0_7311.jpeg,defect,train
train/def_front/cast_def_0_7313.jpeg,defect,train
train/def_front/cast_def_0_7314.jpeg,defect,train
train/def_front/cast_def_0_7318.jpeg,defect,train
train/def_front/cast_def_0_732.jpeg,defect,train
train/def_front/cast_def_0_7325.jpeg,defect,train
train/def_front/cast_def_0_7327.jpeg,defect,train
train/def_front/cast_def_0_7329.jpeg,defect,train
train/def_front/cast_def_0_7332.jpeg,defect,train
train/def_front/cast_def_0_7335.jpeg,defect,train
train/def_front/cast_def_0_734.jpeg,defect,train
train/def_front/cast_def_0_7341.jpeg,defect,train
train/def_front/cast_def_0_7347.jpeg,defect,train
train/def_front/cast_def_0_7348.jpeg,defect,train
train/def_front/cast_def_0_7350.jpeg,defect,train
train/def_front/cast_def_0_7351.jpeg,defect,train
train/def_front/cast_def_0_7355.jpeg,defect,train
train/def_front/cast_def_0_7357.jpeg,defect,train
train/def_front/cast_def_0_7366.jpeg,defect,train
train/def_front/cast_def_0_737.jpeg,defect,train
train/def_front/cast_def_0_7372.jpeg,defect,train
train/def_front/cast_def_0_7373.jpeg,defect,train
train/def_front/cast_def_0_7374.jpeg,defect,train
train/def_front/cast_def_0_7381.jpeg,defect,train
train/def_front/cast_def_0_7385.jpeg,defect,train
train/def_front/cast_def_0_7387.jpeg,defect,train
train/def_front/cast_def_0_7388.jpeg,defect,train
train/def_front/cast_def_0_7393.jpeg,defect,train
train/def_front/cast_def_0_7396.jpeg,defect,train
train/def_front/cast_def_0_7398.jpeg,defect,train
train/def_front/cast_def_0_74.jpeg,defect,train
train/def_front/cast_def_0_7404.jpeg,defect,train
train/def_front/cast_def_0_7405.jpeg,defect,train
train/def_front/cast_def_0_7407.jpeg,defect,train
train/def_front/cast_def_0_7411.jpeg,defect,train
train/def_front/cast_def_0_7412.jpeg,defect,train
train/def_front/cast_def_0_7416.jpeg,defect,train
train/def_front/cast_def_0_7418.jpeg,defect,train
train/def_front/cast_def_0_7419.jpeg,defect,train
train/def_front/cast_def_0_7420.jpeg,defect,train
train/def_front/cast_def_0_7421.jpeg,defect,train
train/def_front/cast_def_0_7426.jpeg,defect,train
train/def_front/cast_def_0_7428.jpeg,defect,train
train/def_front/cast_def_0_7429.jpeg,defect,train
train/def_front/cast_def_0_743.jpeg,defect,train
train/def_front/cast_def_0_7430.jpeg,defect,train
train/def_front/cast_def_0_7432.jpeg,defect,train
train/def_front/cast_def_0_7433.jpeg,defect,train
train/def_front/cast_def_0_7435.jpeg,defect,train
train/def_front/cast_def_0_7437.jpeg,defect,train
train/def_front/cast_def_0_7439.jpeg,defect,train
train/def_front/cast_def_0_744.jpeg,defect,train
train/def_front/cast_def_0_7441.jpeg,defect,train
train/def_front/cast_def_0_7447.jpeg,defect,train
train/def_front/cast_def_0_7452.jpeg,defect,train
train/def_front/cast_def_0_7454.jpeg,defect,train
train/def_front/cast_def_0_7456.jpeg,defect,train
train/def_front/cast_def_0_7457.jpeg,defect,train
train/def_front/cast_def_0_7458.jpeg,defect,train
train/def_front/cast_def_0_7459.jpeg,defect,train
train/def_front/cast_def_0_7462.jpeg,defect,train
train/def_front/cast_def_0_7463.jpeg,defect,train
train/def_front/cast_def_0_7465.jpeg,defect,train
train/def_front/cast_def_0_7471.jpeg,defect,train
train/def_front/cast_def_0_7477.jpeg,defect,train
train/def_front/cast_def_0_7480.jpeg,defect,train
train/def_front/cast_def_0_7482.jpeg,defect,train
train/def_front/cast_def_0_7485.jpeg,defect,train
train/def_front/cast_def_0_7488.jpeg,defect,train
train/def_front/cast_def_0_7489.jpeg,defect,train
train/def_front/cast_def_0_7490.jpeg,defect,train
train/def_front/cast_def_0_7492.jpeg,defect,train
train/def_front/cast_def_0_7495.jpeg,defect,train
train/def_front/cast_def_0_7496.jpeg,defect,train
train/def_front/cast_def_0_750.jpeg,defect,train
train/def_front/cast_def_0_7501.jpeg,defect,train
train/def_front/cast_def_0_7508.jpeg,defect,train
train/def_front/cast_def_0_7513.jpeg,defect,train
train/def_front/cast_def_0_7516.jpeg,defect,train
train/def_front/cast_def_0_7524.jpeg,defect,train
train/def_front/cast_def_0_7527.jpeg,defect,train
train/def_front/cast_def_0_7528.jpeg,defect,train
train/def_front/cast_def_0_753.jpeg,defect,train
train/def_front/cast_def_0_7536.jpeg,defect,train
train/def_front/cast_def_0_7537.jpeg,defect,train
train/def_front/cast_def_0_7541.jpeg,defect,train
train/def_front/cast_def_0_7543.jpeg,defect,train
train/def_front/cast_def_0_7544.jpeg,defect,train
train/def_front/cast_def_0_7545.jpeg,defect,train
train/def_front/cast_def_0_7547.jpeg,defect,train
train/def_front/cast_def_0_7551.jpeg,defect,train
train/def_front/cast_def_0_7553.jpeg,defect,train
train/def_front/cast_def_0_7556.jpeg,defect,train
train/def_front/cast_def_0_7561.jpeg,defect,train
train/def_front/cast_def_0_7565.jpeg,defect,train
train/def_front/cast_def_0_7569.jpeg,defect,train
train/def_front/cast_def_0_757.jpeg,defect,train
train/def_front/cast_def_0_7573.jpeg,defect,train
train/def_front/cast_def_0_7578.jpeg,defect,train
train/def_front/cast_def_0_7581.jpeg,defect,train
train/def_front/cast_def_0_7582.jpeg,defect,train
train/def_front/cast_def_0_7584.jpeg,defect,train
train/def_front/cast_def_0_7587.jpeg,defect,train
train/def_front/cast_def_0_7590.jpeg,defect,train
train/def_front/cast_def_0_7592.jpeg,defect,train
train/def_front/cast_def_0_7596.jpeg,defect,train
train/def_front/cast_def_0_7597.jpeg,defect,train
train/def_front/cast_def_0_7608.jpeg,defect,train
train/def_front/cast_def_0_7609.jpeg,defect,train
train/def_front/cast_def_0_7615.jpeg,defect,train
train/def_front/cast_def_0_7618.jpeg,defect,train
train/def_front/cast_def_0_7625.jpeg,defect,train
train/def_front/cast_def_0_7627.jpeg,defect,train
train/def_front/cast_def_0_7628.jpeg,defect,train
train/def_front/cast_def_0_7630.jpeg,defect,train
train/def_front/cast_def_0_7632.jpeg,defect,train
train/def_front/cast_def_0_7633.jpeg,defect,train
train/def_front/cast_def_0_7635.jpeg,defect,train
train/def_front/cast_def_0_7636.jpeg,defect,train
train/def_front/cast_def_0_7637.jpeg,defect,train
train/def_front/cast_def_0_7638.jpeg,defect,train
train/def_front/cast_def_0_7644.jpeg,defect,train
train/def_front/cast_def_0_7648.jpeg,defect,train
train/def_front/cast_def_0_7649.jpeg,defect,train
train/def_front/cast_def_0_765.jpeg,defect,train
train/def_front/cast_def_0_7651.jpeg,defect,train
train/def_front/cast_def_0_7653.jpeg,defect,train
train/def_front/cast_def_0_7655.jpeg,defect,train
train/def_front/cast_def_0_7656.jpeg,defect,train
train/def_front/cast_def_0_766.jpeg,defect,train
train/def_front/cast_def_0_7664.jpeg,defect,train
train/def_front/cast_def_0_7667.jpeg,defect,train
train/def_front/cast_def_0_7669.jpeg,defect,train
train/def_front/cast_def_0_7672.jpeg,defect,train
train/def_front/cast_def_0_7673.jpeg,defect,train
train/def_front/cast_def_0_7675.jpeg,defect,train
train/def_front/cast_def_0_7676.jpeg,defect,train
train/def_front/cast_def_0_7677.jpeg,defect,train
train/def_front/cast_def_0_7679.jpeg,defect,train
train/def_front/cast_def_0_768.jpeg,defect,train
train/def_front/cast_def_0_7682.jpeg,defect,train
train/def_front/cast_def_0_7689.jpeg,defect,train
train/def_front/cast_def_0_769.jpeg,defect,train
train/def_front/cast_def_0_7692.jpeg,defect,train
train/def_front/cast_def_0_7693.jpeg,defect,train
train/def_front/cast_def_0_7694.jpeg,defect,train
train/def_front/cast_def_0_7696.jpeg,defect,train
train/def_front/cast_def_0_7699.jpeg,defect,train
train/def_front/cast_def_0_770.jpeg,defect,train
train/def_front/cast_def_0_7700.jpeg,defect,train
train/def_front/cast_def_0_7702.jpeg,defect,train
train/def_front/cast_def_0_7703.jpeg,defect,train
train/def_front/cast_def_0_7704.jpeg,defect,train
train/def_front/cast_def_0_7709.jpeg,defect,train
train/def_front/cast_def_0_7710.jpeg,defect,train
train/def_front/cast_def_0_7713.jpeg,defect,train
train/def_front/cast_def_0_7717.jpeg,defect,train
train/def_front/cast_def_0_7718.jpeg,defect,train
train/def_front/cast_def_0_772.jpeg,defect,train
train/def_front/cast_def_0_7726.jpeg,defect,train
train/def_front/cast_def_0_7728.jpeg,defect,train
train/def_front/cast_def_0_7730.jpeg,defect,train
train/def_front/cast_def_0_7733.jpeg,defect,train
train/def_front/cast_def_0_7734.jpeg,defect,train
train/def_front/cast_def_0_7737.jpeg,defect,train
train/def_front/cast_def_0_7739.jpeg,defect,train
train/def_front/cast_def_0_774.jpeg,defect,train
train/def_front/cast_def_0_7742.jpeg,defect,train
train/def_front/cast_def_0_7743.jpeg,defect,train
train/def_front/cast_def_0_7748.jpeg,defect,train
train/def_front/cast_def_0_7749.jpeg,defect,train
train/def_front/cast_def_0_7754.jpeg,defect,train
train/def_front/cast_def_0_7755.jpeg,defect,train
train/def_front/cast_def_0_7760.jpeg,defect,train
train/def_front/cast_def_0_7761.jpeg,defect,train
train/def_front/cast_def_0_7762.jpeg,defect,train
train/def_front/cast_def_0_7765.jpeg,defect,train
train/def_front/cast_def_0_7768.jpeg,defect,train
train/def_front/cast_def_0_7769.jpeg,defect,train
train/def_front/cast_def_0_7770.jpeg,defect,train
train/def_front/cast_def_0_7771.jpeg,defect,train
train/def_front/cast_def_0_7773.jpeg,defect,train
train/def_front/cast_def_0_7774.jpeg,defect,train
train/def_front/cast_def_0_7776.jpeg,defect,train
train/def_front/cast_def_0_7777.jpeg,defect,train
train/def_front/cast_def_0_7778.jpeg,defect,train
train/def_front/cast_def_0_7779.jpeg,defect,train
train/def_front/cast_def_0_7780.jpeg,defect,train
train/def_front/cast_def_0_7783.jpeg,defect,train
train/def_front/cast_def_0_7789.jpeg,defect,train
train/def_front/cast_def_0_7796.jpeg,defect,train
train/def_front/cast_def_0_780.jpeg,defect,train
train/def_front/cast_def_0_7800.jpeg,defect,train
train/def_front/cast_def_0_7804.jpeg,defect,train
train/def_front/cast_def_0_7805.jpeg,defect,train
train/def_front/cast_def_0_7807.jpeg,defect,train
train/def_front/cast_def_0_7809.jpeg,defect,train
train/def_front/cast_def_0_7814.jpeg,defect,train
train/def_front/cast_def_0_7816.jpeg,defect,train
train/def_front/cast_def_0_7818.jpeg,defect,train
train/def_front/cast_def_0_782.jpeg,defect,train
train/def_front/cast_def_0_7820.jpeg,defect,train
train/def_front/cast_def_0_7825.jpeg,defect,train
train/def_front/cast_def_0_7826.jpeg,defect,train
train/def_front/cast_def_0_7827.jpeg,defect,train
train/def_front/cast_def_0_7831.jpeg,defect,train
train/def_front/cast_def_0_7845.jpeg,defect,train
train/def_front/cast_def_0_7847.jpeg,defect,train
train/def_front/cast_def_0_7850.jpeg,defect,train
train/def_front/cast_def_0_7851.jpeg,defect,train
train/def_front/cast_def_0_7853.jpeg,defect,train
train/def_front/cast_def_0_7854.jpeg,defect,train
train/def_front/cast_def_0_7855.jpeg,defect,train
train/def_front/cast_def_0_7856.jpeg,defect,train
train/def_front/cast_def_0_7858.jpeg,defect,train
train/def_front/cast_def_0_7859.jpeg,defect,train
train/def_front/cast_def_0_7860.jpeg,defect,train
train/def_front/cast_def_0_7863.jpeg,defect,train
train/def_front/cast_def_0_7865.jpeg,defect,train
train/def_front/cast_def_0_7870.jpeg,defect,train
train/def_front/cast_def_0_7872.jpeg,defect,train
train/def_front/cast_def_0_7873.jpeg,defect,train
train/def_front/cast_def_0_7875.jpeg,defect,train
train/def_front/cast_def_0_7881.jpeg,defect,train
train/def_front/cast_def_0_7885.jpeg,defect,train
train/def_front/cast_def_0_7887.jpeg,defect,train
train/def_front/cast_def_0_7888.jpeg,defect,train
train/def_front/cast_def_0_7892.jpeg,defect,train
train/def_front/cast_def_0_7895.jpeg,defect,train
train/def_front/cast_def_0_7896.jpeg,defect,train
train/def_front/cast_def_0_7906.jpeg,defect,train
train/def_front/cast_def_0_7910.jpeg,defect,train
train/def_front/cast_def_0_7911.jpeg,defect,train
train/def_front/cast_def_0_7915.jpeg,defect,train
train/def_front/cast_def_0_7917.jpeg,defect,train
train/def_front/cast_def_0_7921.jpeg,defect,train
train/def_front/cast_def_0_7928.jpeg,defect,train
train/def_front/cast_def_0_7929.jpeg,defect,train
train/def_front/cast_def_0_7931.jpeg,defect,train
train/def_front/cast_def_0_7933.jpeg,defect,train
train/def_front/cast_def_0_7935.jpeg,defect,train
train/def_front/cast_def_0_7937.jpeg,defect,train
train/def_front/cast_def_0_7939.jpeg,defect,train
train/def_front/cast_def_0_7942.jpeg,defect,train
train/def_front/cast_def_0_7945.jpeg,defect,train
train/def_front/cast_def_0_7946.jpeg,defect,train
train/def_front/cast_def_0_7953.jpeg,defect,train
train/def_front/cast_def_0_7954.jpeg,defect,train
train/def_front/cast_def_0_7955.jpeg,defect,train
train/def_front/cast_def_0_7967.jpeg,defect,train
train/def_front/cast_def_0_7970.jpeg,defect,train
train/def_front/cast_def_0_7973.jpeg,defect,train
train/def_front/cast_def_0_7974.jpeg,defect,train
train/def_front/cast_def_0_7976.jpeg,defect,train
train/def_front/cast_def_0_7977.jpeg,defect,train
train/def_front/cast_def_0_7978.jpeg,defect,train
train/def_front/cast_def_0_7979.jpeg,defect,train
train/def_front/cast_def_0_7982.jpeg,defect,train
train/def_front/cast_def_0_7985.jpeg,defect,train
train/def_front/cast_def_0_7986.jpeg,defect,train
train/def_front/cast_def_0_7989.jpeg,defect,train
train/def_front/cast_def_0_799.jpeg,defect,train
train/def_front/cast_def_0_7990.jpeg,defect,train
train/def_front/cast_def_0_7992.jpeg,defect,train
train/def_front/cast_def_0_7993.jpeg,defect,train
train/def_front/cast_def_0_7996.jpeg,defect,train
train/def_front/cast_def_0_8003.jpeg,defect,train
train/def_front/cast_def_0_8007.jpeg,defect,train
train/def_front/cast_def_0_8009.jpeg,defect,train
train/def_front/cast_def_0_801.jpeg,defect,train
train/def_front/cast_def_0_8011.jpeg,defect,train
train/def_front/cast_def_0_8021.jpeg,defect,train
train/def_front/cast_def_0_8022.jpeg,defect,train
train/def_front/cast_def_0_8025.jpeg,defect,train
train/def_front/cast_def_0_8026.jpeg,defect,train
train/def_front/cast_def_0_8027.jpeg,defect,train
train/def_front/cast_def_0_8029.jpeg,defect,train
train/def_front/cast_def_0_8032.jpeg,defect,train
train/def_front/cast_def_0_8038.jpeg,defect,train
train/def_front/cast_def_0_8043.jpeg,defect,train
train/def_front/cast_def_0_8046.jpeg,defect,train
train/def_front/cast_def_0_8054.jpeg,defect,train
train/def_front/cast_def_0_8055.jpeg,defect,train
train/def_front/cast_def_0_8062.jpeg,defect,train
train/def_front/cast_def_0_8066.jpeg,defect,train
train/def_front/cast_def_0_8068.jpeg,defect,train
train/def_front/cast_def_0_8069.jpeg,defect,train
train/def_front/cast_def_0_8071.jpeg,defect,train
train/def_front/cast_def_0_8072.jpeg,defect,train
train/def_front/cast_def_0_8076.jpeg,defect,train
train/def_front/cast_def_0_8079.jpeg,defect,train
train/def_front/cast_def_0_808.jpeg,defect,train
train/def_front/cast_def_0_8083.jpeg,defect,train
train/def_front/cast_def_0_8085.jpeg,defect,train
train/def_front/cast_def_0_8088.jpeg,defect,train
train/def_front/cast_def_0_8089.jpeg,defect,train
train/def_front/cast_def_0_8093.jpeg,defect,train
train/def_front/cast_def_0_8094.jpeg,defect,train
train/def_front/cast_def_0_81.jpeg,defect,train
train/def_front/cast_def_0_810.jpeg,defect,train
train/def_front/cast_def_0_8101.jpeg,defect,train
train/def_front/cast_def_0_8104.jpeg,defect,train
train/def_front/cast_def_0_8105.jpeg,defect,train
train/def_front/cast_def_0_8106.jpeg,defect,train
train/def_front/cast_def_0_811.jpeg,defect,train
train/def_front/cast_def_0_8111.jpeg,defect,train
train/def_front/cast_def_0_8113.jpeg,defect,train
train/def_front/cast_def_0_8118.jpeg,defect,train
train/def_front/cast_def_0_8119.jpeg,defect,train
train/def_front/cast_def_0_812.jpeg,defect,train
train/def_front/cast_def_0_8121.jpeg,defect,train
train/def_front/cast_def_0_8122.jpeg,defect,train
train/def_front/cast_def_0_8123.jpeg,defect,train
train/def_front/cast_def_0_8125.jpeg,defect,train
train/def_front/cast_def_0_8126.jpeg,defect,train
train/def_front/cast_def_0_8129.jpeg,defect,train
train/def_front/cast_def_0_8131.jpeg,defect,train
train/def_front/cast_def_0_8133.jpeg,defect,train
train/def_front/cast_def_0_8134.jpeg,defect,train
train/def_front/cast_def_0_8137.jpeg,defect,train
train/def_front/cast_def_0_8139.jpeg,defect,train
train/def_front/cast_def_0_8149.jpeg,defect,train
train/def_front/cast_def_0_815.jpeg,defect,train
train/def_front/cast_def_0_8161.jpeg,defect,train
train/def_front/cast_def_0_8167.jpeg,defect,train
train/def_front/cast_def_0_8170.jpeg,defect,train
train/def_front/cast_def_0_8171.jpeg,defect,train
train/def_front/cast_def_0_8172.jpeg,defect,train
train/def_front/cast_def_0_8175.jpeg,defect,train
train/def_front/cast_def_0_8177.jpeg,defect,train
train/def_front/cast_def_0_8179.jpeg,defect,train
train/def_front/cast_def_0_818.jpeg,defect,train
train/def_front/cast_def_0_8180.jpeg,defect,train
train/def_front/cast_def_0_8186.jpeg,defect,train
train/def_front/cast_def_0_8187.jpeg,defect,train
train/def_front/cast_def_0_8188.jpeg,defect,train
train/def_front/cast_def_0_819.jpeg,defect,train
train/def_front/cast_def_0_8191.jpeg,defect,train
train/def_front/cast_def_0_8192.jpeg,defect,train
train/def_front/cast_def_0_8194.jpeg,defect,train
train/def_front/cast_def_0_82.jpeg,defect,train
train/def_front/cast_def_0_8201.jpeg,defect,train
train/def_front/cast_def_0_8203.jpeg,defect,train
train/def_front/cast_def_0_8215.jpeg,defect,train
train/def_front/cast_def_0_8218.jpeg,defect,train
train/def_front/cast_def_0_8219.jpeg,defect,train
train/def_front/cast_def_0_822.jpeg,defect,train
train/def_front/cast_def_0_8220.jpeg,defect,train
train/def_front/cast_def_0_8226.jpeg,defect,train
train/def_front/cast_def_0_8227.jpeg,defect,train
train/def_front/cast_def_0_8228.jpeg,defect,train
train/def_front/cast_def_0_8229.jpeg,defect,train
train/def_front/cast_def_0_8232.jpeg,defect,train
train/def_front/cast_def_0_8236.jpeg,defect,train
train/def_front/cast_def_0_8238.jpeg,defect,train
train/def_front/cast_def_0_8239.jpeg,defect,train
train/def_front/cast_def_0_8240.jpeg,defect,train
train/def_front/cast_def_0_8243.jpeg,defect,train
train/def_front/cast_def_0_8245.jpeg,defect,train
train/def_front/cast_def_0_8247.jpeg,defect,train
train/def_front/cast_def_0_8252.jpeg,defect,train
train/def_front/cast_def_0_8256.jpeg,defect,train
train/def_front/cast_def_0_8258.jpeg,defect,train
train/def_front/cast_def_0_8259.jpeg,defect,train
train/def_front/cast_def_0_826.jpeg,defect,train
train/def_front/cast_def_0_8265.jpeg,defect,train
train/def_front/cast_def_0_8266.jpeg,defect,train
train/def_front/cast_def_0_8267.jpeg,defect,train
train/def_front/cast_def_0_8269.jpeg,defect,train
train/def_front/cast_def_0_827.jpeg,defect,train
train/def_front/cast_def_0_8272.jpeg,defect,train
train/def_front/cast_def_0_8277.jpeg,defect,train
train/def_front/cast_def_0_8286.jpeg,defect,train
train/def_front/cast_def_0_8288.jpeg,defect,train
train/def_front/cast_def_0_8290.jpeg,defect,train
train/def_front/cast_def_0_8294.jpeg,defect,train
train/def_front/cast_def_0_8295.jpeg,defect,train
train/def_front/cast_def_0_8298.jpeg,defect,train
train/def_front/cast_def_0_8302.jpeg,defect,train
train/def_front/cast_def_0_8305.jpeg,defect,train
train/def_front/cast_def_0_8306.jpeg,defect,train
train/def_front/cast_def_0_8308.jpeg,defect,train
train/def_front/cast_def_0_8312.jpeg,defect,train
train/def_front/cast_def_0_8318.jpeg,defect,train
train/def_front/cast_def_0_832.jpeg,defect,train
train/def_front/cast_def_0_8320.jpeg,defect,train
train/def_front/cast_def_0_8322.jpeg,defect,train
train/def_front/cast_def_0_8323.jpeg,defect,train
train/def_front/cast_def_0_8328.jpeg,defect,train
train/def_front/cast_def_0_8329.jpeg,defect,train
train/def_front/cast_def_0_8331.jpeg,defect,train
train/def_front/cast_def_0_8333.jpeg,defect,train
train/def_front/cast_def_0_8338.jpeg,defect,train
train/def_front/cast_def_0_8344.jpeg,defect,train
train/def_front/cast_def_0_8347.jpeg,defect,train
train/def_front/cast_def_0_8348.jpeg,defect,train
train/def_front/cast_def_0_8349.jpeg,defect,train
train/def_front/cast_def_0_835.jpeg,defect,train
train/def_front/cast_def_0_8351.jpeg,defect,train
train/def_front/cast_def_0_8354.jpeg,defect,train
train/def_front/cast_def_0_8355.jpeg,defect,train
train/def_front/cast_def_0_8356.jpeg,defect,train
train/def_front/cast_def_0_8358.jpeg,defect,train
train/def_front/cast_def_0_8359.jpeg,defect,train
train/def_front/cast_def_0_8362.jpeg,defect,train
train/def_front/cast_def_0_837.jpeg,defect,train
train/def_front/cast_def_0_8371.jpeg,defect,train
train/def_front/cast_def_0_8373.jpeg,defect,train
train/def_front/cast_def_0_8376.jpeg,defect,train
train/def_front/cast_def_0_8377.jpeg,defect,train
train/def_front/cast_def_0_8378.jpeg,defect,train
train/def_front/cast_def_0_838.jpeg,defect,train
train/def_front/cast_def_0_8381.jpeg,defect,train
train/def_front/cast_def_0_8383.jpeg,defect,train
train/def_front/cast_def_0_8385.jpeg,defect,train
train/def_front/cast_def_0_8386.jpeg,defect,train
train/def_front/cast_def_0_8392.jpeg,defect,train
train/def_front/cast_def_0_840.jpeg,defect,train
train/def_front/cast_def_0_8401.jpeg,defect,train
train/def_front/cast_def_0_8403.jpeg,defect,train
train/def_front/cast_def_0_8408.jpeg,defect,train
train/def_front/cast_def_0_841.jpeg,defect,train
train/def_front/cast_def_0_8411.jpeg,defect,train
train/def_front/cast_def_0_8413.jpeg,defect,train
train/def_front/cast_def_0_8415.jpeg,defect,train
train/def_front/cast_def_0_8416.jpeg,defect,train
train/def_front/cast_def_0_8418.jpeg,defect,train
train/def_front/cast_def_0_8420.jpeg,defect,train
train/def_front/cast_def_0_8426.jpeg,defect,train
train/def_front/cast_def_0_8431.jpeg,defect,train
train/def_front/cast_def_0_8433.jpeg,defect,train
train/def_front/cast_def_0_8434.jpeg,defect,train
train/def_front/cast_def_0_8436.jpeg,defect,train
train/def_front/cast_def_0_8438.jpeg,defect,train
train/def_front/cast_def_0_8442.jpeg,defect,train
train/def_front/cast_def_0_8446.jpeg,defect,train
train/def_front/cast_def_0_8448.jpeg,defect,train
train/def_front/cast_def_0_8451.jpeg,defect,train
train/def_front/cast_def_0_8452.jpeg,defect,train
train/def_front/cast_def_0_8459.jpeg,defect,train
train/def_front/cast_def_0_846.jpeg,defect,train
train/def_front/cast_def_0_8460.jpeg,defect,train
train/def_front/cast_def_0_8463.jpeg,defect,train
train/def_front/cast_def_0_8466.jpeg,defect,train
train/def_front/cast_def_0_8470.jpeg,defect,train
train/def_front/cast_def_0_8474.jpeg,defect,train
train/def_front/cast_def_0_8475.jpeg,defect,train
train/def_front/cast_def_0_8477.jpeg,defect,train
train/def_front/cast_def_0_8478.jpeg,defect,train
train/def_front/cast_def_0_848.jpeg,defect,train
train/def_front/cast_def_0_8481.jpeg,defect,train
train/def_front/cast_def_0_8482.jpeg,defect,train
train/def_front/cast_def_0_8483.jpeg,defect,train
train/def_front/cast_def_0_8487.jpeg,defect,train
train/def_front/cast_def_0_8488.jpeg,defect,train
train/def_front/cast_def_0_8493.jpeg,defect,train
train/def_front/cast_def_0_8495.jpeg,defect,train
train/def_front/cast_def_0_8498.jpeg,defect,train
train/def_front/cast_def_0_8499.jpeg,defect,train
train/def_front/cast_def_0_8501.jpeg,defect,train
train/def_front/cast_def_0_8503.jpeg,defect,train
train/def_front/cast_def_0_8504.jpeg,defect,train
train/def_front/cast_def_0_8505.jpeg,defect,train
train/def_front/cast_def_0_8506.jpeg,defect,train
train/def_front/cast_def_0_8516.jpeg,defect,train
train/def_front/cast_def_0_8517.jpeg,defect,train
train/def_front/cast_def_0_8521.jpeg,defect,train
train/def_front/cast_def_0_8525.jpeg,defect,train
train/def_front/cast_def_0_8527.jpeg,defect,train
train/def_front/cast_def_0_8529.jpeg,defect,train
train/def_front/cast_def_0_853.jpeg,defect,train
train/def_front/cast_def_0_8532.jpeg,defect,train
train/def_front/cast_def_0_8535.jpeg,defect,train
train/def_front/cast_def_0_8541.jpeg,defect,train
train/def_front/cast_def_0_8543.jpeg,defect,train
train/def_front/cast_def_0_8544.jpeg,defect,train
train/def_front/cast_def_0_8548.jpeg,defect,train
train/def_front/cast_def_0_8550.jpeg,defect,train
train/def_front/cast_def_0_8555.jpeg,defect,train
train/def_front/cast_def_0_8557.jpeg,defect,train
train/def_front/cast_def_0_8558.jpeg,defect,train
train/def_front/cast_def_0_8560.jpeg,defect,train
train/def_front/cast_def_0_8561.jpeg,defect,train
train/def_front/cast_def_0_8567.jpeg,defect,train
train/def_front/cast_def_0_857.jpeg,defect,train
train/def_front/cast_def_0_8570.jpeg,defect,train
train/def_front/cast_def_0_8571.jpeg,defect,train
train/def_front/cast_def_0_8576.jpeg,defect,train
train/def_front/cast_def_0_8581.jpeg,defect,train
train/def_front/cast_def_0_8583.jpeg,defect,train
train/def_front/cast_def_0_8594.jpeg,defect,train
train/def_front/cast_def_0_8597.jpeg,defect,train
train/def_front/cast_def_0_8598.jpeg,defect,train
train/def_front/cast_def_0_860.jpeg,defect,train
train/def_front/cast_def_0_8605.jpeg,defect,train
train/def_front/cast_def_0_8606.jpeg,defect,train
train/def_front/cast_def_0_8609.jpeg,defect,train
train/def_front/cast_def_0_8610.jpeg,defect,train
train/def_front/cast_def_0_8611.jpeg,defect,train
train/def_front/cast_def_0_8612.jpeg,defect,train
train/def_front/cast_def_0_8615.jpeg,defect,train
train/def_front/cast_def_0_8616.jpeg,defect,train
train/def_front/cast_def_0_8617.jpeg,defect,train
train/def_front/cast_def_0_8621.jpeg,defect,train
train/def_front/cast_def_0_8622.jpeg,defect,train
train/def_front/cast_def_0_8626.jpeg,defect,train
train/def_front/cast_def_0_8631.jpeg,defect,train
train/def_front/cast_def_0_8634.jpeg,defect,train
train/def_front/cast_def_0_8638.jpeg,defect,train
train/def_front/cast_def_0_8639.jpeg,defect,train
train/def_front/cast_def_0_8640.jpeg,defect,train
train/def_front/cast_def_0_8641.jpeg,defect,train
train/def_front/cast_def_0_8643.jpeg,defect,train
train/def_front/cast_def_0_8644.jpeg,defect,train
train/def_front/cast_def_0_8647.jpeg,defect,train
train/def_front/cast_def_0_8651.jpeg,defect,train
train/def_front/cast_def_0_8652.jpeg,defect,train
train/def_front/cast_def_0_8654.jpeg,defect,train
train/def_front/cast_def_0_8656.jpeg,defect,train
train/def_front/cast_def_0_8658.jpeg,defect,train
train/def_front/cast_def_0_8659.jpeg,defect,train
train/def_front/cast_def_0_8661.jpeg,defect,train
train/def_front/cast_def_0_8671.jpeg,defect,train
train/def_front/cast_def_0_8679.jpeg,defect,train
train/def_front/cast_def_0_8694.jpeg,defect,train
train/def_front/cast_def_0_8698.jpeg,defect,train
train/def_front/cast_def_0_8702.jpeg,defect,train
train/def_front/cast_def_0_8706.jpeg,defect,train
train/def_front/cast_def_0_8714.jpeg,defect,train
train/def_front/cast_def_0_8715.jpeg,defect,train
train/def_front/cast_def_0_8718.jpeg,defect,train
train/def_front/cast_def_0_872.jpeg,defect,train
train/def_front/cast_def_0_8720.jpeg,defect,train
train/def_front/cast_def_0_8723.jpeg,defect,train
train/def_front/cast_def_0_8728.jpeg,defect,train
train/def_front/cast_def_0_873.jpeg,defect,train
train/def_front/cast_def_0_8730.jpeg,defect,train
train/def_front/cast_def_0_8732.jpeg,defect,train
train/def_front/cast_def_0_8734.jpeg,defect,train
train/def_front/cast_def_0_8735.jpeg,defect,train
train/def_front/cast_def_0_8736.jpeg,defect,train
train/def_front/cast_def_0_8737.jpeg,defect,train
train/def_front/cast_def_0_8740.jpeg,defect,train
train/def_front/cast_def_0_8743.jpeg,defect,train
train/def_front/cast_def_0_8748.jpeg,defect,train
train/def_front/cast_def_0_875.jpeg,defect,train
train/def_front/cast_def_0_8751.jpeg,defect,train
train/def_front/cast_def_0_8755.jpeg,defect,train
train/def_front/cast_def_0_8756.jpeg,defect,train
train/def_front/cast_def_0_8759.jpeg,defect,train
train/def_front/cast_def_0_8761.jpeg,defect,train
train/def_front/cast_def_0_8762.jpeg,defect,train
train/def_front/cast_def_0_8764.jpeg,defect,train
train/def_front/cast_def_0_8768.jpeg,defect,train
train/def_front/cast_def_0_877.jpeg,defect,train
train/def_front/cast_def_0_8771.jpeg,defect,train
train/def_front/cast_def_0_8772.jpeg,defect,train
train/def_front/cast_def_0_8774.jpeg,defect,train
train/def_front/cast_def_0_8783.jpeg,defect,train
train/def_front/cast_def_0_8785.jpeg,defect,train
train/def_front/cast_def_0_8786.jpeg,defect,train
train/def_front/cast_def_0_8787.jpeg,defect,train
train/def_front/cast_def_0_8794.jpeg,defect,train
train/def_front/cast_def_0_8796.jpeg,defect,train
train/def_front/cast_def_0_8797.jpeg,defect,train
train/def_front/cast_def_0_880.jpeg,defect,train
train/def_front/cast_def_0_8800.jpeg,defect,train
train/def_front/cast_def_0_8801.jpeg,defect,train
train/def_front/cast_def_0_8804.jpeg,defect,train
train/def_front/cast_def_0_8807.jpeg,defect,train
train/def_front/cast_def_0_8808.jpeg,defect,train
train/def_front/cast_def_0_8809.jpeg,defect,train
train/def_front/cast_def_0_8812.jpeg,defect,train
train/def_front/cast_def_0_8819.jpeg,defect,train
train/def_front/cast_def_0_882.jpeg,defect,train
train/def_front/cast_def_0_8820.jpeg,defect,train
train/def_front/cast_def_0_8821.jpeg,defect,train
train/def_front/cast_def_0_8823.jpeg,defect,train
train/def_front/cast_def_0_8824.jpeg,defect,train
train/def_front/cast_def_0_8827.jpeg,defect,train
train/def_front/cast_def_0_883.jpeg,defect,train
train/def_front/cast_def_0_8833.jpeg,defect,train
train/def_front/cast_def_0_8837.jpeg,defect,train
train/def_front/cast_def_0_8845.jpeg,defect,train
train/def_front/cast_def_0_8846.jpeg,defect,train
train/def_front/cast_def_0_8847.jpeg,defect,train
train/def_front/cast_def_0_8851.jpeg,defect,train
train/def_front/cast_def_0_8852.jpeg,defect,train
train/def_front/cast_def_0_8853.jpeg,defect,train
train/def_front/cast_def_0_8855.jpeg,defect,train
train/def_front/cast_def_0_8856.jpeg,defect,train
train/def_front/cast_def_0_8859.jpeg,defect,train
train/def_front/cast_def_0_8863.jpeg,defect,train
train/def_front/cast_def_0_8866.jpeg,defect,train
train/def_front/cast_def_0_8867.jpeg,defect,train
train/def_front/cast_def_0_8868.jpeg,defect,train
train/def_front/cast_def_0_887.jpeg,defect,train
train/def_front/cast_def_0_8872.jpeg,defect,train
train/def_front/cast_def_0_8876.jpeg,defect,train
train/def_front/cast_def_0_8878.jpeg,defect,train
train/def_front/cast_def_0_8879.jpeg,defect,train
train/def_front/cast_def_0_8880.jpeg,defect,train
train/def_front/cast_def_0_8883.jpeg,defect,train
train/def_front/cast_def_0_8884.jpeg,defect,train
train/def_front/cast_def_0_8887.jpeg,defect,train
train/def_front/cast_def_0_8888.jpeg,defect,train
train/def_front/cast_def_0_8893.jpeg,defect,train
train/def_front/cast_def_0_8899.jpeg,defect,train
train/def_front/cast_def_0_89.jpeg,defect,train
train/def_front/cast_def_0_8902.jpeg,defect,train
train/def_front/cast_def_0_8904.jpeg,defect,train
train/def_front/cast_def_0_8909.jpeg,defect,train
train/def_front/cast_def_0_8910.jpeg,defect,train
train/def_front/cast_def_0_8915.jpeg,defect,train
train/def_front/cast_def_0_8917.jpeg,defect,train
train/def_front/cast_def_0_8918.jpeg,defect,train
train/def_front/cast_def_0_8922.jpeg,defect,train
train/def_front/cast_def_0_8923.jpeg,defect,train
train/def_front/cast_def_0_8924.jpeg,defect,train
train/def_front/cast_def_0_8925.jpeg,defect,train
train/def_front/cast_def_0_8928.jpeg,defect,train
train/def_front/cast_def_0_893.jpeg,defect,train
train/def_front/cast_def_0_8933.jpeg,defect,train
train/def_front/cast_def_0_8936.jpeg,defect,train
train/def_front/cast_def_0_8940.jpeg,defect,train
train/def_front/cast_def_0_8943.jpeg,defect,train
train/def_front/cast_def_0_8947.jpeg,defect,train
train/def_front/cast_def_0_895.jpeg,defect,train
train/def_front/cast_def_0_8950.jpeg,defect,train
train/def_front/cast_def_0_8952.jpeg,defect,train
train/def_front/cast_def_0_8954.jpeg,defect,train
train/def_front/cast_def_0_8956.jpeg,defect,train
train/def_front/cast_def_0_8957.jpeg,defect,train
train/def_front/cast_def_0_8961.jpeg,defect,train
train/def_front/cast_def_0_8965.jpeg,defect,train
train/def_front/cast_def_0_8973.jpeg,defect,train
train/def_front/cast_def_0_8979.jpeg,defect,train
train/def_front/cast_def_0_898.jpeg,defect,train
train/def_front/cast_def_0_8984.jpeg,defect,train
train/def_front/cast_def_0_8988.jpeg,defect,train
train/def_front/cast_def_0_8990.jpeg,defect,train
train/def_front/cast_def_0_8991.jpeg,defect,train
train/def_front/cast_def_0_8992.jpeg,defect,train
train/def_front/cast_def_0_8993.jpeg,defect,train
train/def_front/cast_def_0_8994.jpeg,defect,train
train/def_front/cast_def_0_8999.jpeg,defect,train
train/def_front/cast_def_0_9.jpeg,defect,train
train/def_front/cast_def_0_9000.jpeg,defect,train
train/def_front/cast_def_0_9002.jpeg,defect,train
train/def_front/cast_def_0_9003.jpeg,defect,train
train/def_front/cast_def_0_9006.jpeg,defect,train
train/def_front/cast_def_0_9007.jpeg,defect,train
train/def_front/cast_def_0_9008.jpeg,defect,train
train/def_front/cast_def_0_9014.jpeg,defect,train
train/def_front/cast_def_0_9016.jpeg,defect,train
train/def_front/cast_def_0_9018.jpeg,defect,train
train/def_front/cast_def_0_9020.jpeg,defect,train
train/def_front/cast_def_0_9021.jpeg,defect,train
train/def_front/cast_def_0_9024.jpeg,defect,train
train/def_front/cast_def_0_9026.jpeg,defect,train
train/def_front/cast_def_0_9027.jpeg,defect,train
train/def_front/cast_def_0_9032.jpeg,defect,train
train/def_front/cast_def_0_9033.jpeg,defect,train
train/def_front/cast_def_0_9039.jpeg,defect,train
train/def_front/cast_def_0_904.jpeg,defect,train
train/def_front/cast_def_0_9042.jpeg,defect,train
train/def_front/cast_def_0_9043.jpeg,defect,train
train/def_front/cast_def_0_9047.jpeg,defect,train
train/def_front/cast_def_0_9048.jpeg,defect,train
train/def_front/cast_def_0_9049.jpeg,defect,train
train/def_front/cast_def_0_9051.jpeg,defect,train
train/def_front/cast_def_0_9062.jpeg,defect,train
train/def_front/cast_def_0_9064.jpeg,defect,train
train/def_front/cast_def_0_9065.jpeg,defect,train
train/def_front/cast_def_0_9066.jpeg,defect,train
train/def_front/cast_def_0_9069.jpeg,defect,train
train/def_front/cast_def_0_907.jpeg,defect,train
train/def_front/cast_def_0_9071.jpeg,defect,train
train/def_front/cast_def_0_9073.jpeg,defect,train
train/def_front/cast_def_0_9077.jpeg,defect,train
train/def_front/cast_def_0_9079.jpeg,defect,train
train/def_front/cast_def_0_908.jpeg,defect,train
train/def_front/cast_def_0_9088.jpeg,defect,train
train/def_front/cast_def_0_909.jpeg,defect,train
train/def_front/cast_def_0_9095.jpeg,defect,train
train/def_front/cast_def_0_91.jpeg,defect,train
train/def_front/cast_def_0_910.jpeg,defect,train
train/def_front/cast_def_0_9101.jpeg,defect,train
train/def_front/cast_def_0_9104.jpeg,defect,train
train/def_front/cast_def_0_9107.jpeg,defect,train
train/def_front/cast_def_0_9108.jpeg,defect,train
train/def_front/cast_def_0_9109.jpeg,defect,train
train/def_front/cast_def_0_911.jpeg,defect,train
train/def_front/cast_def_0_9111.jpeg,defect,train
train/def_front/cast_def_0_912.jpeg,defect,train
train/def_front/cast_def_0_9125.jpeg,defect,train
train/def_front/cast_def_0_9128.jpeg,defect,train
train/def_front/cast_def_0_9129.jpeg,defect,train
train/def_front/cast_def_0_913.jpeg,defect,train
train/def_front/cast_def_0_9130.jpeg,defect,train
train/def_front/cast_def_0_9135.jpeg,defect,train
train/def_front/cast_def_0_9138.jpeg,defect,train
train/def_front/cast_def_0_914.jpeg,defect,train
train/def_front/cast_def_0_9141.jpeg,defect,train
train/def_front/cast_def_0_9142.jpeg,defect,train
train/def_front/cast_def_0_9144.jpeg,defect,train
train/def_front/cast_def_0_9145.jpeg,defect,train
train/def_front/cast_def_0_9147.jpeg,defect,train
train/def_front/cast_def_0_915.jpeg,defect,train
train/def_front/cast_def_0_9153.jpeg,defect,train
train/def_front/cast_def_0_9155.jpeg,defect,train
train/def_front/cast_def_0_9156.jpeg,defect,train
train/def_front/cast_def_0_9157.jpeg,defect,train
train/def_front/cast_def_0_9165.jpeg,defect,train
train/def_front/cast_def_0_9169.jpeg,defect,train
train/def_front/cast_def_0_9173.jpeg,defect,train
train/def_front/cast_def_0_9175.jpeg,defect,train
train/def_front/cast_def_0_9179.jpeg,defect,train
train/def_front/cast_def_0_918.jpeg,defect,train
train/def_front/cast_def_0_9180.jpeg,defect,train
train/def_front/cast_def_0_9181.jpeg,defect,train
train/def_front/cast_def_0_9183.jpeg,defect,train
train/def_front/cast_def_0_9184.jpeg,defect,train
train/def_front/cast_def_0_9188.jpeg,defect,train
train/def_front/cast_def_0_9189.jpeg,defect,train
train/def_front/cast_def_0_9191.jpeg,defect,train
train/def_front/cast_def_0_9192.jpeg,defect,train
train/def_front/cast_def_0_9193.jpeg,defect,train
train/def_front/cast_def_0_9194.jpeg,defect,train
train/def_front/cast_def_0_9195.jpeg,defect,train
train/def_front/cast_def_0_9196.jpeg,defect,train
train/def_front/cast_def_0_9198.jpeg,defect,train
train/def_front/cast_def_0_92.jpeg,defect,train
train/def_front/cast_def_0_9204.jpeg,defect,train
train/def_front/cast_def_0_9208.jpeg,defect,train
train/def_front/cast_def_0_9211.jpeg,defect,train
train/def_front/cast_def_0_9212.jpeg,defect,train
train/def_front/cast_def_0_9216.jpeg,defect,train
train/def_front/cast_def_0_9217.jpeg,defect,train
train/def_front/cast_def_0_9220.jpeg,defect,train
train/def_front/cast_def_0_9221.jpeg,defect,train
train/def_front/cast_def_0_9223.jpeg,defect,train
train/def_front/cast_def_0_9228.jpeg,defect,train
train/def_front/cast_def_0_9229.jpeg,defect,train
train/def_front/cast_def_0_9231.jpeg,defect,train
train/def_front/cast_def_0_9233.jpeg,defect,train
train/def_front/cast_def_0_9238.jpeg,defect,train
train/def_front/cast_def_0_9239.jpeg,defect,train
train/def_front/cast_def_0_9242.jpeg,defect,train
train/def_front/cast_def_0_9244.jpeg,defect,train
train/def_front/cast_def_0_9248.jpeg,defect,train
train/def_front/cast_def_0_925.jpeg,defect,train
train/def_front/cast_def_0_9252.jpeg,defect,train
train/def_front/cast_def_0_9254.jpeg,defect,train
train/def_front/cast_def_0_9255.jpeg,defect,train
train/def_front/cast_def_0_9258.jpeg,defect,train
train/def_front/cast_def_0_9259.jpeg,defect,train
train/def_front/cast_def_0_9261.jpeg,defect,train
train/def_front/cast_def_0_9264.jpeg,defect,train
train/def_front/cast_def_0_9267.jpeg,defect,train
train/def_front/cast_def_0_9281.jpeg,defect,train
train/def_front/cast_def_0_9283.jpeg,defect,train
train/def_front/cast_def_0_9285.jpeg,defect,train
train/def_front/cast_def_0_9291.jpeg,defect,train
train/def_front/cast_def_0_9294.jpeg,defect,train
train/def_front/cast_def_0_9299.jpeg,defect,train
train/def_front/cast_def_0_930.jpeg,defect,train
train/def_front/cast_def_0_9301.jpeg,defect,train
train/def_front/cast_def_0_9305.jpeg,defect,train
train/def_front/cast_def_0_9306.jpeg,defect,train
train/def_front/cast_def_0_9311.jpeg,defect,train
train/def_front/cast_def_0_9313.jpeg,defect,train
train/def_front/cast_def_0_9314.jpeg,defect,train
train/def_front/cast_def_0_9317.jpeg,defect,train
train/def_front/cast_def_0_9318.jpeg,defect,train
train/def_front/cast_def_0_9319.jpeg,defect,train
train/def_front/cast_def_0_9322.jpeg,defect,train
train/def_front/cast_def_0_9324.jpeg,defect,train
train/def_front/cast_def_0_9325.jpeg,defect,train
train/def_front/cast_def_0_933.jpeg,defect,train
train/def_front/cast_def_0_9332.jpeg,defect,train
train/def_front/cast_def_0_9342.jpeg,defect,train
train/def_front/cast_def_0_9345.jpeg,defect,train
train/def_front/cast_def_0_9348.jpeg,defect,train
train/def_front/cast_def_0_9349.jpeg,defect,train
train/def_front/cast_def_0_9351.jpeg,defect,train
train/def_front/cast_def_0_9356.jpeg,defect,train
train/def_front/cast_def_0_9357.jpeg,defect,train
train/def_front/cast_def_0_936.jpeg,defect,train
train/def_front/cast_def_0_9365.jpeg,defect,train
train/def_front/cast_def_0_9367.jpeg,defect,train
train/def_front/cast_def_0_9368.jpeg,defect,train
train/def_front/cast_def_0_9371.jpeg,defect,train
train/def_front/cast_def_0_9374.jpeg,defect,train
train/def_front/cast_def_0_9378.jpeg,defect,train
train/def_front/cast_def_0_9379.jpeg,defect,train
train/def_front/cast_def_0_938.jpeg,defect,train
train/def_front/cast_def_0_9381.jpeg,defect,train
train/def_front/cast_def_0_9382.jpeg,defect,train
train/def_front/cast_def_0_9386.jpeg,defect,train
train/def_front/cast_def_0_9387.jpeg,defect,train
train/def_front/cast_def_0_9389.jpeg,defect,train
train/def_front/cast_def_0_9390.jpeg,defect,train
train/def_front/cast_def_0_9393.jpeg,defect,train
train/def_front/cast_def_0_9396.jpeg,defect,train
train/def_front/cast_def_0_9397.jpeg,defect,train
train/def_front/cast_def_0_9401.jpeg,defect,train
train/def_front/cast_def_0_9404.jpeg,defect,train
train/def_front/cast_def_0_9406.jpeg,defect,train
train/def_front/cast_def_0_9408.jpeg,defect,train
train/def_front/cast_def_0_9409.jpeg,defect,train
train/def_front/cast_def_0_941.jpeg,defect,train
train/def_front/cast_def_0_9412.jpeg,defect,train
train/def_front/cast_def_0_9417.jpeg,defect,train
train/def_front/cast_def_0_9419.jpeg,defect,train
train/def_front/cast_def_0_9420.jpeg,defect,train
train/def_front/cast_def_0_9421.jpeg,defect,train
train/def_front/cast_def_0_9422.jpeg,defect,train
train/def_front/cast_def_0_9423.jpeg,defect,train
train/def_front/cast_def_0_9430.jpeg,defect,train
train/def_front/cast_def_0_9435.jpeg,defect,train
train/def_front/cast_def_0_9437.jpeg,defect,train
train/def_front/cast_def_0_944.jpeg,defect,train
train/def_front/cast_def_0_9440.jpeg,defect,train
train/def_front/cast_def_0_9442.jpeg,defect,train
train/def_front/cast_def_0_9443.jpeg,defect,train
train/def_front/cast_def_0_9444.jpeg,defect,train
train/def_front/cast_def_0_9445.jpeg,defect,train
train/def_front/cast_def_0_9446.jpeg,defect,train
train/def_front/cast_def_0_9448.jpeg,defect,train
train/def_front/cast_def_0_9449.jpeg,defect,train
train/def_front/cast_def_0_9450.jpeg,defect,train
train/def_front/cast_def_0_9451.jpeg,defect,train
train/def_front/cast_def_0_9453.jpeg,defect,train
train/def_front/cast_def_0_9454.jpeg,defect,train
train/def_front/cast_def_0_9455.jpeg,defect,train
train/def_front/cast_def_0_9456.jpeg,defect,train
train/def_front/cast_def_0_946.jpeg,defect,train
train/def_front/cast_def_0_9461.jpeg,defect,train
train/def_front/cast_def_0_9464.jpeg,defect,train
train/def_front/cast_def_0_9465.jpeg,defect,train
train/def_front/cast_def_0_9466.jpeg,defect,train
train/def_front/cast_def_0_9467.jpeg,defect,train
train/def_front/cast_def_0_9468.jpeg,defect,train
train/def_front/cast_def_0_9470.jpeg,defect,train
train/def_front/cast_def_0_9478.jpeg,defect,train
train/def_front/cast_def_0_9479.jpeg,defect,train
train/def_front/cast_def_0_9480.jpeg,defect,train
train/def_front/cast_def_0_9481.jpeg,defect,train
train/def_front/cast_def_0_9482.jpeg,defect,train
train/def_front/cast_def_0_9483.jpeg,defect,train
train/def_front/cast_def_0_9486.jpeg,defect,train
train/def_front/cast_def_0_9487.jpeg,defect,train
train/def_front/cast_def_0_9488.jpeg,defect,train
train/def_front/cast_def_0_9489.jpeg,defect,train
train/def_front/cast_def_0_9490.jpeg,defect,train
train/def_front/cast_def_0_9493.jpeg,defect,train
train/def_front/cast_def_0_9495.jpeg,defect,train
train/def_front/cast_def_0_9497.jpeg,defect,train
train/def_front/cast_def_0_9498.jpeg,defect,train
train/def_front/cast_def_0_95.jpeg,defect,train
train/def_front/cast_def_0_9500.jpeg,defect,train
train/def_front/cast_def_0_9502.jpeg,defect,train
train/def_front/cast_def_0_9510.jpeg,defect,train
train/def_front/cast_def_0_9515.jpeg,defect,train
train/def_front/cast_def_0_9517.jpeg,defect,train
train/def_front/cast_def_0_9519.jpeg,defect,train
train/def_front/cast_def_0_9520.jpeg,defect,train
train/def_front/cast_def_0_9521.jpeg,defect,train
train/def_front/cast_def_0_9523.jpeg,defect,train
train/def_front/cast_def_0_9524.jpeg,defect,train
train/def_front/cast_def_0_9527.jpeg,defect,train
train/def_front/cast_def_0_9531.jpeg,defect,train
train/def_front/cast_def_0_9537.jpeg,defect,train
train/def_front/cast_def_0_9538.jpeg,defect,train
train/def_front/cast_def_0_9539.jpeg,defect,train
train/def_front/cast_def_0_9542.jpeg,defect,train
train/def_front/cast_def_0_9545.jpeg,defect,train
train/def_front/cast_def_0_9546.jpeg,defect,train
train/def_front/cast_def_0_9548.jpeg,defect,train
train/def_front/cast_def_0_9552.jpeg,defect,train
train/def_front/cast_def_0_9553.jpeg,defect,train
train/def_front/cast_def_0_9555.jpeg,defect,train
train/def_front/cast_def_0_9558.jpeg,defect,train
train/def_front/cast_def_0_9564.jpeg,defect,train
train/def_front/cast_def_0_9569.jpeg,defect,train
train/def_front/cast_def_0_9573.jpeg,defect,train
train/def_front/cast_def_0_9576.jpeg,defect,train
train/def_front/cast_def_0_958.jpeg,defect,train
train/def_front/cast_def_0_9581.jpeg,defect,train
train/def_front/cast_def_0_9584.jpeg,defect,train
train/def_front/cast_def_0_9587.jpeg,defect,train
train/def_front/cast_def_0_9588.jpeg,defect,train
train/def_front/cast_def_0_9590.jpeg,defect,train
train/def_front/cast_def_0_9591.jpeg,defect,train
train/def_front/cast_def_0_9599.jpeg,defect,train
train/def_front/cast_def_0_9600.jpeg,defect,train
train/def_front/cast_def_0_9601.jpeg,defect,train
train/def_front/cast_def_0_9602.jpeg,defect,train
train/def_front/cast_def_0_9607.jpeg,defect,train
train/def_front/cast_def_0_9609.jpeg,defect,train
train/def_front/cast_def_0_9616.jpeg,defect,train
train/def_front/cast_def_0_962.jpeg,defect,train
train/def_front/cast_def_0_9621.jpeg,defect,train
train/def_front/cast_def_0_9624.jpeg,defect,train
train/def_front/cast_def_0_9626.jpeg,defect,train
train/def_front/cast_def_0_9627.jpeg,defect,train
train/def_front/cast_def_0_9628.jpeg,defect,train
train/def_front/cast_def_0_9631.jpeg,defect,train
train/def_front/cast_def_0_9633.jpeg,defect,train
train/def_front/cast_def_0_9634.jpeg,defect,train
train/def_front/cast_def_0_9635.jpeg,defect,train
train/def_front/cast_def_0_9637.jpeg,defect,train
train/def_front/cast_def_0_9639.jpeg,defect,train
train/def_front/cast_def_0_964.jpeg,defect,train
train/def_front/cast_def_0_9642.jpeg,defect,train
train/def_front/cast_def_0_9646.jpeg,defect,train
train/def_front/cast_def_0_9647.jpeg,defect,train
train/def_front/cast_def_0_965.jpeg,defect,train
train/def_front/cast_def_0_9650.jpeg,defect,train
train/def_front/cast_def_0_9651.jpeg,defect,train
train/def_front/cast_def_0_9658.jpeg,defect,train
train/def_front/cast_def_0_9659.jpeg,defect,train
train/def_front/cast_def_0_9661.jpeg,defect,train
train/def_front/cast_def_0_9670.jpeg,defect,train
train/def_front/cast_def_0_9671.jpeg,defect,train
train/def_front/cast_def_0_9673.jpeg,defect,train
train/def_front/cast_def_0_9677.jpeg,defect,train
train/def_front/cast_def_0_9678.jpeg,defect,train
train/def_front/cast_def_0_9682.jpeg,defect,train
train/def_front/cast_def_0_9683.jpeg,defect,train
train/def_front/cast_def_0_9689.jpeg,defect,train
train/def_front/cast_def_0_9691.jpeg,defect,train
train/def_front/cast_def_0_9693.jpeg,defect,train
train/def_front/cast_def_0_9697.jpeg,defect,train
train/def_front/cast_def_0_97.jpeg,defect,train
train/def_front/cast_def_0_970.jpeg,defect,train
train/def_front/cast_def_0_9700.jpeg,defect,train
train/def_front/cast_def_0_9701.jpeg,defect,train
train/def_front/cast_def_0_9702.jpeg,defect,train
train/def_front/cast_def_0_9703.jpeg,defect,train
train/def_front/cast_def_0_9705.jpeg,defect,train
train/def_front/cast_def_0_9707.jpeg,defect,train
train/def_front/cast_def_0_9713.jpeg,defect,train
train/def_front/cast_def_0_9715.jpeg,defect,train
train/def_front/cast_def_0_9717.jpeg,defect,train
train/def_front/cast_def_0_972.jpeg,defect,train
train/def_front/cast_def_0_973.jpeg,defect,train
train/def_front/cast_def_0_9736.jpeg,defect,train
train/def_front/cast_def_0_974.jpeg,defect,train
train/def_front/cast_def_0_9740.jpeg,defect,train
train/def_front/cast_def_0_9743.jpeg,defect,train
train/def_front/cast_def_0_9744.jpeg,defect,train
train/def_front/cast_def_0_9745.jpeg,defect,train
train/def_front/cast_def_0_9750.jpeg,defect,train
train/def_front/cast_def_0_9753.jpeg,defect,train
train/def_front/cast_def_0_9757.jpeg,defect,train
train/def_front/cast_def_0_9759.jpeg,defect,train
train/def_front/cast_def_0_9761.jpeg,defect,train
train/def_front/cast_def_0_9762.jpeg,defect,train
train/def_front/cast_def_0_9765.jpeg,defect,train
train/def_front/cast_def_0_9777.jpeg,defect,train
train/def_front/cast_def_0_978.jpeg,defect,train
train/def_front/cast_def_0_9784.jpeg,defect,train
train/def_front/cast_def_0_9785.jpeg,defect,train
train/def_front/cast_def_0_9792.jpeg,defect,train
train/def_front/cast_def_0_9799.jpeg,defect,train
train/def_front/cast_def_0_98.jpeg,defect,train
train/def_front/cast_def_0_9800.jpeg,defect,train
train/def_front/cast_def_0_9802.jpeg,defect,train
train/def_front/cast_def_0_9808.jpeg,defect,train
train/def_front/cast_def_0_9811.jpeg,defect,train
train/def_front/cast_def_0_9812.jpeg,defect,train
train/def_front/cast_def_0_9813.jpeg,defect,train
train/def_front/cast_def_0_9816.jpeg,defect,train
train/def_front/cast_def_0_9817.jpeg,defect,train
train/def_front/cast_def_0_982.jpeg,defect,train
train/def_front/cast_def_0_9820.jpeg,defect,train
train/def_front/cast_def_0_9821.jpeg,defect,train
train/def_front/cast_def_0_9823.jpeg,defect,train
train/def_front/cast_def_0_9825.jpeg,defect,train
train/def_front/cast_def_0_983.jpeg,defect,train
train/def_front/cast_def_0_9831.jpeg,defect,train
train/def_front/cast_def_0_9832.jpeg,defect,train
train/def_front/cast_def_0_9835.jpeg,defect,train
train/def_front/cast_def_0_9838.jpeg,defect,train
train/def_front/cast_def_0_9839.jpeg,defect,train
train/def_front/cast_def_0_9841.jpeg,defect,train
train/def_front/cast_def_0_9845.jpeg,defect,train
train/def_front/cast_def_0_9847.jpeg,defect,train
train/def_front/cast_def_0_9848.jpeg,defect,train
train/def_front/cast_def_0_985.jpeg,defect,train
train/def_front/cast_def_0_9851.jpeg,defect,train
train/def_front/cast_def_0_9852.jpeg,defect,train
train/def_front/cast_def_0_9854.jpeg,defect,train
train/def_front/cast_def_0_9855.jpeg,defect,train
train/def_front/cast_def_0_9858.jpeg,defect,train
train/def_front/cast_def_0_9861.jpeg,defect,train
train/def_front/cast_def_0_9863.jpeg,defect,train
train/def_front/cast_def_0_9864.jpeg,defect,train
train/def_front/cast_def_0_9865.jpeg,defect,train
train/def_front/cast_def_0_9867.jpeg,defect,train
train/def_front/cast_def_0_987.jpeg,defect,train
train/def_front/cast_def_0_9870.jpeg,defect,train
train/def_front/cast_def_0_9871.jpeg,defect,train
train/def_front/cast_def_0_9872.jpeg,defect,train
train/def_front/cast_def_0_9874.jpeg,defect,train
train/def_front/cast_def_0_9876.jpeg,defect,train
train/def_front/cast_def_0_9878.jpeg,defect,train
train/def_front/cast_def_0_9879.jpeg,defect,train
train/def_front/cast_def_0_9880.jpeg,defect,train
train/def_front/cast_def_0_9886.jpeg,defect,train
train/def_front/cast_def_0_9889.jpeg,defect,train
train/def_front/cast_def_0_9890.jpeg,defect,train
train/def_front/cast_def_0_9891.jpeg,defect,train
train/def_front/cast_def_0_9893.jpeg,defect,train
train/def_front/cast_def_0_9897.jpeg,defect,train
train/def_front/cast_def_0_99.jpeg,defect,train
train/def_front/cast_def_0_9903.jpeg,defect,train
train/def_front/cast_def_0_9906.jpeg,defect,train
train/def_front/cast_def_0_9908.jpeg,defect,train
train/def_front/cast_def_0_9910.jpeg,defect,train
train/def_front/cast_def_0_9911.jpeg,defect,train
train/def_front/cast_def_0_9912.jpeg,defect,train
train/def_front/cast_def_0_9914.jpeg,defect,train
train/def_front/cast_def_0_9915.jpeg,defect,train
train/def_front/cast_def_0_9917.jpeg,defect,train
train/def_front/cast_def_0_992.jpeg,defect,train
train/def_front/cast_def_0_9920.jpeg,defect,train
train/def_front/cast_def_0_9921.jpeg,defect,train
train/def_front/cast_def_0_9924.jpeg,defect,train
train/def_front/cast_def_0_9927.jpeg,defect,train
train/def_front/cast_def_0_9928.jpeg,defect,train
train/def_front/cast_def_0_9929.jpeg,defect,train
train/def_front/cast_def_0_993.jpeg,defect,train
train/def_front/cast_def_0_9930.jpeg,defect,train
train/def_front/cast_def_0_9933.jpeg,defect,train
train/def_front/cast_def_0_9935.jpeg,defect,train
train/def_front/cast_def_0_9937.jpeg,defect,train
train/def_front/cast_def_0_9945.jpeg,defect,train
train/def_front/cast_def_0_9947.jpeg,defect,train
train/def_front/cast_def_0_9953.jpeg,defect,train
train/def_front/cast_def_0_9956.jpeg,defect,train
train/def_front/cast_def_0_9958.jpeg,defect,train
train/def_front/cast_def_0_9963.jpeg,defect,train
train/def_front/cast_def_0_9965.jpeg,defect,train
train/def_front/cast_def_0_9966.jpeg,defect,train
train/def_front/cast_def_0_997.jpeg,defect,train
train/def_front/cast_def_0_9970.jpeg,defect,train
train/def_front/cast_def_0_9975.jpeg,defect,train
train/def_front/cast_def_0_9977.jpeg,defect,train
train/def_front/cast_def_0_9981.jpeg,defect,train
train/def_front/cast_def_0_9982.jpeg,defect,train
train/def_front/cast_def_0_9983.jpeg,defect,train
train/def_front/cast_def_0_9986.jpeg,defect,train
train/def_front/cast_def_0_9988.jpeg,defect,train
train/def_front/cast_def_0_999.jpeg,defect,train
train/def_front/cast_def_0_9992.jpeg,defect,train
train/def_front/cast_def_0_9996.jpeg,defect,train
train/def_front/cast_def_0_9997.jpeg,defect,train
train/ok_front/cast_ok_0_1.jpeg,ok,train
train/ok_front/cast_ok_0_1001.jpeg,ok,train
train/ok_front/cast_ok_0_1002.jpeg,ok,train
train/ok_front/cast_ok_0_1003.jpeg,ok,train
train/ok_front/cast_ok_0_1005.jpeg,ok,train
train/ok_front/cast_ok_0_1009.jpeg,ok,train
train/ok_front/cast_ok_0_1013.jpeg,ok,train
train/ok_front/cast_ok_0_1016.jpeg,ok,train
train/ok_front/cast_ok_0_1019.jpeg,ok,train
train/ok_front/cast_ok_0_102.jpeg,ok,train
train/ok_front/cast_ok_0_1020.jpeg,ok,train
train/ok_front/cast_ok_0_1021.jpeg,ok,train
train/ok_front/cast_ok_0_1026.jpeg,ok,train
train/ok_front/cast_ok_0_1028.jpeg,ok,train
train/ok_front/cast_ok_0_1031.jpeg,ok,train
train/ok_front/cast_ok_0_104.jpeg,ok,train
train/ok_front/cast_ok_0_1040.jpeg,ok,train
train/ok_front/cast_ok_0_1050.jpeg,ok,train
train/ok_front/cast_ok_0_1057.jpeg,ok,train
train/ok_front/cast_ok_0_1062.jpeg,ok,train
train/ok_front/cast_ok_0_1069.jpeg,ok,train
train/ok_front/cast_ok_0_1077.jpeg,ok,train
train/ok_front/cast_ok_0_1088.jpeg,ok,train
train/ok_front/cast_ok_0_1092.jpeg,ok,train
train/ok_front/cast_ok_0_1096.jpeg,ok,train
train/ok_front/cast_ok_0_1099.jpeg,ok,train
train/ok_front/cast_ok_0_1103.jpeg,ok,train
train/ok_front/cast_ok_0_1116.jpeg,ok,train
train/ok_front/cast_ok_0_1119.jpeg,ok,train
train/ok_front/cast_ok_0_112.jpeg,ok,train
train/ok_front/cast_ok_0_1120.jpeg,ok,train
train/ok_front/cast_ok_0_1127.jpeg,ok,train
train/ok_front/cast_ok_0_1132.jpeg,ok,train
train/ok_front/cast_ok_0_1134.jpeg,ok,train
train/ok_front/cast_ok_0_1137.jpeg,ok,train
train/ok_front/cast_ok_0_114.jpeg,ok,train
train/ok_front/cast_ok_0_1148.jpeg,ok,train
train/ok_front/cast_ok_0_1149.jpeg,ok,train
train/ok_front/cast_ok_0_1153.jpeg,ok,train
train/ok_front/cast_ok_0_1160.jpeg,ok,train
train/ok_front/cast_ok_0_1165.jpeg,ok,train
train/ok_front/cast_ok_0_1171.jpeg,ok,train
train/ok_front/cast_ok_0_1172.jpeg,ok,train
train/ok_front/cast_ok_0_1173.jpeg,ok,train
train/ok_front/cast_ok_0_1176.jpeg,ok,train
train/ok_front/cast_ok_0_118.jpeg,ok,train
train/ok_front/cast_ok_0_1180.jpeg,ok,train
train/ok_front/cast_ok_0_1181.jpeg,ok,train
train/ok_front/cast_ok_0_1184.jpeg,ok,train
train/ok_front/cast_ok_0_1193.jpeg,ok,train
train/ok_front/cast_ok_0_12.jpeg,ok,train
train/ok_front/cast_ok_0_120.jpeg,ok,train
train/ok_front/cast_ok_0_1202.jpeg,ok,train
train/ok_front/cast_ok_0_1203.jpeg,ok,train
train/ok_front/cast_ok_0_1207.jpeg,ok,train
train/ok_front/cast_ok_0_1209.jpeg,ok,train
train/ok_front/cast_ok_0_121.jpeg,ok,train
train/ok_front/cast_ok_0_1210.jpeg,ok,train
train/ok_front/cast_ok_0_1213.jpeg,ok,train
train/ok_front/cast_ok_0_1218.jpeg,ok,train
train/ok_front/cast_ok_0_122.jpeg,ok,train
train/ok_front/cast_ok_0_1220.jpeg,ok,train
train/ok_front/cast_ok_0_1229.jpeg,ok,train
train/ok_front/cast_ok_0_1241.jpeg,ok,train
train/ok_front/cast_ok_0_1244.jpeg,ok,train
train/ok_front/cast_ok_0_125.jpeg,ok,train
train/ok_front/cast_ok_0_1254.jpeg,ok,train
train/ok_front/cast_ok_0_1257.jpeg,ok,train
train/ok_front/cast_ok_0_1258.jpeg,ok,train
train/ok_front/cast_ok_0_1260.jpeg,ok,train
train/ok_front/cast_ok_0_1268.jpeg,ok,train
train/ok_front/cast_ok_0_127.jpeg,ok,train
train/ok_front/cast_ok_0_1279.jpeg,ok,train
train/ok_front/cast_ok_0_128.jpeg,ok,train
train/ok_front/cast_ok_0_1283.jpeg,ok,train
train/ok_front/cast_ok_0_1290.jpeg,ok,train
train/ok_front/cast_ok_0_1291.jpeg,ok,train
train/ok_front/cast_ok_0_1292.jpeg,ok,train
train/ok_front/cast_ok_0_1293.jpeg,ok,train
train/ok_front/cast_ok_0_1294.jpeg,ok,train
train/ok_front/cast_ok_0_1296.jpeg,ok,train
train/ok_front/cast_ok_0_1298.jpeg,ok,train
train/ok_front/cast_ok_0_1301.jpeg,ok,train
train/ok_front/cast_ok_0_1303.jpeg,ok,train
train/ok_front/cast_ok_0_1305.jpeg,ok,train
train/ok_front/cast_ok_0_1307.jpeg,ok,train
train/ok_front/cast_ok_0_1308.jpeg,ok,train
train/ok_front/cast_ok_0_1313.jpeg,ok,train
train/ok_front/cast_ok_0_142.jpeg,ok,train
train/ok_front/cast_ok_0_143.jpeg,ok,train
train/ok_front/cast_ok_0_1440.jpeg,ok,train
train/ok_front/cast_ok_0_1443.jpeg,ok,train
train/ok_front/cast_ok_0_1444.jpeg,ok,train
train/ok_front/cast_ok_0_1445.jpeg,ok,train
train/ok_front/cast_ok_0_1450.jpeg,ok,train
train/ok_front/cast_ok_0_1452.jpeg,ok,train
train/ok_front/cast_ok_0_1454.jpeg,ok,train
train/ok_front/cast_ok_0_1456.jpeg,ok,train
train/ok_front/cast_ok_0_1458.jpeg,ok,train
train/ok_front/cast_ok_0_1459.jpeg,ok,train
train/ok_front/cast_ok_0_1461.jpeg,ok,train
train/ok_front/cast_ok_0_1462.jpeg,ok,train
train/ok_front/cast_ok_0_1464.jpeg,ok,train
train/ok_front/cast_ok_0_1468.jpeg,ok,train
train/ok_front/cast_ok_0_147.jpeg,ok,train
train/ok_front/cast_ok_0_1479.jpeg,ok,train
train/ok_front/cast_ok_0_1480.jpeg,ok,train
train/ok_front/cast_ok_0_1481.jpeg,ok,train
train/ok_front/cast_ok_0_1482.jpeg,ok,train
train/ok_front/cast_ok_0_1486.jpeg,ok,train
train/ok_front/cast_ok_0_1488.jpeg,ok,train
train/ok_front/cast_ok_0_149.jpeg,ok,train
train/ok_front/cast_ok_0_1492.jpeg,ok,train
train/ok_front/cast_ok_0_1493.jpeg,ok,train
train/ok_front/cast_ok_0_1505.jpeg,ok,train
train/ok_front/cast_ok_0_1513.jpeg,ok,train
train/ok_front/cast_ok_0_1514.jpeg,ok,train
train/ok_front/cast_ok_0_1516.jpeg,ok,train
train/ok_front/cast_ok_0_1519.jpeg,ok,train
train/ok_front/cast_ok_0_152.jpeg,ok,train
train/ok_front/cast_ok_0_1523.jpeg,ok,train
train/ok_front/cast_ok_0_1527.jpeg,ok,train
train/ok_front/cast_ok_0_1529.jpeg,ok,train
train/ok_front/cast_ok_0_153.jpeg,ok,train
train/ok_front/cast_ok_0_1531.jpeg,ok,train
train/ok_front/cast_ok_0_1534.jpeg,ok,train
train/ok_front/cast_ok_0_154.jpeg,ok,train
train/ok_front/cast_ok_0_1548.jpeg,ok,train
train/ok_front/cast_ok_0_1550.jpeg,ok,train
train/ok_front/cast_ok_0_1552.jpeg,ok,train
train/ok_front/cast_ok_0_1555.jpeg,ok,train
train/ok_front/cast_ok_0_1556.jpeg,ok,train
train/ok_front/cast_ok_0_1558.jpeg,ok,train
train/ok_front/cast_ok_0_1562.jpeg,ok,train
train/ok_front/cast_ok_0_1565.jpeg,ok,train
train/ok_front/cast_ok_0_157.jpeg,ok,train
train/ok_front/cast_ok_0_1588.jpeg,ok,train
train/ok_front/cast_ok_0_1595.jpeg,ok,train
train/ok_front/cast_ok_0_16.jpeg,ok,train
train/ok_front/cast_ok_0_1601.jpeg,ok,train
train/ok_front/cast_ok_0_1602.jpeg,ok,train
train/ok_front/cast_ok_0_1604.jpeg,ok,train
train/ok_front/cast_ok_0_1606.jpeg,ok,train
train/ok_front/cast_ok_0_1607.jpeg,ok,train
train/ok_front/cast_ok_0_1609.jpeg,ok,train
train/ok_front/cast_ok_0_1610.jpeg,ok,train
train/ok_front/cast_ok_0_1611.jpeg,ok,train
train/ok_front/cast_ok_0_1612.jpeg,ok,train
train/ok_front/cast_ok_0_1615.jpeg,ok,train
train/ok_front/cast_ok_0_1624.jpeg,ok,train
train/ok_front/cast_ok_0_1626.jpeg,ok,train
train/ok_front/cast_ok_0_1628.jpeg,ok,train
train/ok_front/cast_ok_0_1634.jpeg,ok,train
train/ok_front/cast_ok_0_1641.jpeg,ok,train
train/ok_front/cast_ok_0_1643.jpeg,ok,train
train/ok_front/cast_ok_0_1655.jpeg,ok,train
train/ok_front/cast_ok_0_1658.jpeg,ok,train
train/ok_front/cast_ok_0_1663.jpeg,ok,train
train/ok_front/cast_ok_0_1665.jpeg,ok,train
train/ok_front/cast_ok_0_1667.jpeg,ok,train
train/ok_front/cast_ok_0_1670.jpeg,ok,train
train/ok_front/cast_ok_0_1673.jpeg,ok,train
train/ok_front/cast_ok_0_1674.jpeg,ok,train
train/ok_front/cast_ok_0_1675.jpeg,ok,train
train/ok_front/cast_ok_0_1676.jpeg,ok,train
train/ok_front/cast_ok_0_1677.jpeg,ok,train
train/ok_front/cast_ok_0_1680.jpeg,ok,train
train/ok_front/cast_ok_0_1682.jpeg,ok,train
train/ok_front/cast_ok_0_1684.jpeg,ok,train
train/ok_front/cast_ok_0_1686.jpeg,ok,train
train/ok_front/cast_ok_0_1688.jpeg,ok,train
train/ok_front/cast_ok_0_1690.jpeg,ok,train
train/ok_front/cast_ok_0_1691.jpeg,ok,train
train/ok_front/cast_ok_0_1692.jpeg,ok,train
train/ok_front/cast_ok_0_170.jpeg,ok,train
train/ok_front/cast_ok_0_1704.jpeg,ok,train
train/ok_front/cast_ok_0_171.jpeg,ok,train
train/ok_front/cast_ok_0_1711.jpeg,ok,train
train/ok_front/cast_ok_0_1717.jpeg,ok,train
train/ok_front/cast_ok_0_1720.jpeg,ok,train
train/ok_front/cast_ok_0_1727.jpeg,ok,train
train/ok_front/cast_ok_0_1728.jpeg,ok,train
train/ok_front/cast_ok_0_1731.jpeg,ok,train
train/ok_front/cast_ok_0_1732.jpeg,ok,train
train/ok_front/cast_ok_0_1733.jpeg,ok,train
train/ok_front/cast_ok_0_1736.jpeg,ok,train
train/ok_front/cast_ok_0_1739.jpeg,ok,train
train/ok_front/cast_ok_0_1742.jpeg,ok,train
train/ok_front/cast_ok_0_1747.jpeg,ok,train
train/ok_front/cast_ok_0_1750.jpeg,ok,train
train/ok_front/cast_ok_0_1755.jpeg,ok,train
train/ok_front/cast_ok_0_1757.jpeg,ok,train
train/ok_front/cast_ok_0_1758.jpeg,ok,train
train/ok_front/cast_ok_0_1763.jpeg,ok,train
train/ok_front/cast_ok_0_1765.jpeg,ok,train
train/ok_front/cast_ok_0_1766.jpeg,ok,train
train/ok_front/cast_ok_0_1771.jpeg,ok,train
train/ok_front/cast_ok_0_1781.jpeg,ok,train
train/ok_front/cast_ok_0_1783.jpeg,ok,train
train/ok_front/cast_ok_0_1784.jpeg,ok,train
train/ok_front/cast_ok_0_1785.jpeg,ok,train
train/ok_front/cast_ok_0_1791.jpeg,ok,train
train/ok_front/cast_ok_0_1792.jpeg,ok,train
train/ok_front/cast_ok_0_1793.jpeg,ok,train
train/ok_front/cast_ok_0_1796.jpeg,ok,train
train/ok_front/cast_ok_0_1797.jpeg,ok,train
train/ok_front/cast_ok_0_1799.jpeg,ok,train
train/ok_front/cast_ok_0_1802.jpeg,ok,train
train/ok_front/cast_ok_0_1805.jpeg,ok,train
train/ok_front/cast_ok_0_1807.jpeg,ok,train
train/ok_front/cast_ok_0_1819.jpeg,ok,train
train/ok_front/cast_ok_0_182.jpeg,ok,train
train/ok_front/cast_ok_0_1835.jpeg,ok,train
train/ok_front/cast_ok_0_1837.jpeg,ok,train
train/ok_front/cast_ok_0_1839.jpeg,ok,train
train/ok_front/cast_ok_0_184.jpeg,ok,train
train/ok_front/cast_ok_0_1841.jpeg,ok,train
train/ok_front/cast_ok_0_1851.jpeg,ok,train
train/ok_front/cast_ok_0_1856.jpeg,ok,train
train/ok_front/cast_ok_0_1858.jpeg,ok,train
train/ok_front/cast_ok_0_1859.jpeg,ok,train
train/ok_front/cast_ok_0_1866.jpeg,ok,train
train/ok_front/cast_ok_0_1869.jpeg,ok,train
train/ok_front/cast_ok_0_1876.jpeg,ok,train
train/ok_front/cast_ok_0_1879.jpeg,ok,train
train/ok_front/cast_ok_0_188.jpeg,ok,train
train/ok_front/cast_ok_0_1883.jpeg,ok,train
train/ok_front/cast_ok_0_1885.jpeg,ok,train
train/ok_front/cast_ok_0_189.jpeg,ok,train
train/ok_front/cast_ok_0_1891.jpeg,ok,train
train/ok_front/cast_ok_0_1892.jpeg,ok,train
train/ok_front/cast_ok_0_1897.jpeg,ok,train
train/ok_front/cast_ok_0_19.jpeg,ok,train
train/ok_front/cast_ok_0_1900.jpeg,ok,train
train/ok_front/cast_ok_0_1902.jpeg,ok,train
train/ok_front/cast_ok_0_1903.jpeg,ok,train
train/ok_front/cast_ok_0_1907.jpeg,ok,train
train/ok_front/cast_ok_0_1908.jpeg,ok,train
train/ok_front/cast_ok_0_1917.jpeg,ok,train
train/ok_front/cast_ok_0_1918.jpeg,ok,train
train/ok_front/cast_ok_0_193.jpeg,ok,train
train/ok_front/cast_ok_0_1930.jpeg,ok,train
train/ok_front/cast_ok_0_1933.jpeg,ok,train
train/ok_front/cast_ok_0_1935.jpeg,ok,train
train/ok_front/cast_ok_0_1938.jpeg,ok,train
train/ok_front/cast_ok_0_1943.jpeg,ok,train
train/ok_front/cast_ok_0_1947.jpeg,ok,train
train/ok_front/cast_ok_0_1953.jpeg,ok,train
train/ok_front/cast_ok_0_1961.jpeg,ok,train
train/ok_front/cast_ok_0_1962.jpeg,ok,train
train/ok_front/cast_ok_0_1963.jpeg,ok,train
train/ok_front/cast_ok_0_1964.jpeg,ok,train
train/ok_front/cast_ok_0_1968.jpeg,ok,train
train/ok_front/cast_ok_0_1969.jpeg,ok,train
train/ok_front/cast_ok_0_1970.jpeg,ok,train
train/ok_front/cast_ok_0_1972.jpeg,ok,train
train/ok_front/cast_ok_0_1976.jpeg,ok,train
train/ok_front/cast_ok_0_1978.jpeg,ok,train
train/ok_front/cast_ok_0_1979.jpeg,ok,train
train/ok_front/cast_ok_0_198.jpeg,ok,train
train/ok_front/cast_ok_0_1981.jpeg,ok,train
train/ok_front/cast_ok_0_1987.jpeg,ok,train
train/ok_front/cast_ok_0_2002.jpeg,ok,train
train/ok_front/cast_ok_0_2012.jpeg,ok,train
train/ok_front/cast_ok_0_2016.jpeg,ok,train
train/ok_front/cast_ok_0_2022.jpeg,ok,train
train/ok_front/cast_ok_0_2024.jpeg,ok,train
train/ok_front/cast_ok_0_2026.jpeg,ok,train
train/ok_front/cast_ok_0_2031.jpeg,ok,train
train/ok_front/cast_ok_0_2033.jpeg,ok,train
train/ok_front/cast_ok_0_2038.jpeg,ok,train
train/ok_front/cast_ok_0_2039.jpeg,ok,train
train/ok_front/cast_ok_0_2042.jpeg,ok,train
train/ok_front/cast_ok_0_2045.jpeg,ok,train
train/ok_front/cast_ok_0_2048.jpeg,ok,train
train/ok_front/cast_ok_0_2049.jpeg,ok,train
train/ok_front/cast_ok_0_205.jpeg,ok,train
train/ok_front/cast_ok_0_2050.jpeg,ok,train
train/ok_front/cast_ok_0_2051.jpeg,ok,train
train/ok_front/cast_ok_0_2052.jpeg,ok,train
train/ok_front/cast_ok_0_2053.jpeg,ok,train
train/ok_front/cast_ok_0_2056.jpeg,ok,train
train/ok_front/cast_ok_0_2057.jpeg,ok,train
train/ok_front/cast_ok_0_2058.jpeg,ok,train
train/ok_front/cast_ok_0_2062.jpeg,ok,train
train/ok_front/cast_ok_0_2066.jpeg,ok,train
train/ok_front/cast_ok_0_2068.jpeg,ok,train
train/ok_front/cast_ok_0_2070.jpeg,ok,train
train/ok_front/cast_ok_0_2077.jpeg,ok,train
train/ok_front/cast_ok_0_2081.jpeg,ok,train
train/ok_front/cast_ok_0_2082.jpeg,ok,train
train/ok_front/cast_ok_0_2083.jpeg,ok,train
train/ok_front/cast_ok_0_2085.jpeg,ok,train
train/ok_front/cast_ok_0_2087.jpeg,ok,train
train/ok_front/cast_ok_0_2095.jpeg,ok,train
train/ok_front/cast_ok_0_2098.jpeg,ok,train
train/ok_front/cast_ok_0_2099.jpeg,ok,train
train/ok_front/cast_ok_0_2100.jpeg,ok,train
train/ok_front/cast_ok_0_2103.jpeg,ok,train
train/ok_front/cast_ok_0_2109.jpeg,ok,train
train/ok_front/cast_ok_0_211.jpeg,ok,train
train/ok_front/cast_ok_0_2110.jpeg,ok,train
train/ok_front/cast_ok_0_2119.jpeg,ok,train
train/ok_front/cast_ok_0_2120.jpeg,ok,train
train/ok_front/cast_ok_0_2129.jpeg,ok,train
train/ok_front/cast_ok_0_213.jpeg,ok,train
train/ok_front/cast_ok_0_2134.jpeg,ok,train
train/ok_front/cast_ok_0_2138.jpeg,ok,train
train/ok_front/cast_ok_0_2139.jpeg,ok,train
train/ok_front/cast_ok_0_2141.jpeg,ok,train
train/ok_front/cast_ok_0_2144.jpeg,ok,train
train/ok_front/cast_ok_0_2152.jpeg,ok,train
train/ok_front/cast_ok_0_2156.jpeg,ok,train
train/ok_front/cast_ok_0_2159.jpeg,ok,train
train/ok_front/cast_ok_0_2160.jpeg,ok,train
train/ok_front/cast_ok_0_2161.jpeg,ok,train
train/ok_front/cast_ok_0_2163.jpeg,ok,train
train/ok_front/cast_ok_0_2164.jpeg,ok,train
train/ok_front/cast_ok_0_2169.jpeg,ok,train
train/ok_front/cast_ok_0_2170.jpeg,ok,train
train/ok_front/cast_ok_0_2182.jpeg,ok,train
train/ok_front/cast_ok_0_2190.jpeg,ok,train
train/ok_front/cast_ok_0_2194.jpeg,ok,train
train/ok_front/cast_ok_0_220.jpeg,ok,train
train/ok_front/cast_ok_0_2200.jpeg,ok,train
train/ok_front/cast_ok_0_2201.jpeg,ok,train
train/ok_front/cast_ok_0_2207.jpeg,ok,train
train/ok_front/cast_ok_0_2214.jpeg,ok,train
train/ok_front/cast_ok_0_2218.jpeg,ok,train
train/ok_front/cast_ok_0_2219.jpeg,ok,train
train/ok_front/cast_ok_0_2227.jpeg,ok,train
train/ok_front/cast_ok_0_2233.jpeg,ok,train
train/ok_front/cast_ok_0_2237.jpeg,ok,train
train/ok_front/cast_ok_0_2238.jpeg,ok,train
train/ok_front/cast_ok_0_2249.jpeg,ok,train
train/ok_front/cast_ok_0_2250.jpeg,ok,train
train/ok_front/cast_ok_0_2258.jpeg,ok,train
train/ok_front/cast_ok_0_2262.jpeg,ok,train
train/ok_front/cast_ok_0_2266.jpeg,ok,train
train/ok_front/cast_ok_0_2269.jpeg,ok,train
train/ok_front/cast_ok_0_2273.jpeg,ok,train
train/ok_front/cast_ok_0_2275.jpeg,ok,train
train/ok_front/cast_ok_0_2277.jpeg,ok,train
train/ok_front/cast_ok_0_2278.jpeg,ok,train
train/ok_front/cast_ok_0_2285.jpeg,ok,train
train/ok_front/cast_ok_0_2290.jpeg,ok,train
train/ok_front/cast_ok_0_2296.jpeg,ok,train
train/ok_front/cast_ok_0_2306.jpeg,ok,train
train/ok_front/cast_ok_0_2307.jpeg,ok,train
train/ok_front/cast_ok_0_2308.jpeg,ok,train
train/ok_front/cast_ok_0_2310.jpeg,ok,train
train/ok_front/cast_ok_0_2315.jpeg,ok,train
train/ok_front/cast_ok_0_2317.jpeg,ok,train
train/ok_front/cast_ok_0_2318.jpeg,ok,train
train/ok_front/cast_ok_0_2323.jpeg,ok,train
train/ok_front/cast_ok_0_2326.jpeg,ok,train
train/ok_front/cast_ok_0_2327.jpeg,ok,train
train/ok_front/cast_ok_0_233.jpeg,ok,train
train/ok_front/cast_ok_0_2330.jpeg,ok,train
train/ok_front/cast_ok_0_2338.jpeg,ok,train
train/ok_front/cast_ok_0_2349.jpeg,ok,train
train/ok_front/cast_ok_0_2350.jpeg,ok,train
train/ok_front/cast_ok_0_2365.jpeg,ok,train
train/ok_front/cast_ok_0_2372.jpeg,ok,train
train/ok_front/cast_ok_0_2373.jpeg,ok,train
train/ok_front/cast_ok_0_2383.jpeg,ok,train
train/ok_front/cast_ok_0_2384.jpeg,ok,train
train/ok_front/cast_ok_0_2385.jpeg,ok,train
train/ok_front/cast_ok_0_2390.jpeg,ok,train
train/ok_front/cast_ok_0_2392.jpeg,ok,train
train/ok_front/cast_ok_0_2393.jpeg,ok,train
train/ok_front/cast_ok_0_2394.jpeg,ok,train
train/ok_front/cast_ok_0_2401.jpeg,ok,train
train/ok_front/cast_ok_0_2402.jpeg,ok,train
train/ok_front/cast_ok_0_2404.jpeg,ok,train
train/ok_front/cast_ok_0_2409.jpeg,ok,train
train/ok_front/cast_ok_0_242.jpeg,ok,train
train/ok_front/cast_ok_0_2421.jpeg,ok,train
train/ok_front/cast_ok_0_2427.jpeg,ok,train
train/ok_front/cast_ok_0_2431.jpeg,ok,train
train/ok_front/cast_ok_0_244.jpeg,ok,train
train/ok_front/cast_ok_0_2440.jpeg,ok,train
train/ok_front/cast_ok_0_2447.jpeg,ok,train
train/ok_front/cast_ok_0_2459.jpeg,ok,train
train/ok_front/cast_ok_0_2460.jpeg,ok,train
train/ok_front/cast_ok_0_2461.jpeg,ok,train
train/ok_front/cast_ok_0_2467.jpeg,ok,train
train/ok_front/cast_ok_0_2474.jpeg,ok,train
train/ok_front/cast_ok_0_2477.jpeg,ok,train
train/ok_front/cast_ok_0_2480.jpeg,ok,train
train/ok_front/cast_ok_0_2482.jpeg,ok,train
train/ok_front/cast_ok_0_249.jpeg,ok,train
train/ok_front/cast_ok_0_2491.jpeg,ok,train
train/ok_front/cast_ok_0_2492.jpeg,ok,train
train/ok_front/cast_ok_0_2497.jpeg,ok,train
train/ok_front/cast_ok_0_250.jpeg,ok,train
train/ok_front/cast_ok_0_2502.jpeg,ok,train
train/ok_front/cast_ok_0_2507.jpeg,ok,train
train/ok_front/cast_ok_0_2513.jpeg,ok,train
train/ok_front/cast_ok_0_2515.jpeg,ok,train
train/ok_front/cast_ok_0_2517.jpeg,ok,train
train/ok_front/cast_ok_0_2521.jpeg,ok,train
train/ok_front/cast_ok_0_2523.jpeg,ok,train
train/ok_front/cast_ok_0_2524.jpeg,ok,train
train/ok_front/cast_ok_0_2526.jpeg,ok,train
train/ok_front/cast_ok_0_2529.jpeg,ok,train
train/ok_front/cast_ok_0_2531.jpeg,ok,train
train/ok_front/cast_ok_0_2534.jpeg,ok,train
train/ok_front/cast_ok_0_2539.jpeg,ok,train
train/ok_front/cast_ok_0_2541.jpeg,ok,train
train/ok_front/cast_ok_0_2542.jpeg,ok,train
train/ok_front/cast_ok_0_2550.jpeg,ok,train
train/ok_front/cast_ok_0_2562.jpeg,ok,train
train/ok_front/cast_ok_0_2567.jpeg,ok,train
train/ok_front/cast_ok_0_2569.jpeg,ok,train
train/ok_front/cast_ok_0_2580.jpeg,ok,train
train/ok_front/cast_ok_0_2589.jpeg,ok,train
train/ok_front/cast_ok_0_2602.jpeg,ok,train
train/ok_front/cast_ok_0_2607.jpeg,ok,train
train/ok_front/cast_ok_0_2608.jpeg,ok,train
train/ok_front/cast_ok_0_2613.jpeg,ok,train
train/ok_front/cast_ok_0_262.jpeg,ok,train
train/ok_front/cast_ok_0_2626.jpeg,ok,train
train/ok_front/cast_ok_0_263.jpeg,ok,train
train/ok_front/cast_ok_0_2631.jpeg,ok,train
train/ok_front/cast_ok_0_2635.jpeg,ok,train
train/ok_front/cast_ok_0_2641.jpeg,ok,train
train/ok_front/cast_ok_0_2649.jpeg,ok,train
train/ok_front/cast_ok_0_266.jpeg,ok,train
train/ok_front/cast_ok_0_2664.jpeg,ok,train
train/ok_front/cast_ok_0_2665.jpeg,ok,train
train/ok_front/cast_ok_0_2671.jpeg,ok,train
train/ok_front/cast_ok_0_2673.jpeg,ok,train
train/ok_front/cast_ok_0_2685.jpeg,ok,train
train/ok_front/cast_ok_0_269.jpeg,ok,train
train/ok_front/cast_ok_0_271.jpeg,ok,train
train/ok_front/cast_ok_0_2710.jpeg,ok,train
train/ok_front/cast_ok_0_2713.jpeg,ok,train
train/ok_front/cast_ok_0_2719.jpeg,ok,train
train/ok_front/cast_ok_0_2721.jpeg,ok,train
train/ok_front/cast_ok_0_273.jpeg,ok,train
train/ok_front/cast_ok_0_2742.jpeg,ok,train
train/ok_front/cast_ok_0_2749.jpeg,ok,train
train/ok_front/cast_ok_0_2750.jpeg,ok,train
train/ok_front/cast_ok_0_2773.jpeg,ok,train
train/ok_front/cast_ok_0_2778.jpeg,ok,train
train/ok_front/cast_ok_0_2779.jpeg,ok,train
train/ok_front/cast_ok_0_2783.jpeg,ok,train
train/ok_front/cast_ok_0_28.jpeg,ok,train
train/ok_front/cast_ok_0_2813.jpeg,ok,train
train/ok_front/cast_ok_0_2816.jpeg,ok,train
train/ok_front/cast_ok_0_2818.jpeg,ok,train
train/ok_front/cast_ok_0_284.jpeg,ok,train
train/ok_front/cast_ok_0_2856.jpeg,ok,train
train/ok_front/cast_ok_0_286.jpeg,ok,train
train/ok_front/cast_ok_0_2865.jpeg,ok,train
train/ok_front/cast_ok_0_29.jpeg,ok,train
train/ok_front/cast_ok_0_2902.jpeg,ok,train
train/ok_front/cast_ok_0_2904.jpeg,ok,train
train/ok_front/cast_ok_0_2908.jpeg,ok,train
train/ok_front/cast_ok_0_2910.jpeg,ok,train
train/ok_front/cast_ok_0_2936.jpeg,ok,train
train/ok_front/cast_ok_0_294.jpeg,ok,train
train/ok_front/cast_ok_0_2940.jpeg,ok,train
train/ok_front/cast_ok_0_2944.jpeg,ok,train
train/ok_front/cast_ok_0_2946.jpeg,ok,train
train/ok_front/cast_ok_0_2948.jpeg,ok,train
train/ok_front/cast_ok_0_2949.jpeg,ok,train
train/ok_front/cast_ok_0_2958.jpeg,ok,train
train/ok_front/cast_ok_0_2959.jpeg,ok,train
train/ok_front/cast_ok_0_296.jpeg,ok,train
train/ok_front/cast_ok_0_2961.jpeg,ok,train
train/ok_front/cast_ok_0_2963.jpeg,ok,train
train/ok_front/cast_ok_0_2965.jpeg,ok,train
train/ok_front/cast_ok_0_2971.jpeg,ok,train
train/ok_front/cast_ok_0_2974.jpeg,ok,train
train/ok_front/cast_ok_0_298.jpeg,ok,train
train/ok_front/cast_ok_0_2982.jpeg,ok,train
train/ok_front/cast_ok_0_2985.jpeg,ok,train
train/ok_front/cast_ok_0_2992.jpeg,ok,train
train/ok_front/cast_ok_0_2993.jpeg,ok,train
train/ok_front/cast_ok_0_2996.jpeg,ok,train
train/ok_front/cast_ok_0_2997.jpeg,ok,train
train/ok_front/cast_ok_0_2999.jpeg,ok,train
train/ok_front/cast_ok_0_300.jpeg,ok,train
train/ok_front/cast_ok_0_3002.jpeg,ok,train
train/ok_front/cast_ok_0_3007.jpeg,ok,train
train/ok_front/cast_ok_0_3008.jpeg,ok,train
train/ok_front/cast_ok_0_3018.jpeg,ok,train
train/ok_front/cast_ok_0_3021.jpeg,ok,train
train/ok_front/cast_ok_0_3022.jpeg,ok,train
train/ok_front/cast_ok_0_3025.jpeg,ok,train
train/ok_front/cast_ok_0_3027.jpeg,ok,train
train/ok_front/cast_ok_0_3028.jpeg,ok,train
train/ok_front/cast_ok_0_3033.jpeg,ok,train
train/ok_front/cast_ok_0_3043.jpeg,ok,train
train/ok_front/cast_ok_0_3047.jpeg,ok,train
train/ok_front/cast_ok_0_3048.jpeg,ok,train
train/ok_front/cast_ok_0_3052.jpeg,ok,train
train/ok_front/cast_ok_0_3053.jpeg,ok,train
train/ok_front/cast_ok_0_3054.jpeg,ok,train
train/ok_front/cast_ok_0_3059.jpeg,ok,train
train/ok_front/cast_ok_0_3060.jpeg,ok,train
train/ok_front/cast_ok_0_3063.jpeg,ok,train
train/ok_front/cast_ok_0_3064.jpeg,ok,train
train/ok_front/cast_ok_0_3065.jpeg,ok,train
train/ok_front/cast_ok_0_307.jpeg,ok,train
train/ok_front/cast_ok_0_3070.jpeg,ok,train
train/ok_front/cast_ok_0_3080.jpeg,ok,train
train/ok_front/cast_ok_0_3083.jpeg,ok,train
train/ok_front/cast_ok_0_3091.jpeg,ok,train
train/ok_front/cast_ok_0_3094.jpeg,ok,train
train/ok_front/cast_ok_0_3096.jpeg,ok,train
train/ok_front/cast_ok_0_3097.jpeg,ok,train
train/ok_front/cast_ok_0_3103.jpeg,ok,train
train/ok_front/cast_ok_0_3112.jpeg,ok,train
train/ok_front/cast_ok_0_3114.jpeg,ok,train
train/ok_front/cast_ok_0_3115.jpeg,ok,train
train/ok_front/cast_ok_0_3117.jpeg,ok,train
train/ok_front/cast_ok_0_3133.jpeg,ok,train
train/ok_front/cast_ok_0_3136.jpeg,ok,train
train/ok_front/cast_ok_0_3141.jpeg,ok,train
train/ok_front/cast_ok_0_3144.jpeg,ok,train
train/ok_front/cast_ok_0_3145.jpeg,ok,train
train/ok_front/cast_ok_0_3147.jpeg,ok,train
train/ok_front/cast_ok_0_3149.jpeg,ok,train
train/ok_front/cast_ok_0_3153.jpeg,ok,train
train/ok_front/cast_ok_0_3156.jpeg,ok,train
train/ok_front/cast_ok_0_3158.jpeg,ok,train
train/ok_front/cast_ok_0_316.jpeg,ok,train
train/ok_front/cast_ok_0_3168.jpeg,ok,train
train/ok_front/cast_ok_0_3170.jpeg,ok,train
train/ok_front/cast_ok_0_3181.jpeg,ok,train
train/ok_front/cast_ok_0_3185.jpeg,ok,train
train/ok_front/cast_ok_0_3186.jpeg,ok,train
train/ok_front/cast_ok_0_3187.jpeg,ok,train
train/ok_front/cast_ok_0_3197.jpeg,ok,train
train/ok_front/cast_ok_0_3206.jpeg,ok,train
train/ok_front/cast_ok_0_3209.jpeg,ok,train
train/ok_front/cast_ok_0_3210.jpeg,ok,train
train/ok_front/cast_ok_0_3220.jpeg,ok,train
train/ok_front/cast_ok_0_3227.jpeg,ok,train
train/ok_front/cast_ok_0_3230.jpeg,ok,train
train/ok_front/cast_ok_0_3232.jpeg,ok,train
train/ok_front/cast_ok_0_3234.jpeg,ok,train
train/ok_front/cast_ok_0_3236.jpeg,ok,train
train/ok_front/cast_ok_0_3238.jpeg,ok,train
train/ok_front/cast_ok_0_3243.jpeg,ok,train
train/ok_front/cast_ok_0_3250.jpeg,ok,train
train/ok_front/cast_ok_0_3251.jpeg,ok,train
train/ok_front/cast_ok_0_3254.jpeg,ok,train
train/ok_front/cast_ok_0_3255.jpeg,ok,train
train/ok_front/cast_ok_0_3261.jpeg,ok,train
train/ok_front/cast_ok_0_327.jpeg,ok,train
train/ok_front/cast_ok_0_3274.jpeg,ok,train
train/ok_front/cast_ok_0_3278.jpeg,ok,train
train/ok_front/cast_ok_0_3279.jpeg,ok,train
train/ok_front/cast_ok_0_3281.jpeg,ok,train
train/ok_front/cast_ok_0_3285.jpeg,ok,train
train/ok_front/cast_ok_0_3287.jpeg,ok,train
train/ok_front/cast_ok_0_3290.jpeg,ok,train
train/ok_front/cast_ok_0_3293.jpeg,ok,train
train/ok_front/cast_ok_0_3298.jpeg,ok,train
train/ok_front/cast_ok_0_3304.jpeg,ok,train
train/ok_front/cast_ok_0_3305.jpeg,ok,train
train/ok_front/cast_ok_0_3307.jpeg,ok,train
train/ok_front/cast_ok_0_331.jpeg,ok,train
train/ok_front/cast_ok_0_3311.jpeg,ok,train
train/ok_front/cast_ok_0_3312.jpeg,ok,train
train/ok_front/cast_ok_0_3315.jpeg,ok,train
train/ok_front/cast_ok_0_3321.jpeg,ok,train
train/ok_front/cast_ok_0_3322.jpeg,ok,train
train/ok_front/cast_ok_0_3324.jpeg,ok,train
train/ok_front/cast_ok_0_3326.jpeg,ok,train
train/ok_front/cast_ok_0_3334.jpeg,ok,train
train/ok_front/cast_ok_0_3340.jpeg,ok,train
train/ok_front/cast_ok_0_3341.jpeg,ok,train
train/ok_front/cast_ok_0_3346.jpeg,ok,train
train/ok_front/cast_ok_0_3348.jpeg,ok,train
train/ok_front/cast_ok_0_3349.jpeg,ok,train
train/ok_front/cast_ok_0_3362.jpeg,ok,train
train/ok_front/cast_ok_0_3363.jpeg,ok,train
train/ok_front/cast_ok_0_3378.jpeg,ok,train
train/ok_front/cast_ok_0_3381.jpeg,ok,train
train/ok_front/cast_ok_0_339.jpeg,ok,train
train/ok_front/cast_ok_0_3392.jpeg,ok,train
train/ok_front/cast_ok_0_3399.jpeg,ok,train
train/ok_front/cast_ok_0_34.jpeg,ok,train
train/ok_front/cast_ok_0_3414.jpeg,ok,train
train/ok_front/cast_ok_0_3416.jpeg,ok,train
train/ok_front/cast_ok_0_3420.jpeg,ok,train
train/ok_front/cast_ok_0_3424.jpeg,ok,train
train/ok_front/cast_ok_0_3426.jpeg,ok,train
train/ok_front/cast_ok_0_3430.jpeg,ok,train
train/ok_front/cast_ok_0_3431.jpeg,ok,train
train/ok_front/cast_ok_0_3434.jpeg,ok,train
train/ok_front/cast_ok_0_3440.jpeg,ok,train
train/ok_front/cast_ok_0_3441.jpeg,ok,train
train/ok_front/cast_ok_0_3443.jpeg,ok,train
train/ok_front/cast_ok_0_3449.jpeg,ok,train
train/ok_front/cast_ok_0_345.jpeg,ok,train
train/ok_front/cast_ok_0_3450.jpeg,ok,train
train/ok_front/cast_ok_0_3454.jpeg,ok,train
train/ok_front/cast_ok_0_3457.jpeg,ok,train
train/ok_front/cast_ok_0_3459.jpeg,ok,train
train/ok_front/cast_ok_0_346.jpeg,ok,train
train/ok_front/cast_ok_0_3460.jpeg,ok,train
train/ok_front/cast_ok_0_3463.jpeg,ok,train
train/ok_front/cast_ok_0_3469.jpeg,ok,train
train/ok_front/cast_ok_0_3474.jpeg,ok,train
train/ok_front/cast_ok_0_3476.jpeg,ok,train
train/ok_front/cast_ok_0_3478.jpeg,ok,train
train/ok_front/cast_ok_0_3479.jpeg,ok,train
train/ok_front/cast_ok_0_3480.jpeg,ok,train
train/ok_front/cast_ok_0_3483.jpeg,ok,train
train/ok_front/cast_ok_0_3489.jpeg,ok,train
train/ok_front/cast_ok_0_349.jpeg,ok,train
train/ok_front/cast_ok_0_3495.jpeg,ok,train
train/ok_front/cast_ok_0_3501.jpeg,ok,train
train/ok_front/cast_ok_0_3508.jpeg,ok,train
train/ok_front/cast_ok_0_3509.jpeg,ok,train
train/ok_front/cast_ok_0_3514.jpeg,ok,train
train/ok_front/cast_ok_0_3519.jpeg,ok,train
train/ok_front/cast_ok_0_3520.jpeg,ok,train
train/ok_front/cast_ok_0_3522.jpeg,ok,train
train/ok_front/cast_ok_0_3527.jpeg,ok,train
train/ok_front/cast_ok_0_3545.jpeg,ok,train
train/ok_front/cast_ok_0_3547.jpeg,ok,train
train/ok_front/cast_ok_0_3548.jpeg,ok,train
train/ok_front/cast_ok_0_355.jpeg,ok,train
train/ok_front/cast_ok_0_3557.jpeg,ok,train
train/ok_front/cast_ok_0_357.jpeg,ok,train
train/ok_front/cast_ok_0_3570.jpeg,ok,train
train/ok_front/cast_ok_0_3573.jpeg,ok,train
train/ok_front/cast_ok_0_3574.jpeg,ok,train
train/ok_front/cast_ok_0_3576.jpeg,ok,train
train/ok_front/cast_ok_0_3578.jpeg,ok,train
train/ok_front/cast_ok_0_3582.jpeg,ok,train
train/ok_front/cast_ok_0_3584.jpeg,ok,train
train/ok_front/cast_ok_0_3588.jpeg,ok,train
train/ok_front/cast_ok_0_3593.jpeg,ok,train
train/ok_front/cast_ok_0_360.jpeg,ok,train
train/ok_front/cast_ok_0_3600.jpeg,ok,train
train/ok_front/cast_ok_0_3602.jpeg,ok,train
train/ok_front/cast_ok_0_3605.jpeg,ok,train
train/ok_front/cast_ok_0_3607.jpeg,ok,train
train/ok_front/cast_ok_0_361.jpeg,ok,train
train/ok_front/cast_ok_0_3616.jpeg,ok,train
train/ok_front/cast_ok_0_3617.jpeg,ok,train
train/ok_front/cast_ok_0_3624.jpeg,ok,train
train/ok_front/cast_ok_0_3626.jpeg,ok,train
train/ok_front/cast_ok_0_3628.jpeg,ok,train
train/ok_front/cast_ok_0_3632.jpeg,ok,train
train/ok_front/cast_ok_0_3634.jpeg,ok,train
train/ok_front/cast_ok_0_3637.jpeg,ok,train
train/ok_front/cast_ok_0_3638.jpeg,ok,train
train/ok_front/cast_ok_0_3639.jpeg,ok,train
train/ok_front/cast_ok_0_364.jpeg,ok,train
train/ok_front/cast_ok_0_3640.jpeg,ok,train
train/ok_front/cast_ok_0_3642.jpeg,ok,train
train/ok_front/cast_ok_0_3645.jpeg,ok,train
train/ok_front/cast_ok_0_3646.jpeg,ok,train
train/ok_front/cast_ok_0_3647.jpeg,ok,train
train/ok_front/cast_ok_0_3651.jpeg,ok,train
train/ok_front/cast_ok_0_3655.jpeg,ok,train
train/ok_front/cast_ok_0_3659.jpeg,ok,train
train/ok_front/cast_ok_0_3660.jpeg,ok,train
train/ok_front/cast_ok_0_3662.jpeg,ok,train
train/ok_front/cast_ok_0_3665.jpeg,ok,train
train/ok_front/cast_ok_0_3666.jpeg,ok,train
train/ok_front/cast_ok_0_3668.jpeg,ok,train
train/ok_front/cast_ok_0_367.jpeg,ok,train
train/ok_front/cast_ok_0_3674.jpeg,ok,train
train/ok_front/cast_ok_0_3675.jpeg,ok,train
train/ok_front/cast_ok_0_3676.jpeg,ok,train
train/ok_front/cast_ok_0_3677.jpeg,ok,train
train/ok_front/cast_ok_0_3678.jpeg,ok,train
train/ok_front/cast_ok_0_3684.jpeg,ok,train
train/ok_front/cast_ok_0_3686.jpeg,ok,train
train/ok_front/cast_ok_0_3689.jpeg,ok,train
train/ok_front/cast_ok_0_369.jpeg,ok,train
train/ok_front/cast_ok_0_3691.jpeg,ok,train
train/ok_front/cast_ok_0_3692.jpeg,ok,train
train/ok_front/cast_ok_0_3694.jpeg,ok,train
train/ok_front/cast_ok_0_3699.jpeg,ok,train
train/ok_front/cast_ok_0_370.jpeg,ok,train
train/ok_front/cast_ok_0_3701.jpeg,ok,train
train/ok_front/cast_ok_0_3703.jpeg,ok,train
train/ok_front/cast_ok_0_3711.jpeg,ok,train
train/ok_front/cast_ok_0_3725.jpeg,ok,train
train/ok_front/cast_ok_0_3727.jpeg,ok,train
train/ok_front/cast_ok_0_3734.jpeg,ok,train
train/ok_front/cast_ok_0_3740.jpeg,ok,train
train/ok_front/cast_ok_0_3741.jpeg,ok,train
train/ok_front/cast_ok_0_3752.jpeg,ok,train
train/ok_front/cast_ok_0_3758.jpeg,ok,train
train/ok_front/cast_ok_0_376.jpeg,ok,train
train/ok_front/cast_ok_0_3760.jpeg,ok,train
train/ok_front/cast_ok_0_3763.jpeg,ok,train
train/ok_front/cast_ok_0_3766.jpeg,ok,train
train/ok_front/cast_ok_0_3769.jpeg,ok,train
train/ok_front/cast_ok_0_3770.jpeg,ok,train
train/ok_front/cast_ok_0_3774.jpeg,ok,train
train/ok_front/cast_ok_0_3777.jpeg,ok,train
train/ok_front/cast_ok_0_3779.jpeg,ok,train
train/ok_front/cast_ok_0_379.jpeg,ok,train
train/ok_front/cast_ok_0_3790.jpeg,ok,train
train/ok_front/cast_ok_0_3791.jpeg,ok,train
train/ok_front/cast_ok_0_3793.jpeg,ok,train
train/ok_front/cast_ok_0_3799.jpeg,ok,train
train/ok_front/cast_ok_0_3803.jpeg,ok,train
train/ok_front/cast_ok_0_3805.jpeg,ok,train
train/ok_front/cast_ok_0_3808.jpeg,ok,train
train/ok_front/cast_ok_0_3812.jpeg,ok,train
train/ok_front/cast_ok_0_3813.jpeg,ok,train
train/ok_front/cast_ok_0_3819.jpeg,ok,train
train/ok_front/cast_ok_0_3825.jpeg,ok,train
train/ok_front/cast_ok_0_3827.jpeg,ok,train
train/ok_front/cast_ok_0_3829.jpeg,ok,train
train/ok_front/cast_ok_0_3834.jpeg,ok,train
train/ok_front/cast_ok_0_3839.jpeg,ok,train
train/ok_front/cast_ok_0_3840.jpeg,ok,train
train/ok_front/cast_ok_0_3842.jpeg,ok,train
train/ok_front/cast_ok_0_3843.jpeg,ok,train
train/ok_front/cast_ok_0_3848.jpeg,ok,train
train/ok_front/cast_ok_0_3852.jpeg,ok,train
train/ok_front/cast_ok_0_3853.jpeg,ok,train
train/ok_front/cast_ok_0_3857.jpeg,ok,train
train/ok_front/cast_ok_0_3858.jpeg,ok,train
train/ok_front/cast_ok_0_3859.jpeg,ok,train
train/ok_front/cast_ok_0_3865.jpeg,ok,train
train/ok_front/cast_ok_0_3872.jpeg,ok,train
train/ok_front/cast_ok_0_3876.jpeg,ok,train
train/ok_front/cast_ok_0_3878.jpeg,ok,train
train/ok_front/cast_ok_0_3880.jpeg,ok,train
train/ok_front/cast_ok_0_3889.jpeg,ok,train
train/ok_front/cast_ok_0_3895.jpeg,ok,train
train/ok_front/cast_ok_0_3898.jpeg,ok,train
train/ok_front/cast_ok_0_3899.jpeg,ok,train
train/ok_front/cast_ok_0_39.jpeg,ok,train
train/ok_front/cast_ok_0_3902.jpeg,ok,train
train/ok_front/cast_ok_0_3905.jpeg,ok,train
train/ok_front/cast_ok_0_3909.jpeg,ok,train
train/ok_front/cast_ok_0_3915.jpeg,ok,train
train/ok_front/cast_ok_0_3916.jpeg,ok,train
train/ok_front/cast_ok_0_392.jpeg,ok,train
train/ok_front/cast_ok_0_3928.jpeg,ok,train
train/ok_front/cast_ok_0_3932.jpeg,ok,train
train/ok_front/cast_ok_0_3933.jpeg,ok,train
train/ok_front/cast_ok_0_3938.jpeg,ok,train
train/ok_front/cast_ok_0_3948.jpeg,ok,train
train/ok_front/cast_ok_0_3951.jpeg,ok,train
train/ok_front/cast_ok_0_3957.jpeg,ok,train
train/ok_front/cast_ok_0_3960.jpeg,ok,train
train/ok_front/cast_ok_0_3961.jpeg,ok,train
train/ok_front/cast_ok_0_3964.jpeg,ok,train
train/ok_front/cast_ok_0_3967.jpeg,ok,train
train/ok_front/cast_ok_0_397.jpeg,ok,train
train/ok_front/cast_ok_0_3970.jpeg,ok,train
train/ok_front/cast_ok_0_3971.jpeg,ok,train
train/ok_front/cast_ok_0_398.jpeg,ok,train
train/ok_front/cast_ok_0_3985.jpeg,ok,train
train/ok_front/cast_ok_0_3987.jpeg,ok,train
train/ok_front/cast_ok_0_3991.jpeg,ok,train
train/ok_front/cast_ok_0_40.jpeg,ok,train
train/ok_front/cast_ok_0_4005.jpeg,ok,train
train/ok_front/cast_ok_0_4006.jpeg,ok,train
train/ok_front/cast_ok_0_4007.jpeg,ok,train
train/ok_front/cast_ok_0_4008.jpeg,ok,train
train/ok_front/cast_ok_0_4009.jpeg,ok,train
train/ok_front/cast_ok_0_4010.jpeg,ok,train
train/ok_front/cast_ok_0_4012.jpeg,ok,train
train/ok_front/cast_ok_0_4015.jpeg,ok,train
train/ok_front/cast_ok_0_4016.jpeg,ok,train
train/ok_front/cast_ok_0_4018.jpeg,ok,train
train/ok_front/cast_ok_0_4027.jpeg,ok,train
train/ok_front/cast_ok_0_4029.jpeg,ok,train
train/ok_front/cast_ok_0_4030.jpeg,ok,train
train/ok_front/cast_ok_0_4031.jpeg,ok,train
train/ok_front/cast_ok_0_4037.jpeg,ok,train
train/ok_front/cast_ok_0_4039.jpeg,ok,train
train/ok_front/cast_ok_0_4042.jpeg,ok,train
train/ok_front/cast_ok_0_4045.jpeg,ok,train
train/ok_front/cast_ok_0_4046.jpeg,ok,train
train/ok_front/cast_ok_0_4048.jpeg,ok,train
train/ok_front/cast_ok_0_405.jpeg,ok,train
train/ok_front/cast_ok_0_4052.jpeg,ok,train
train/ok_front/cast_ok_0_4063.jpeg,ok,train
train/ok_front/cast_ok_0_4068.jpeg,ok,train
train/ok_front/cast_ok_0_4069.jpeg,ok,train
train/ok_front/cast_ok_0_407.jpeg,ok,train
train/ok_front/cast_ok_0_4075.jpeg,ok,train
train/ok_front/cast_ok_0_4088.jpeg,ok,train
train/ok_front/cast_ok_0_4089.jpeg,ok,train
train/ok_front/cast_ok_0_4091.jpeg,ok,train
train/ok_front/cast_ok_0_4109.jpeg,ok,train
train/ok_front/cast_ok_0_411.jpeg,ok,train
train/ok_front/cast_ok_0_4111.jpeg,ok,train
train/ok_front/cast_ok_0_4112.jpeg,ok,train
train/ok_front/cast_ok_0_4115.jpeg,ok,train
train/ok_front/cast_ok_0_4117.jpeg,ok,train
train/ok_front/cast_ok_0_4120.jpeg,ok,train
train/ok_front/cast_ok_0_4123.jpeg,ok,train
train/ok_front/cast_ok_0_4127.jpeg,ok,train
train/ok_front/cast_ok_0_4128.jpeg,ok,train
train/ok_front/cast_ok_0_413.jpeg,ok,train
train/ok_front/cast_ok_0_4130.jpeg,ok,train
train/ok_front/cast_ok_0_4132.jpeg,ok,train
train/ok_front/cast_ok_0_4140.jpeg,ok,train
train/ok_front/cast_ok_0_4141.jpeg,ok,train
train/ok_front/cast_ok_0_4142.jpeg,ok,train
train/ok_front/cast_ok_0_4149.jpeg,ok,train
train/ok_front/cast_ok_0_415.jpeg,ok,train
train/ok_front/cast_ok_0_4151.jpeg,ok,train
train/ok_front/cast_ok_0_4152.jpeg,ok,train
train/ok_front/cast_ok_0_4154.jpeg,ok,train
train/ok_front/cast_ok_0_4155.jpeg,ok,train
train/ok_front/cast_ok_0_4160.jpeg,ok,train
train/ok_front/cast_ok_0_4167.jpeg,ok,train
train/ok_front/cast_ok_0_4169.jpeg,ok,train
train/ok_front/cast_ok_0_4175.jpeg,ok,train
train/ok_front/cast_ok_0_4178.jpeg,ok,train
train/ok_front/cast_ok_0_418.jpeg,ok,train
train/ok_front/cast_ok_0_4183.jpeg,ok,train
train/ok_front/cast_ok_0_4184.jpeg,ok,train
train/ok_front/cast_ok_0_4192.jpeg,ok,train
train/ok_front/cast_ok_0_4197.jpeg,ok,train
train/ok_front/cast_ok_0_4199.jpeg,ok,train
train/ok_front/cast_ok_0_420.jpeg,ok,train
train/ok_front/cast_ok_0_4202.jpeg,ok,train
train/ok_front/cast_ok_0_4204.jpeg,ok,train
train/ok_front/cast_ok_0_4205.jpeg,ok,train
train/ok_front/cast_ok_0_4206.jpeg,ok,train
train/ok_front/cast_ok_0_4208.jpeg,ok,train
train/ok_front/cast_ok_0_421.jpeg,ok,train
train/ok_front/cast_ok_0_4213.jpeg,ok,train
train/ok_front/cast_ok_0_4214.jpeg,ok,train
train/ok_front/cast_ok_0_4219.jpeg,ok,train
train/ok_front/cast_ok_0_4228.jpeg,ok,train
train/ok_front/cast_ok_0_4235.jpeg,ok,train
train/ok_front/cast_ok_0_4236.jpeg,ok,train
train/ok_front/cast_ok_0_4238.jpeg,ok,train
train/ok_front/cast_ok_0_4239.jpeg,ok,train
train/ok_front/cast_ok_0_4245.jpeg,ok,train
train/ok_front/cast_ok_0_4246.jpeg,ok,train
train/ok_front/cast_ok_0_4251.jpeg,ok,train
train/ok_front/cast_ok_0_4252.jpeg,ok,train
train/ok_front/cast_ok_0_4254.jpeg,ok,train
train/ok_front/cast_ok_0_4259.jpeg,ok,train
train/ok_front/cast_ok_0_426.jpeg,ok,train
train/ok_front/cast_ok_0_4266.jpeg,ok,train
train/ok_front/cast_ok_0_427.jpeg,ok,train
train/ok_front/cast_ok_0_4272.jpeg,ok,train
train/ok_front/cast_ok_0_4274.jpeg,ok,train
train/ok_front/cast_ok_0_4275.jpeg,ok,train
train/ok_front/cast_ok_0_4279.jpeg,ok,train
train/ok_front/cast_ok_0_4281.jpeg,ok,train
train/ok_front/cast_ok_0_4287.jpeg,ok,train
train/ok_front/cast_ok_0_4291.jpeg,ok,train
train/ok_front/cast_ok_0_4293.jpeg,ok,train
train/ok_front/cast_ok_0_4299.jpeg,ok,train
train/ok_front/cast_ok_0_4300.jpeg,ok,train
train/ok_front/cast_ok_0_4308.jpeg,ok,train
train/ok_front/cast_ok_0_4313.jpeg,ok,train
train/ok_front/cast_ok_0_4316.jpeg,ok,train
train/ok_front/cast_ok_0_4319.jpeg,ok,train
train/ok_front/cast_ok_0_432.jpeg,ok,train
train/ok_front/cast_ok_0_4320.jpeg,ok,train
train/ok_front/cast_ok_0_434.jpeg,ok,train
train/ok_front/cast_ok_0_4343.jpeg,ok,train
train/ok_front/cast_ok_0_4344.jpeg,ok,train
train/ok_front/cast_ok_0_4346.jpeg,ok,train
train/ok_front/cast_ok_0_4348.jpeg,ok,train
train/ok_front/cast_ok_0_4351.jpeg,ok,train
train/ok_front/cast_ok_0_4353.jpeg,ok,train
train/ok_front/cast_ok_0_4354.jpeg,ok,train
train/ok_front/cast_ok_0_4362.jpeg,ok,train
train/ok_front/cast_ok_0_4369.jpeg,ok,train
train/ok_front/cast_ok_0_4371.jpeg,ok,train
train/ok_front/cast_ok_0_4373.jpeg,ok,train
train/ok_front/cast_ok_0_4379.jpeg,ok,train
train/ok_front/cast_ok_0_4380.jpeg,ok,train
train/ok_front/cast_ok_0_4389.jpeg,ok,train
train/ok_front/cast_ok_0_4393.jpeg,ok,train
train/ok_front/cast_ok_0_440.jpeg,ok,train
train/ok_front/cast_ok_0_4401.jpeg,ok,train
train/ok_front/cast_ok_0_4402.jpeg,ok,train
train/ok_front/cast_ok_0_4405.jpeg,ok,train
train/ok_front/cast_ok_0_4407.jpeg,ok,train
train/ok_front/cast_ok_0_4411.jpeg,ok,train
train/ok_front/cast_ok_0_4416.jpeg,ok,train
train/ok_front/cast_ok_0_4418.jpeg,ok,train
train/ok_front/cast_ok_0_4421.jpeg,ok,train
train/ok_front/cast_ok_0_4424.jpeg,ok,train
train/ok_front/cast_ok_0_4427.jpeg,ok,train
train/ok_front/cast_ok_0_4428.jpeg,ok,train
train/ok_front/cast_ok_0_4437.jpeg,ok,train
train/ok_front/cast_ok_0_4438.jpeg,ok,train
train/ok_front/cast_ok_0_444.jpeg,ok,train
train/ok_front/cast_ok_0_4440.jpeg,ok,train
train/ok_front/cast_ok_0_4451.jpeg,ok,train
train/ok_front/cast_ok_0_4454.jpeg,ok,train
train/ok_front/cast_ok_0_4461.jpeg,ok,train
train/ok_front/cast_ok_0_4464.jpeg,ok,train
train/ok_front/cast_ok_0_4470.jpeg,ok,train
train/ok_front/cast_ok_0_4471.jpeg,ok,train
train/ok_front/cast_ok_0_4483.jpeg,ok,train
train/ok_front/cast_ok_0_4487.jpeg,ok,train
train/ok_front/cast_ok_0_4494.jpeg,ok,train
train/ok_front/cast_ok_0_4496.jpeg,ok,train
train/ok_front/cast_ok_0_45.jpeg,ok,train
train/ok_front/cast_ok_0_450.jpeg,ok,train
train/ok_front/cast_ok_0_4500.jpeg,ok,train
train/ok_front/cast_ok_0_4502.jpeg,ok,train
train/ok_front/cast_ok_0_4512.jpeg,ok,train
train/ok_front/cast_ok_0_4513.jpeg,ok,train
train/ok_front/cast_ok_0_4518.jpeg,ok,train
train/ok_front/cast_ok_0_4519.jpeg,ok,train
train/ok_front/cast_ok_0_452.jpeg,ok,train
train/ok_front/cast_ok_0_4523.jpeg,ok,train
train/ok_front/cast_ok_0_4528.jpeg,ok,train
train/ok_front/cast_ok_0_4529.jpeg,ok,train
train/ok_front/cast_ok_0_4534.jpeg,ok,train
train/ok_front/cast_ok_0_4535.jpeg,ok,train
train/ok_front/cast_ok_0_454.jpeg,ok,train
train/ok_front/cast_ok_0_4540.jpeg,ok,train
train/ok_front/cast_ok_0_4557.jpeg,ok,train
train/ok_front/cast_ok_0_4563.jpeg,ok,train
train/ok_front/cast_ok_0_4566.jpeg,ok,train
train/ok_front/cast_ok_0_4567.jpeg,ok,train
train/ok_front/cast_ok_0_4569.jpeg,ok,train
train/ok_front/cast_ok_0_4570.jpeg,ok,train
train/ok_front/cast_ok_0_4574.jpeg,ok,train
train/ok_front/cast_ok_0_4584.jpeg,ok,train
train/ok_front/cast_ok_0_4590.jpeg,ok,train
train/ok_front/cast_ok_0_4597.jpeg,ok,train
train/ok_front/cast_ok_0_460.jpeg,ok,train
train/ok_front/cast_ok_0_4601.jpeg,ok,train
train/ok_front/cast_ok_0_4607.jpeg,ok,train
train/ok_front/cast_ok_0_4619.jpeg,ok,train
train/ok_front/cast_ok_0_4621.jpeg,ok,train
train/ok_front/cast_ok_0_4622.jpeg,ok,train
train/ok_front/cast_ok_0_4623.jpeg,ok,train
train/ok_front/cast_ok_0_4624.jpeg,ok,train
train/ok_front/cast_ok_0_463.jpeg,ok,train
train/ok_front/cast_ok_0_4632.jpeg,ok,train
train/ok_front/cast_ok_0_4633.jpeg,ok,train
train/ok_front/cast_ok_0_4634.jpeg,ok,train
train/ok_front/cast_ok_0_4637.jpeg,ok,train
train/ok_front/cast_ok_0_4638.jpeg,ok,train
train/ok_front/cast_ok_0_4642.jpeg,ok,train
train/ok_front/cast_ok_0_4644.jpeg,ok,train
train/ok_front/cast_ok_0_4657.jpeg,ok,train
train/ok_front/cast_ok_0_4658.jpeg,ok,train
train/ok_front/cast_ok_0_4660.jpeg,ok,train
train/ok_front/cast_ok_0_4665.jpeg,ok,train
train/ok_front/cast_ok_0_467.jpeg,ok,train
train/ok_front/cast_ok_0_4671.jpeg,ok,train
train/ok_front/cast_ok_0_4672.jpeg,ok,train
train/ok_front/cast_ok_0_4678.jpeg,ok,train
train/ok_front/cast_ok_0_4680.jpeg,ok,train
train/ok_front/cast_ok_0_4685.jpeg,ok,train
train/ok_front/cast_ok_0_4687.jpeg,ok,train
train/ok_front/cast_ok_0_4689.jpeg,ok,train
train/ok_front/cast_ok_0_4694.jpeg,ok,train
train/ok_front/cast_ok_0_4696.jpeg,ok,train
train/ok_front/cast_ok_0_4698.jpeg,ok,train
train/ok_front/cast_ok_0_4708.jpeg,ok,train
train/ok_front/cast_ok_0_4711.jpeg,ok,train
train/ok_front/cast_ok_0_4718.jpeg,ok,train
train/ok_front/cast_ok_0_472.jpeg,ok,train
train/ok_front/cast_ok_0_4725.jpeg,ok,train
train/ok_front/cast_ok_0_4727.jpeg,ok,train
train/ok_front/cast_ok_0_4729.jpeg,ok,train
train/ok_front/cast_ok_0_4732.jpeg,ok,train
train/ok_front/cast_ok_0_4735.jpeg,ok,train
train/ok_front/cast_ok_0_4736.jpeg,ok,train
train/ok_front/cast_ok_0_4739.jpeg,ok,train
train/ok_front/cast_ok_0_474.jpeg,ok,train
train/ok_front/cast_ok_0_4743.jpeg,ok,train
train/ok_front/cast_ok_0_4748.jpeg,ok,train
train/ok_front/cast_ok_0_4749.jpeg,ok,train
train/ok_front/cast_ok_0_4751.jpeg,ok,train
train/ok_front/cast_ok_0_4752.jpeg,ok,train
train/ok_front/cast_ok_0_4753.jpeg,ok,train
train/ok_front/cast_ok_0_4755.jpeg,ok,train
train/ok_front/cast_ok_0_4757.jpeg,ok,train
train/ok_front/cast_ok_0_4760.jpeg,ok,train
train/ok_front/cast_ok_0_4772.jpeg,ok,train
train/ok_front/cast_ok_0_4778.jpeg,ok,train
train/ok_front/cast_ok_0_4779.jpeg,ok,train
train/ok_front/cast_ok_0_4780.jpeg,ok,train
train/ok_front/cast_ok_0_4781.jpeg,ok,train
train/ok_front/cast_ok_0_4783.jpeg,ok,train
train/ok_front/cast_ok_0_4798.jpeg,ok,train
train/ok_front/cast_ok_0_480.jpeg,ok,train
train/ok_front/cast_ok_0_4802.jpeg,ok,train
train/ok_front/cast_ok_0_4816.jpeg,ok,train
train/ok_front/cast_ok_0_482.jpeg,ok,train
train/ok_front/cast_ok_0_4821.jpeg,ok,train
train/ok_front/cast_ok_0_4825.jpeg,ok,train
train/ok_front/cast_ok_0_4827.jpeg,ok,train
train/ok_front/cast_ok_0_4830.jpeg,ok,train
train/ok_front/cast_ok_0_4834.jpeg,ok,train
train/ok_front/cast_ok_0_4837.jpeg,ok,train
train/ok_front/cast_ok_0_4839.jpeg,ok,train
train/ok_front/cast_ok_0_4841.jpeg,ok,train
train/ok_front/cast_ok_0_4854.jpeg,ok,train
train/ok_front/cast_ok_0_4862.jpeg,ok,train
train/ok_front/cast_ok_0_4868.jpeg,ok,train
train/ok_front/cast_ok_0_4869.jpeg,ok,train
train/ok_front/cast_ok_0_487.jpeg,ok,train
train/ok_front/cast_ok_0_4872.jpeg,ok,train
train/ok_front/cast_ok_0_4873.jpeg,ok,train
train/ok_front/cast_ok_0_4875.jpeg,ok,train
train/ok_front/cast_ok_0_4885.jpeg,ok,train
train/ok_front/cast_ok_0_4888.jpeg,ok,train
train/ok_front/cast_ok_0_4889.jpeg,ok,train
train/ok_front/cast_ok_0_4891.jpeg,ok,train
train/ok_front/cast_ok_0_4892.jpeg,ok,train
train/ok_front/cast_ok_0_4896.jpeg,ok,train
train/ok_front/cast_ok_0_4904.jpeg,ok,train
train/ok_front/cast_ok_0_4905.jpeg,ok,train
train/ok_front/cast_ok_0_4907.jpeg,ok,train
train/ok_front/cast_ok_0_4908.jpeg,ok,train
train/ok_front/cast_ok_0_491.jpeg,ok,train
train/ok_front/cast_ok_0_4910.jpeg,ok,train
train/ok_front/cast_ok_0_4921.jpeg,ok,train
train/ok_front/cast_ok_0_4923.jpeg,ok,train
train/ok_front/cast_ok_0_4927.jpeg,ok,train
train/ok_front/cast_ok_0_4931.jpeg,ok,train
train/ok_front/cast_ok_0_4934.jpeg,ok,train
train/ok_front/cast_ok_0_4938.jpeg,ok,train
train/ok_front/cast_ok_0_4944.jpeg,ok,train
train/ok_front/cast_ok_0_4949.jpeg,ok,train
train/ok_front/cast_ok_0_4954.jpeg,ok,train
train/ok_front/cast_ok_0_4955.jpeg,ok,train
train/ok_front/cast_ok_0_4957.jpeg,ok,train
train/ok_front/cast_ok_0_4959.jpeg,ok,train
train/ok_front/cast_ok_0_496.jpeg,ok,train
train/ok_front/cast_ok_0_4961.jpeg,ok,train
train/ok_front/cast_ok_0_4962.jpeg,ok,train
train/ok_front/cast_ok_0_4967.jpeg,ok,train
train/ok_front/cast_ok_0_4970.jpeg,ok,train
train/ok_front/cast_ok_0_4972.jpeg,ok,train
train/ok_front/cast_ok_0_4973.jpeg,ok,train
train/ok_front/cast_ok_0_4975.jpeg,ok,train
train/ok_front/cast_ok_0_4986.jpeg,ok,train
train/ok_front/cast_ok_0_4987.jpeg,ok,train
train/ok_front/cast_ok_0_4989.jpeg,ok,train
train/ok_front/cast_ok_0_499.jpeg,ok,train
train/ok_front/cast_ok_0_4990.jpeg,ok,train
train/ok_front/cast_ok_0_4993.jpeg,ok,train
train/ok_front/cast_ok_0_5003.jpeg,ok,train
train/ok_front/cast_ok_0_5006.jpeg,ok,train
train/ok_front/cast_ok_0_5007.jpeg,ok,train
train/ok_front/cast_ok_0_5008.jpeg,ok,train
train/ok_front/cast_ok_0_501.jpeg,ok,train
train/ok_front/cast_ok_0_5012.jpeg,ok,train
train/ok_front/cast_ok_0_5013.jpeg,ok,train
train/ok_front/cast_ok_0_5021.jpeg,ok,train
train/ok_front/cast_ok_0_5023.jpeg,ok,train
train/ok_front/cast_ok_0_503.jpeg,ok,train
train/ok_front/cast_ok_0_5031.jpeg,ok,train
train/ok_front/cast_ok_0_5032.jpeg,ok,train
train/ok_front/cast_ok_0_5033.jpeg,ok,train
train/ok_front/cast_ok_0_5034.jpeg,ok,train
train/ok_front/cast_ok_0_5035.jpeg,ok,train
train/ok_front/cast_ok_0_5044.jpeg,ok,train
train/ok_front/cast_ok_0_5048.jpeg,ok,train
train/ok_front/cast_ok_0_5050.jpeg,ok,train
train/ok_front/cast_ok_0_5055.jpeg,ok,train
train/ok_front/cast_ok_0_5056.jpeg,ok,train
train/ok_front/cast_ok_0_5057.jpeg,ok,train
train/ok_front/cast_ok_0_5060.jpeg,ok,train
train/ok_front/cast_ok_0_5064.jpeg,ok,train
train/ok_front/cast_ok_0_507.jpeg,ok,train
train/ok_front/cast_ok_0_5071.jpeg,ok,train
train/ok_front/cast_ok_0_5073.jpeg,ok,train
train/ok_front/cast_ok_0_5074.jpeg,ok,train
train/ok_front/cast_ok_0_5078.jpeg,ok,train
train/ok_front/cast_ok_0_5079.jpeg,ok,train
train/ok_front/cast_ok_0_5084.jpeg,ok,train
train/ok_front/cast_ok_0_5086.jpeg,ok,train
train/ok_front/cast_ok_0_5087.jpeg,ok,train
train/ok_front/cast_ok_0_5089.jpeg,ok,train
train/ok_front/cast_ok_0_5094.jpeg,ok,train
train/ok_front/cast_ok_0_5096.jpeg,ok,train
train/ok_front/cast_ok_0_5097.jpeg,ok,train
train/ok_front/cast_ok_0_51.jpeg,ok,train
train/ok_front/cast_ok_0_510.jpeg,ok,train
train/ok_front/cast_ok_0_5105.jpeg,ok,train
train/ok_front/cast_ok_0_5108.jpeg,ok,train
train/ok_front/cast_ok_0_5109.jpeg,ok,train
train/ok_front/cast_ok_0_511.jpeg,ok,train
train/ok_front/cast_ok_0_5110.jpeg,ok,train
train/ok_front/cast_ok_0_5117.jpeg,ok,train
train/ok_front/cast_ok_0_5118.jpeg,ok,train
train/ok_front/cast_ok_0_5125.jpeg,ok,train
train/ok_front/cast_ok_0_5129.jpeg,ok,train
train/ok_front/cast_ok_0_5141.jpeg,ok,train
train/ok_front/cast_ok_0_5143.jpeg,ok,train
train/ok_front/cast_ok_0_5153.jpeg,ok,train
train/ok_front/cast_ok_0_5158.jpeg,ok,train
train/ok_front/cast_ok_0_5160.jpeg,ok,train
train/ok_front/cast_ok_0_5164.jpeg,ok,train
train/ok_front/cast_ok_0_5167.jpeg,ok,train
train/ok_front/cast_ok_0_5168.jpeg,ok,train
train/ok_front/cast_ok_0_519.jpeg,ok,train
train/ok_front/cast_ok_0_5194.jpeg,ok,train
train/ok_front/cast_ok_0_5196.jpeg,ok,train
train/ok_front/cast_ok_0_5203.jpeg,ok,train
train/ok_front/cast_ok_0_5205.jpeg,ok,train
train/ok_front/cast_ok_0_5208.jpeg,ok,train
train/ok_front/cast_ok_0_5216.jpeg,ok,train
train/ok_front/cast_ok_0_5220.jpeg,ok,train
train/ok_front/cast_ok_0_5226.jpeg,ok,train
train/ok_front/cast_ok_0_5228.jpeg,ok,train
train/ok_front/cast_ok_0_5237.jpeg,ok,train
train/ok_front/cast_ok_0_5238.jpeg,ok,train
train/ok_front/cast_ok_0_5242.jpeg,ok,train
train/ok_front/cast_ok_0_5244.jpeg,ok,train
train/ok_front/cast_ok_0_5250.jpeg,ok,train
train/ok_front/cast_ok_0_5257.jpeg,ok,train
train/ok_front/cast_ok_0_5258.jpeg,ok,train
train/ok_front/cast_ok_0_5260.jpeg,ok,train
train/ok_front/cast_ok_0_5263.jpeg,ok,train
train/ok_front/cast_ok_0_5278.jpeg,ok,train
train/ok_front/cast_ok_0_5280.jpeg,ok,train
train/ok_front/cast_ok_0_5283.jpeg,ok,train
train/ok_front/cast_ok_0_5288.jpeg,ok,train
train/ok_front/cast_ok_0_5293.jpeg,ok,train
train/ok_front/cast_ok_0_5295.jpeg,ok,train
train/ok_front/cast_ok_0_5303.jpeg,ok,train
train/ok_front/cast_ok_0_5307.jpeg,ok,train
train/ok_front/cast_ok_0_5309.jpeg,ok,train
train/ok_front/cast_ok_0_5314.jpeg,ok,train
train/ok_front/cast_ok_0_5320.jpeg,ok,train
train/ok_front/cast_ok_0_5322.jpeg,ok,train
train/ok_front/cast_ok_0_5323.jpeg,ok,train
train/ok_front/cast_ok_0_5326.jpeg,ok,train
train/ok_front/cast_ok_0_5330.jpeg,ok,train
train/ok_front/cast_ok_0_5335.jpeg,ok,train
train/ok_front/cast_ok_0_5338.jpeg,ok,train
train/ok_front/cast_ok_0_5339.jpeg,ok,train
train/ok_front/cast_ok_0_534.jpeg,ok,train
train/ok_front/cast_ok_0_5341.jpeg,ok,train
train/ok_front/cast_ok_0_5349.jpeg,ok,train
train/ok_front/cast_ok_0_5351.jpeg,ok,train
train/ok_front/cast_ok_0_5360.jpeg,ok,train
train/ok_front/cast_ok_0_5364.jpeg,ok,train
train/ok_front/cast_ok_0_5366.jpeg,ok,train
train/ok_front/cast_ok_0_5367.jpeg,ok,train
train/ok_front/cast_ok_0_5372.jpeg,ok,train
train/ok_front/cast_ok_0_5375.jpeg,ok,train
train/ok_front/cast_ok_0_5376.jpeg,ok,train
train/ok_front/cast_ok_0_5379.jpeg,ok,train
train/ok_front/cast_ok_0_5388.jpeg,ok,train
train/ok_front/cast_ok_0_5392.jpeg,ok,train
train/ok_front/cast_ok_0_5398.jpeg,ok,train
train/ok_front/cast_ok_0_5399.jpeg,ok,train
train/ok_front/cast_ok_0_540.jpeg,ok,train
train/ok_front/cast_ok_0_5407.jpeg,ok,train
train/ok_front/cast_ok_0_5408.jpeg,ok,train
train/ok_front/cast_ok_0_541.jpeg,ok,train
train/ok_front/cast_ok_0_5411.jpeg,ok,train
train/ok_front/cast_ok_0_5413.jpeg,ok,train
train/ok_front/cast_ok_0_5414.jpeg,ok,train
train/ok_front/cast_ok_0_5418.jpeg,ok,train
train/ok_front/cast_ok_0_5425.jpeg,ok,train
train/ok_front/cast_ok_0_5427.jpeg,ok,train
train/ok_front/cast_ok_0_5429.jpeg,ok,train
train/ok_front/cast_ok_0_5431.jpeg,ok,train
train/ok_front/cast_ok_0_5433.jpeg,ok,train
train/ok_front/cast_ok_0_5447.jpeg,ok,train
train/ok_front/cast_ok_0_545.jpeg,ok,train
train/ok_front/cast_ok_0_5457.jpeg,ok,train
train/ok_front/cast_ok_0_5458.jpeg,ok,train
train/ok_front/cast_ok_0_5461.jpeg,ok,train
train/ok_front/cast_ok_0_5462.jpeg,ok,train
train/ok_front/cast_ok_0_5464.jpeg,ok,train
train/ok_front/cast_ok_0_5465.jpeg,ok,train
train/ok_front/cast_ok_0_5469.jpeg,ok,train
train/ok_front/cast_ok_0_5470.jpeg,ok,train
train/ok_front/cast_ok_0_5480.jpeg,ok,train
train/ok_front/cast_ok_0_5488.jpeg,ok,train
train/ok_front/cast_ok_0_549.jpeg,ok,train
train/ok_front/cast_ok_0_5496.jpeg,ok,train
train/ok_front/cast_ok_0_55.jpeg,ok,train
train/ok_front/cast_ok_0_5505.jpeg,ok,train
train/ok_front/cast_ok_0_551.jpeg,ok,train
train/ok_front/cast_ok_0_5512.jpeg,ok,train
train/ok_front/cast_ok_0_5515.jpeg,ok,train
train/ok_front/cast_ok_0_552.jpeg,ok,train
train/ok_front/cast_ok_0_5521.jpeg,ok,train
train/ok_front/cast_ok_0_5522.jpeg,ok,train
train/ok_front/cast_ok_0_5525.jpeg,ok,train
train/ok_front/cast_ok_0_553.jpeg,ok,train
train/ok_front/cast_ok_0_5531.jpeg,ok,train
train/ok_front/cast_ok_0_5535.jpeg,ok,train
train/ok_front/cast_ok_0_5541.jpeg,ok,train
train/ok_front/cast_ok_0_5542.jpeg,ok,train
train/ok_front/cast_ok_0_5544.jpeg,ok,train
train/ok_front/cast_ok_0_5549.jpeg,ok,train
train/ok_front/cast_ok_0_555.jpeg,ok,train
train/ok_front/cast_ok_0_5552.jpeg,ok,train
train/ok_front/cast_ok_0_5553.jpeg,ok,train
train/ok_front/cast_ok_0_556.jpeg,ok,train
train/ok_front/cast_ok_0_5562.jpeg,ok,train
train/ok_front/cast_ok_0_557.jpeg,ok,train
train/ok_front/cast_ok_0_5570.jpeg,ok,train
train/ok_front/cast_ok_0_5571.jpeg,ok,train
train/ok_front/cast_ok_0_5579.jpeg,ok,train
train/ok_front/cast_ok_0_5592.jpeg,ok,train
train/ok_front/cast_ok_0_5596.jpeg,ok,train
train/ok_front/cast_ok_0_5598.jpeg,ok,train
train/ok_front/cast_ok_0_560.jpeg,ok,train
train/ok_front/cast_ok_0_5600.jpeg,ok,train
train/ok_front/cast_ok_0_5602.jpeg,ok,train
train/ok_front/cast_ok_0_5610.jpeg,ok,train
train/ok_front/cast_ok_0_5611.jpeg,ok,train
train/ok_front/cast_ok_0_5612.jpeg,ok,train
train/ok_front/cast_ok_0_5618.jpeg,ok,train
train/ok_front/cast_ok_0_5620.jpeg,ok,train
train/ok_front/cast_ok_0_5622.jpeg,ok,train
train/ok_front/cast_ok_0_5629.jpeg,ok,train
train/ok_front/cast_ok_0_5634.jpeg,ok,train
train/ok_front/cast_ok_0_5635.jpeg,ok,train
train/ok_front/cast_ok_0_5638.jpeg,ok,train
train/ok_front/cast_ok_0_5642.jpeg,ok,train
train/ok_front/cast_ok_0_5645.jpeg,ok,train
train/ok_front/cast_ok_0_5648.jpeg,ok,train
train/ok_front/cast_ok_0_5649.jpeg,ok,train
train/ok_front/cast_ok_0_565.jpeg,ok,train
train/ok_front/cast_ok_0_5651.jpeg,ok,train
train/ok_front/cast_ok_0_5659.jpeg,ok,train
train/ok_front/cast_ok_0_5662.jpeg,ok,train
train/ok_front/cast_ok_0_5663.jpeg,ok,train
train/ok_front/cast_ok_0_5666.jpeg,ok,train
train/ok_front/cast_ok_0_567.jpeg,ok,train
train/ok_front/cast_ok_0_5676.jpeg,ok,train
train/ok_front/cast_ok_0_5683.jpeg,ok,train
train/ok_front/cast_ok_0_5698.jpeg,ok,train
train/ok_front/cast_ok_0_5699.jpeg,ok,train
train/ok_front/cast_ok_0_570.jpeg,ok,train
train/ok_front/cast_ok_0_5707.jpeg,ok,train
train/ok_front/cast_ok_0_5717.jpeg,ok,train
train/ok_front/cast_ok_0_572.jpeg,ok,train
train/ok_front/cast_ok_0_5722.jpeg,ok,train
train/ok_front/cast_ok_0_5726.jpeg,ok,train
train/ok_front/cast_ok_0_5731.jpeg,ok,train
train/ok_front/cast_ok_0_5732.jpeg,ok,train
train/ok_front/cast_ok_0_5734.jpeg,ok,train
train/ok_front/cast_ok_0_5747.jpeg,ok,train
train/ok_front/cast_ok_0_5750.jpeg,ok,train
train/ok_front/cast_ok_0_5752.jpeg,ok,train
train/ok_front/cast_ok_0_5757.jpeg,ok,train
train/ok_front/cast_ok_0_576.jpeg,ok,train
train/ok_front/cast_ok_0_5763.jpeg,ok,train
train/ok_front/cast_ok_0_5768.jpeg,ok,train
train/ok_front/cast_ok_0_5769.jpeg,ok,train
train/ok_front/cast_ok_0_5770.jpeg,ok,train
train/ok_front/cast_ok_0_5774.jpeg,ok,train
train/ok_front/cast_ok_0_5778.jpeg,ok,train
train/ok_front/cast_ok_0_5779.jpeg,ok,train
train/ok_front/cast_ok_0_5783.jpeg,ok,train
train/ok_front/cast_ok_0_5786.jpeg,ok,train
train/ok_front/cast_ok_0_579.jpeg,ok,train
train/ok_front/cast_ok_0_5791.jpeg,ok,train
train/ok_front/cast_ok_0_5793.jpeg,ok,train
train/ok_front/cast_ok_0_5799.jpeg,ok,train
train/ok_front/cast_ok_0_5801.jpeg,ok,train
train/ok_front/cast_ok_0_5802.jpeg,ok,train
train/ok_front/cast_ok_0_581.jpeg,ok,train
train/ok_front/cast_ok_0_5812.jpeg,ok,train
train/ok_front/cast_ok_0_5815.jpeg,ok,train
train/ok_front/cast_ok_0_5816.jpeg,ok,train
train/ok_front/cast_ok_0_5819.jpeg,ok,train
train/ok_front/cast_ok_0_5821.jpeg,ok,train
train/ok_front/cast_ok_0_5825.jpeg,ok,train
train/ok_front/cast_ok_0_5830.jpeg,ok,train
train/ok_front/cast_ok_0_5837.jpeg,ok,train
train/ok_front/cast_ok_0_5838.jpeg,ok,train
train/ok_front/cast_ok_0_584.jpeg,ok,train
train/ok_front/cast_ok_0_5853.jpeg,ok,train
train/ok_front/cast_ok_0_5858.jpeg,ok,train
train/ok_front/cast_ok_0_586.jpeg,ok,train
train/ok_front/cast_ok_0_5864.jpeg,ok,train
train/ok_front/cast_ok_0_5879.jpeg,ok,train
train/ok_front/cast_ok_0_588.jpeg,ok,train
train/ok_front/cast_ok_0_5880.jpeg,ok,train
train/ok_front/cast_ok_0_5881.jpeg,ok,train
train/ok_front/cast_ok_0_5884.jpeg,ok,train
train/ok_front/cast_ok_0_5891.jpeg,ok,train
train/ok_front/cast_ok_0_5894.jpeg,ok,train
train/ok_front/cast_ok_0_5896.jpeg,ok,train
train/ok_front/cast_ok_0_5898.jpeg,ok,train
train/ok_front/cast_ok_0_5907.jpeg,ok,train
train/ok_front/cast_ok_0_5912.jpeg,ok,train
train/ok_front/cast_ok_0_5914.jpeg,ok,train
train/ok_front/cast_ok_0_5915.jpeg,ok,train
train/ok_front/cast_ok_0_5924.jpeg,ok,train
train/ok_front/cast_ok_0_5925.jpeg,ok,train
train/ok_front/cast_ok_0_5926.jpeg,ok,train
train/ok_front/cast_ok_0_5928.jpeg,ok,train
train/ok_front/cast_ok_0_593.jpeg,ok,train
train/ok_front/cast_ok_0_5931.jpeg,ok,train
train/ok_front/cast_ok_0_5934.jpeg,ok,train
train/ok_front/cast_ok_0_5936.jpeg,ok,train
train/ok_front/cast_ok_0_5937.jpeg,ok,train
train/ok_front/cast_ok_0_594.jpeg,ok,train
train/ok_front/cast_ok_0_5941.jpeg,ok,train
train/ok_front/cast_ok_0_5949.jpeg,ok,train
train/ok_front/cast_ok_0_5954.jpeg,ok,train
train/ok_front/cast_ok_0_5958.jpeg,ok,train
train/ok_front/cast_ok_0_5959.jpeg,ok,train
train/ok_front/cast_ok_0_5960.jpeg,ok,train
train/ok_front/cast_ok_0_5965.jpeg,ok,train
train/ok_front/cast_ok_0_597.jpeg,ok,train
train/ok_front/cast_ok_0_5972.jpeg,ok,train
train/ok_front/cast_ok_0_5974.jpeg,ok,train
train/ok_front/cast_ok_0_5979.jpeg,ok,train
train/ok_front/cast_ok_0_598.jpeg,ok,train
train/ok_front/cast_ok_0_5988.jpeg,ok,train
train/ok_front/cast_ok_0_5991.jpeg,ok,train
train/ok_front/cast_ok_0_5996.jpeg,ok,train
train/ok_front/cast_ok_0_5997.jpeg,ok,train
train/ok_front/cast_ok_0_60.jpeg,ok,train
train/ok_front/cast_ok_0_6005.jpeg,ok,train
train/ok_front/cast_ok_0_6007.jpeg,ok,train
train/ok_front/cast_ok_0_6009.jpeg,ok,train
train/ok_front/cast_ok_0_6010.jpeg,ok,train
train/ok_front/cast_ok_0_6011.jpeg,ok,train
train/ok_front/cast_ok_0_6014.jpeg,ok,train
train/ok_front/cast_ok_0_6020.jpeg,ok,train
train/ok_front/cast_ok_0_6023.jpeg,ok,train
train/ok_front/cast_ok_0_6024.jpeg,ok,train
train/ok_front/cast_ok_0_6027.jpeg,ok,train
train/ok_front/cast_ok_0_6028.jpeg,ok,train
train/ok_front/cast_ok_0_6030.jpeg,ok,train
train/ok_front/cast_ok_0_6034.jpeg,ok,train
train/ok_front/cast_ok_0_6037.jpeg,ok,train
train/ok_front/cast_ok_0_604.jpeg,ok,train
train/ok_front/cast_ok_0_6040.jpeg,ok,train
train/ok_front/cast_ok_0_6043.jpeg,ok,train
train/ok_front/cast_ok_0_605.jpeg,ok,train
train/ok_front/cast_ok_0_6055.jpeg,ok,train
train/ok_front/cast_ok_0_6056.jpeg,ok,train
train/ok_front/cast_ok_0_6057.jpeg,ok,train
train/ok_front/cast_ok_0_6059.jpeg,ok,train
train/ok_front/cast_ok_0_6061.jpeg,ok,train
train/ok_front/cast_ok_0_6062.jpeg,ok,train
train/ok_front/cast_ok_0_6064.jpeg,ok,train
train/ok_front/cast_ok_0_6067.jpeg,ok,train
train/ok_front/cast_ok_0_607.jpeg,ok,train
train/ok_front/cast_ok_0_6074.jpeg,ok,train
train/ok_front/cast_ok_0_608.jpeg,ok,train
train/ok_front/cast_ok_0_6080.jpeg,ok,train
train/ok_front/cast_ok_0_6081.jpeg,ok,train
train/ok_front/cast_ok_0_6083.jpeg,ok,train
train/ok_front/cast_ok_0_6088.jpeg,ok,train
train/ok_front/cast_ok_0_6089.jpeg,ok,train
train/ok_front/cast_ok_0_609.jpeg,ok,train
train/ok_front/cast_ok_0_6093.jpeg,ok,train
train/ok_front/cast_ok_0_6095.jpeg,ok,train
train/ok_front/cast_ok_0_6101.jpeg,ok,train
train/ok_front/cast_ok_0_6103.jpeg,ok,train
train/ok_front/cast_ok_0_6106.jpeg,ok,train
train/ok_front/cast_ok_0_6108.jpeg,ok,train
train/ok_front/cast_ok_0_6115.jpeg,ok,train
train/ok_front/cast_ok_0_6116.jpeg,ok,train
train/ok_front/cast_ok_0_6118.jpeg,ok,train
train/ok_front/cast_ok_0_6122.jpeg,ok,train
train/ok_front/cast_ok_0_6126.jpeg,ok,train
train/ok_front/cast_ok_0_6131.jpeg,ok,train
train/ok_front/cast_ok_0_6134.jpeg,ok,train
train/ok_front/cast_ok_0_6139.jpeg,ok,train
train/ok_front/cast_ok_0_614.jpeg,ok,train
train/ok_front/cast_ok_0_615.jpeg,ok,train
train/ok_front/cast_ok_0_6150.jpeg,ok,train
train/ok_front/cast_ok_0_6155.jpeg,ok,train
train/ok_front/cast_ok_0_6156.jpeg,ok,train
train/ok_front/cast_ok_0_6160.jpeg,ok,train
train/ok_front/cast_ok_0_6165.jpeg,ok,train
train/ok_front/cast_ok_0_6168.jpeg,ok,train
train/ok_front/cast_ok_0_6169.jpeg,ok,train
train/ok_front/cast_ok_0_6170.jpeg,ok,train
train/ok_front/cast_ok_0_6171.jpeg,ok,train
train/ok_front/cast_ok_0_6176.jpeg,ok,train
train/ok_front/cast_ok_0_6179.jpeg,ok,train
train/ok_front/cast_ok_0_6186.jpeg,ok,train
train/ok_front/cast_ok_0_6189.jpeg,ok,train
train/ok_front/cast_ok_0_619.jpeg,ok,train
train/ok_front/cast_ok_0_6193.jpeg,ok,train
train/ok_front/cast_ok_0_6197.jpeg,ok,train
train/ok_front/cast_ok_0_6200.jpeg,ok,train
train/ok_front/cast_ok_0_6208.jpeg,ok,train
train/ok_front/cast_ok_0_6216.jpeg,ok,train
train/ok_front/cast_ok_0_6229.jpeg,ok,train
train/ok_front/cast_ok_0_6247.jpeg,ok,train
train/ok_front/cast_ok_0_625.jpeg,ok,train
train/ok_front/cast_ok_0_6250.jpeg,ok,train
train/ok_front/cast_ok_0_6252.jpeg,ok,train
train/ok_front/cast_ok_0_6254.jpeg,ok,train
train/ok_front/cast_ok_0_6257.jpeg,ok,train
train/ok_front/cast_ok_0_6261.jpeg,ok,train
train/ok_front/cast_ok_0_6262.jpeg,ok,train
train/ok_front/cast_ok_0_6267.jpeg,ok,train
train/ok_front/cast_ok_0_6278.jpeg,ok,train
train/ok_front/cast_ok_0_6281.jpeg,ok,train
train/ok_front/cast_ok_0_6291.jpeg,ok,train
train/ok_front/cast_ok_0_6293.jpeg,ok,train
train/ok_front/cast_ok_0_6294.jpeg,ok,train
train/ok_front/cast_ok_0_6295.jpeg,ok,train
train/ok_front/cast_ok_0_6299.jpeg,ok,train
train/ok_front/cast_ok_0_6306.jpeg,ok,train
train/ok_front/cast_ok_0_6312.jpeg,ok,train
train/ok_front/cast_ok_0_6313.jpeg,ok,train
train/ok_front/cast_ok_0_6315.jpeg,ok,train
train/ok_front/cast_ok_0_6333.jpeg,ok,train
train/ok_front/cast_ok_0_6334.jpeg,ok,train
train/ok_front/cast_ok_0_6344.jpeg,ok,train
train/ok_front/cast_ok_0_6346.jpeg,ok,train
train/ok_front/cast_ok_0_6348.jpeg,ok,train
train/ok_front/cast_ok_0_6350.jpeg,ok,train
train/ok_front/cast_ok_0_6353.jpeg,ok,train
train/ok_front/cast_ok_0_6354.jpeg,ok,train
train/ok_front/cast_ok_0_6356.jpeg,ok,train
train/ok_front/cast_ok_0_6358.jpeg,ok,train
train/ok_front/cast_ok_0_6361.jpeg,ok,train
train/ok_front/cast_ok_0_6365.jpeg,ok,train
train/ok_front/cast_ok_0_6369.jpeg,ok,train
train/ok_front/cast_ok_0_6379.jpeg,ok,train
train/ok_front/cast_ok_0_638.jpeg,ok,train
train/ok_front/cast_ok_0_6381.jpeg,ok,train
train/ok_front/cast_ok_0_6383.jpeg,ok,train
train/ok_front/cast_ok_0_6384.jpeg,ok,train
train/ok_front/cast_ok_0_6386.jpeg,ok,train
train/ok_front/cast_ok_0_6388.jpeg,ok,train
train/ok_front/cast_ok_0_6389.jpeg,ok,train
train/ok_front/cast_ok_0_6391.jpeg,ok,train
train/ok_front/cast_ok_0_6392.jpeg,ok,train
train/ok_front/cast_ok_0_6394.jpeg,ok,train
train/ok_front/cast_ok_0_6398.jpeg,ok,train
train/ok_front/cast_ok_0_6402.jpeg,ok,train
train/ok_front/cast_ok_0_6407.jpeg,ok,train
train/ok_front/cast_ok_0_6409.jpeg,ok,train
train/ok_front/cast_ok_0_6412.jpeg,ok,train
train/ok_front/cast_ok_0_6416.jpeg,ok,train
train/ok_front/cast_ok_0_6419.jpeg,ok,train
train/ok_front/cast_ok_0_6424.jpeg,ok,train
train/ok_front/cast_ok_0_6428.jpeg,ok,train
train/ok_front/cast_ok_0_6429.jpeg,ok,train
train/ok_front/cast_ok_0_643.jpeg,ok,train
train/ok_front/cast_ok_0_6430.jpeg,ok,train
train/ok_front/cast_ok_0_6432.jpeg,ok,train
train/ok_front/cast_ok_0_6433.jpeg,ok,train
train/ok_front/cast_ok_0_6434.jpeg,ok,train
train/ok_front/cast_ok_0_6435.jpeg,ok,train
train/ok_front/cast_ok_0_6437.jpeg,ok,train
train/ok_front/cast_ok_0_6441.jpeg,ok,train
train/ok_front/cast_ok_0_6447.jpeg,ok,train
train/ok_front/cast_ok_0_6455.jpeg,ok,train
train/ok_front/cast_ok_0_6470.jpeg,ok,train
train/ok_front/cast_ok_0_6478.jpeg,ok,train
train/ok_front/cast_ok_0_6479.jpeg,ok,train
train/ok_front/cast_ok_0_6483.jpeg,ok,train
train/ok_front/cast_ok_0_6485.jpeg,ok,train
train/ok_front/cast_ok_0_6487.jpeg,ok,train
train/ok_front/cast_ok_0_6492.jpeg,ok,train
train/ok_front/cast_ok_0_6498.jpeg,ok,train
train/ok_front/cast_ok_0_65.jpeg,ok,train
train/ok_front/cast_ok_0_6508.jpeg,ok,train
train/ok_front/cast_ok_0_6513.jpeg,ok,train
train/ok_front/cast_ok_0_6517.jpeg,ok,train
train/ok_front/cast_ok_0_6522.jpeg,ok,train
train/ok_front/cast_ok_0_6523.jpeg,ok,train
train/ok_front/cast_ok_0_6538.jpeg,ok,train
train/ok_front/cast_ok_0_6540.jpeg,ok,train
train/ok_front/cast_ok_0_6543.jpeg,ok,train
train/ok_front/cast_ok_0_6547.jpeg,ok,train
train/ok_front/cast_ok_0_6549.jpeg,ok,train
train/ok_front/cast_ok_0_6551.jpeg,ok,train
train/ok_front/cast_ok_0_6552.jpeg,ok,train
train/ok_front/cast_ok_0_6561.jpeg,ok,train
train/ok_front/cast_ok_0_6563.jpeg,ok,train
train/ok_front/cast_ok_0_6565.jpeg,ok,train
train/ok_front/cast_ok_0_6568.jpeg,ok,train
train/ok_front/cast_ok_0_6570.jpeg,ok,train
train/ok_front/cast_ok_0_6576.jpeg,ok,train
train/ok_front/cast_ok_0_658.jpeg,ok,train
train/ok_front/cast_ok_0_6580.jpeg,ok,train
train/ok_front/cast_ok_0_6581.jpeg,ok,train
train/ok_front/cast_ok_0_6582.jpeg,ok,train
train/ok_front/cast_ok_0_6588.jpeg,ok,train
train/ok_front/cast_ok_0_6592.jpeg,ok,train
train/ok_front/cast_ok_0_6593.jpeg,ok,train
train/ok_front/cast_ok_0_6598.jpeg,ok,train
train/ok_front/cast_ok_0_6599.jpeg,ok,train
train/ok_front/cast_ok_0_660.jpeg,ok,train
train/ok_front/cast_ok_0_6606.jpeg,ok,train
train/ok_front/cast_ok_0_6610.jpeg,ok,train
train/ok_front/cast_ok_0_6619.jpeg,ok,train
train/ok_front/cast_ok_0_6620.jpeg,ok,train
train/ok_front/cast_ok_0_6621.jpeg,ok,train
train/ok_front/cast_ok_0_6625.jpeg,ok,train
train/ok_front/cast_ok_0_6627.jpeg,ok,train
train/ok_front/cast_ok_0_6633.jpeg,ok,train
train/ok_front/cast_ok_0_6636.jpeg,ok,train
train/ok_front/cast_ok_0_664.jpeg,ok,train
train/ok_front/cast_ok_0_6640.jpeg,ok,train
train/ok_front/cast_ok_0_6646.jpeg,ok,train
train/ok_front/cast_ok_0_6647.jpeg,ok,train
train/ok_front/cast_ok_0_6657.jpeg,ok,train
train/ok_front/cast_ok_0_666.jpeg,ok,train
train/ok_front/cast_ok_0_6665.jpeg,ok,train
train/ok_front/cast_ok_0_6666.jpeg,ok,train
train/ok_front/cast_ok_0_6673.jpeg,ok,train
train/ok_front/cast_ok_0_6680.jpeg,ok,train
train/ok_front/cast_ok_0_6684.jpeg,ok,train
train/ok_front/cast_ok_0_6687.jpeg,ok,train
train/ok_front/cast_ok_0_669.jpeg,ok,train
train/ok_front/cast_ok_0_6690.jpeg,ok,train
train/ok_front/cast_ok_0_6692.jpeg,ok,train
train/ok_front/cast_ok_0_6695.jpeg,ok,train
train/ok_front/cast_ok_0_6702.jpeg,ok,train
train/ok_front/cast_ok_0_6704.jpeg,ok,train
train/ok_front/cast_ok_0_671.jpeg,ok,train
train/ok_front/cast_ok_0_6712.jpeg,ok,train
train/ok_front/cast_ok_0_6713.jpeg,ok,train
train/ok_front/cast_ok_0_6714.jpeg,ok,train
train/ok_front/cast_ok_0_6715.jpeg,ok,train
train/ok_front/cast_ok_0_6716.jpeg,ok,train
train/ok_front/cast_ok_0_6717.jpeg,ok,train
train/ok_front/cast_ok_0_6718.jpeg,ok,train
train/ok_front/cast_ok_0_6719.jpeg,ok,train
train/ok_front/cast_ok_0_6727.jpeg,ok,train
train/ok_front/cast_ok_0_6728.jpeg,ok,train
train/ok_front/cast_ok_0_6729.jpeg,ok,train
train/ok_front/cast_ok_0_6730.jpeg,ok,train
train/ok_front/cast_ok_0_6731.jpeg,ok,train
train/ok_front/cast_ok_0_6732.jpeg,ok,train
train/ok_front/cast_ok_0_6737.jpeg,ok,train
train/ok_front/cast_ok_0_6753.jpeg,ok,train
train/ok_front/cast_ok_0_6755.jpeg,ok,train
train/ok_front/cast_ok_0_6756.jpeg,ok,train
train/ok_front/cast_ok_0_6758.jpeg,ok,train
train/ok_front/cast_ok_0_6760.jpeg,ok,train
train/ok_front/cast_ok_0_6762.jpeg,ok,train
train/ok_front/cast_ok_0_6763.jpeg,ok,train
train/ok_front/cast_ok_0_6764.jpeg,ok,train
train/ok_front/cast_ok_0_6766.jpeg,ok,train
train/ok_front/cast_ok_0_6769.jpeg,ok,train
train/ok_front/cast_ok_0_6776.jpeg,ok,train
train/ok_front/cast_ok_0_6779.jpeg,ok,train
train/ok_front/cast_ok_0_6782.jpeg,ok,train
train/ok_front/cast_ok_0_6788.jpeg,ok,train
train/ok_front/cast_ok_0_6789.jpeg,ok,train
train/ok_front/cast_ok_0_6792.jpeg,ok,train
train/ok_front/cast_ok_0_6797.jpeg,ok,train
train/ok_front/cast_ok_0_6798.jpeg,ok,train
train/ok_front/cast_ok_0_6802.jpeg,ok,train
train/ok_front/cast_ok_0_6807.jpeg,ok,train
train/ok_front/cast_ok_0_6809.jpeg,ok,train
train/ok_front/cast_ok_0_681.jpeg,ok,train
train/ok_front/cast_ok_0_6810.jpeg,ok,train
train/ok_front/cast_ok_0_6813.jpeg,ok,train
train/ok_front/cast_ok_0_6814.jpeg,ok,train
train/ok_front/cast_ok_0_6816.jpeg,ok,train
train/ok_front/cast_ok_0_6819.jpeg,ok,train
train/ok_front/cast_ok_0_6820.jpeg,ok,train
train/ok_front/cast_ok_0_6825.jpeg,ok,train
train/ok_front/cast_ok_0_6832.jpeg,ok,train
train/ok_front/cast_ok_0_684.jpeg,ok,train
train/ok_front/cast_ok_0_6844.jpeg,ok,train
train/ok_front/cast_ok_0_685.jpeg,ok,train
train/ok_front/cast_ok_0_6858.jpeg,ok,train
train/ok_front/cast_ok_0_6860.jpeg,ok,train
train/ok_front/cast_ok_0_6866.jpeg,ok,train
train/ok_front/cast_ok_0_6873.jpeg,ok,train
train/ok_front/cast_ok_0_6874.jpeg,ok,train
train/ok_front/cast_ok_0_6876.jpeg,ok,train
train/ok_front/cast_ok_0_6878.jpeg,ok,train
train/ok_front/cast_ok_0_6879.jpeg,ok,train
train/ok_front/cast_ok_0_6887.jpeg,ok,train
train/ok_front/cast_ok_0_6898.jpeg,ok,train
train/ok_front/cast_ok_0_6902.jpeg,ok,train
train/ok_front/cast_ok_0_6906.jpeg,ok,train
train/ok_front/cast_ok_0_6908.jpeg,ok,train
train/ok_front/cast_ok_0_6912.jpeg,ok,train
train/ok_front/cast_ok_0_6913.jpeg,ok,train
train/ok_front/cast_ok_0_692.jpeg,ok,train
train/ok_front/cast_ok_0_6921.jpeg,ok,train
train/ok_front/cast_ok_0_6922.jpeg,ok,train
train/ok_front/cast_ok_0_6931.jpeg,ok,train
train/ok_front/cast_ok_0_6932.jpeg,ok,train
train/ok_front/cast_ok_0_6933.jpeg,ok,train
train/ok_front/cast_ok_0_6934.jpeg,ok,train
train/ok_front/cast_ok_0_6947.jpeg,ok,train
train/ok_front/cast_ok_0_695.jpeg,ok,train
train/ok_front/cast_ok_0_6950.jpeg,ok,train
train/ok_front/cast_ok_0_6960.jpeg,ok,train
train/ok_front/cast_ok_0_6965.jpeg,ok,train
train/ok_front/cast_ok_0_6967.jpeg,ok,train
train/ok_front/cast_ok_0_697.jpeg,ok,train
train/ok_front/cast_ok_0_6976.jpeg,ok,train
train/ok_front/cast_ok_0_6979.jpeg,ok,train
train/ok_front/cast_ok_0_6982.jpeg,ok,train
train/ok_front/cast_ok_0_6983.jpeg,ok,train
train/ok_front/cast_ok_0_6985.jpeg,ok,train
train/ok_front/cast_ok_0_6994.jpeg,ok,train
train/ok_front/cast_ok_0_6995.jpeg,ok,train
train/ok_front/cast_ok_0_6997.jpeg,ok,train
train/ok_front/cast_ok_0_70.jpeg,ok,train
train/ok_front/cast_ok_0_7005.jpeg,ok,train
train/ok_front/cast_ok_0_7009.jpeg,ok,train
train/ok_front/cast_ok_0_7013.jpeg,ok,train
train/ok_front/cast_ok_0_7016.jpeg,ok,train
train/ok_front/cast_ok_0_7018.jpeg,ok,train
train/ok_front/cast_ok_0_7021.jpeg,ok,train
train/ok_front/cast_ok_0_7025.jpeg,ok,train
train/ok_front/cast_ok_0_7029.jpeg,ok,train
train/ok_front/cast_ok_0_7032.jpeg,ok,train
train/ok_front/cast_ok_0_7037.jpeg,ok,train
train/ok_front/cast_ok_0_7039.jpeg,ok,train
train/ok_front/cast_ok_0_7045.jpeg,ok,train
train/ok_front/cast_ok_0_7046.jpeg,ok,train
train/ok_front/cast_ok_0_7047.jpeg,ok,train
train/ok_front/cast_ok_0_7048.jpeg,ok,train
train/ok_front/cast_ok_0_7051.jpeg,ok,train
train/ok_front/cast_ok_0_7054.jpeg,ok,train
train/ok_front/cast_ok_0_7055.jpeg,ok,train
train/ok_front/cast_ok_0_7060.jpeg,ok,train
train/ok_front/cast_ok_0_7064.jpeg,ok,train
train/ok_front/cast_ok_0_7066.jpeg,ok,train
train/ok_front/cast_ok_0_7079.jpeg,ok,train
train/ok_front/cast_ok_0_7086.jpeg,ok,train
train/ok_front/cast_ok_0_7087.jpeg,ok,train
train/ok_front/cast_ok_0_7089.jpeg,ok,train
train/ok_front/cast_ok_0_709.jpeg,ok,train
train/ok_front/cast_ok_0_7092.jpeg,ok,train
train/ok_front/cast_ok_0_7093.jpeg,ok,train
train/ok_front/cast_ok_0_7094.jpeg,ok,train
train/ok_front/cast_ok_0_7095.jpeg,ok,train
train/ok_front/cast_ok_0_7096.jpeg,ok,train
train/ok_front/cast_ok_0_7097.jpeg,ok,train
train/ok_front/cast_ok_0_7098.jpeg,ok,train
train/ok_front/cast_ok_0_710.jpeg,ok,train
train/ok_front/cast_ok_0_7103.jpeg,ok,train
train/ok_front/cast_ok_0_711.jpeg,ok,train
train/ok_front/cast_ok_0_7111.jpeg,ok,train
train/ok_front/cast_ok_0_7115.jpeg,ok,train
train/ok_front/cast_ok_0_7117.jpeg,ok,train
train/ok_front/cast_ok_0_7119.jpeg,ok,train
train/ok_front/cast_ok_0_7127.jpeg,ok,train
train/ok_front/cast_ok_0_713.jpeg,ok,train
train/ok_front/cast_ok_0_7130.jpeg,ok,train
train/ok_front/cast_ok_0_7133.jpeg,ok,train
train/ok_front/cast_ok_0_7134.jpeg,ok,train
train/ok_front/cast_ok_0_7136.jpeg,ok,train
train/ok_front/cast_ok_0_7139.jpeg,ok,train
train/ok_front/cast_ok_0_7141.jpeg,ok,train
train/ok_front/cast_ok_0_7144.jpeg,ok,train
train/ok_front/cast_ok_0_7149.jpeg,ok,train
train/ok_front/cast_ok_0_7158.jpeg,ok,train
train/ok_front/cast_ok_0_716.jpeg,ok,train
train/ok_front/cast_ok_0_7161.jpeg,ok,train
train/ok_front/cast_ok_0_7162.jpeg,ok,train
train/ok_front/cast_ok_0_7168.jpeg,ok,train
train/ok_front/cast_ok_0_7174.jpeg,ok,train
train/ok_front/cast_ok_0_7175.jpeg,ok,train
train/ok_front/cast_ok_0_7176.jpeg,ok,train
train/ok_front/cast_ok_0_7186.jpeg,ok,train
train/ok_front/cast_ok_0_7187.jpeg,ok,train
train/ok_front/cast_ok_0_7188.jpeg,ok,train
train/ok_front/cast_ok_0_7191.jpeg,ok,train
train/ok_front/cast_ok_0_7195.jpeg,ok,train
train/ok_front/cast_ok_0_7198.jpeg,ok,train
train/ok_front/cast_ok_0_7205.jpeg,ok,train
train/ok_front/cast_ok_0_7206.jpeg,ok,train
train/ok_front/cast_ok_0_7209.jpeg,ok,train
train/ok_front/cast_ok_0_7214.jpeg,ok,train
train/ok_front/cast_ok_0_7228.jpeg,ok,train
train/ok_front/cast_ok_0_7232.jpeg,ok,train
train/ok_front/cast_ok_0_7235.jpeg,ok,train
train/ok_front/cast_ok_0_7251.jpeg,ok,train
train/ok_front/cast_ok_0_7255.jpeg,ok,train
train/ok_front/cast_ok_0_7260.jpeg,ok,train
train/ok_front/cast_ok_0_7263.jpeg,ok,train
train/ok_front/cast_ok_0_7271.jpeg,ok,train
train/ok_front/cast_ok_0_7272.jpeg,ok,train
train/ok_front/cast_ok_0_7279.jpeg,ok,train
train/ok_front/cast_ok_0_7288.jpeg,ok,train
train/ok_front/cast_ok_0_7295.jpeg,ok,train
train/ok_front/cast_ok_0_7307.jpeg,ok,train
train/ok_front/cast_ok_0_7309.jpeg,ok,train
train/ok_front/cast_ok_0_7314.jpeg,ok,train
train/ok_front/cast_ok_0_7319.jpeg,ok,train
train/ok_front/cast_ok_0_7320.jpeg,ok,train
train/ok_front/cast_ok_0_7322.jpeg,ok,train
train/ok_front/cast_ok_0_7324.jpeg,ok,train
train/ok_front/cast_ok_0_7330.jpeg,ok,train
train/ok_front/cast_ok_0_7331.jpeg,ok,train
train/ok_front/cast_ok_0_7332.jpeg,ok,train
train/ok_front/cast_ok_0_7333.jpeg,ok,train
train/ok_front/cast_ok_0_7336.jpeg,ok,train
train/ok_front/cast_ok_0_7338.jpeg,ok,train
train/ok_front/cast_ok_0_7349.jpeg,ok,train
train/ok_front/cast_ok_0_7355.jpeg,ok,train
train/ok_front/cast_ok_0_7357.jpeg,ok,train
train/ok_front/cast_ok_0_736.jpeg,ok,train
train/ok_front/cast_ok_0_7367.jpeg,ok,train
train/ok_front/cast_ok_0_7368.jpeg,ok,train
train/ok_front/cast_ok_0_7370.jpeg,ok,train
train/ok_front/cast_ok_0_7371.jpeg,ok,train
train/ok_front/cast_ok_0_7372.jpeg,ok,train
train/ok_front/cast_ok_0_7376.jpeg,ok,train
train/ok_front/cast_ok_0_7379.jpeg,ok,train
train/ok_front/cast_ok_0_738.jpeg,ok,train
train/ok_front/cast_ok_0_7380.jpeg,ok,train
train/ok_front/cast_ok_0_7381.jpeg,ok,train
train/ok_front/cast_ok_0_7383.jpeg,ok,train
train/ok_front/cast_ok_0_7385.jpeg,ok,train
train/ok_front/cast_ok_0_7389.jpeg,ok,train
train/ok_front/cast_ok_0_7390.jpeg,ok,train
train/ok_front/cast_ok_0_740.jpeg,ok,train
train/ok_front/cast_ok_0_7400.jpeg,ok,train
train/ok_front/cast_ok_0_7402.jpeg,ok,train
train/ok_front/cast_ok_0_7408.jpeg,ok,train
train/ok_front/cast_ok_0_7420.jpeg,ok,train
train/ok_front/cast_ok_0_7435.jpeg,ok,train
train/ok_front/cast_ok_0_7437.jpeg,ok,train
train/ok_front/cast_ok_0_7441.jpeg,ok,train
train/ok_front/cast_ok_0_7442.jpeg,ok,train
train/ok_front/cast_ok_0_7446.jpeg,ok,train
train/ok_front/cast_ok_0_7447.jpeg,ok,train
train/ok_front/cast_ok_0_745.jpeg,ok,train
train/ok_front/cast_ok_0_7451.jpeg,ok,train
train/ok_front/cast_ok_0_7459.jpeg,ok,train
train/ok_front/cast_ok_0_7463.jpeg,ok,train
train/ok_front/cast_ok_0_7464.jpeg,ok,train
train/ok_front/cast_ok_0_7469.jpeg,ok,train
train/ok_front/cast_ok_0_7473.jpeg,ok,train
train/ok_front/cast_ok_0_7476.jpeg,ok,train
train/ok_front/cast_ok_0_7477.jpeg,ok,train
train/ok_front/cast_ok_0_7491.jpeg,ok,train
train/ok_front/cast_ok_0_7493.jpeg,ok,train
train/ok_front/cast_ok_0_7494.jpeg,ok,train
train/ok_front/cast_ok_0_750.jpeg,ok,train
train/ok_front/cast_ok_0_7501.jpeg,ok,train
train/ok_front/cast_ok_0_7507.jpeg,ok,train
train/ok_front/cast_ok_0_751.jpeg,ok,train
train/ok_front/cast_ok_0_7511.jpeg,ok,train
train/ok_front/cast_ok_0_7513.jpeg,ok,train
train/ok_front/cast_ok_0_7515.jpeg,ok,train
train/ok_front/cast_ok_0_7517.jpeg,ok,train
train/ok_front/cast_ok_0_7519.jpeg,ok,train
train/ok_front/cast_ok_0_7524.jpeg,ok,train
train/ok_front/cast_ok_0_7526.jpeg,ok,train
train/ok_front/cast_ok_0_7531.jpeg,ok,train
train/ok_front/cast_ok_0_7534.jpeg,ok,train
train/ok_front/cast_ok_0_7543.jpeg,ok,train
train/ok_front/cast_ok_0_7546.jpeg,ok,train
train/ok_front/cast_ok_0_7547.jpeg,ok,train
train/ok_front/cast_ok_0_7548.jpeg,ok,train
train/ok_front/cast_ok_0_7550.jpeg,ok,train
train/ok_front/cast_ok_0_7557.jpeg,ok,train
train/ok_front/cast_ok_0_7560.jpeg,ok,train
train/ok_front/cast_ok_0_7565.jpeg,ok,train
train/ok_front/cast_ok_0_7570.jpeg,ok,train
train/ok_front/cast_ok_0_7575.jpeg,ok,train
train/ok_front/cast_ok_0_7576.jpeg,ok,train
train/ok_front/cast_ok_0_7577.jpeg,ok,train
train/ok_front/cast_ok_0_7587.jpeg,ok,train
train/ok_front/cast_ok_0_7588.jpeg,ok,train
train/ok_front/cast_ok_0_759.jpeg,ok,train
train/ok_front/cast_ok_0_7591.jpeg,ok,train
train/ok_front/cast_ok_0_7595.jpeg,ok,train
train/ok_front/cast_ok_0_7597.jpeg,ok,train
train/ok_front/cast_ok_0_7599.jpeg,ok,train
train/ok_front/cast_ok_0_76.jpeg,ok,train
train/ok_front/cast_ok_0_7606.jpeg,ok,train
train/ok_front/cast_ok_0_7607.jpeg,ok,train
train/ok_front/cast_ok_0_7609.jpeg,ok,train
train/ok_front/cast_ok_0_7617.jpeg,ok,train
train/ok_front/cast_ok_0_7618.jpeg,ok,train
train/ok_front/cast_ok_0_7622.jpeg,ok,train
train/ok_front/cast_ok_0_7627.jpeg,ok,train
train/ok_front/cast_ok_0_7629.jpeg,ok,train
train/ok_front/cast_ok_0_763.jpeg,ok,train
train/ok_front/cast_ok_0_7632.jpeg,ok,train
train/ok_front/cast_ok_0_7635.jpeg,ok,train
train/ok_front/cast_ok_0_7637.jpeg,ok,train
train/ok_front/cast_ok_0_7644.jpeg,ok,train
train/ok_front/cast_ok_0_7648.jpeg,ok,train
train/ok_front/cast_ok_0_7656.jpeg,ok,train
train/ok_front/cast_ok_0_766.jpeg,ok,train
train/ok_front/cast_ok_0_7662.jpeg,ok,train
train/ok_front/cast_ok_0_7666.jpeg,ok,train
train/ok_front/cast_ok_0_7667.jpeg,ok,train
train/ok_front/cast_ok_0_7671.jpeg,ok,train
train/ok_front/cast_ok_0_7673.jpeg,ok,train
train/ok_front/cast_ok_0_7674.jpeg,ok,train
train/ok_front/cast_ok_0_7678.jpeg,ok,train
train/ok_front/cast_ok_0_7679.jpeg,ok,train
train/ok_front/cast_ok_0_768.jpeg,ok,train
train/ok_front/cast_ok_0_7685.jpeg,ok,train
train/ok_front/cast_ok_0_7689.jpeg,ok,train
train/ok_front/cast_ok_0_77.jpeg,ok,train
train/ok_front/cast_ok_0_7701.jpeg,ok,train
train/ok_front/cast_ok_0_7702.jpeg,ok,train
train/ok_front/cast_ok_0_7707.jpeg,ok,train
train/ok_front/cast_ok_0_7712.jpeg,ok,train
train/ok_front/cast_ok_0_7717.jpeg,ok,train
train/ok_front/cast_ok_0_7719.jpeg,ok,train
train/ok_front/cast_ok_0_7722.jpeg,ok,train
train/ok_front/cast_ok_0_7725.jpeg,ok,train
train/ok_front/cast_ok_0_7727.jpeg,ok,train
train/ok_front/cast_ok_0_7732.jpeg,ok,train
train/ok_front/cast_ok_0_7734.jpeg,ok,train
train/ok_front/cast_ok_0_7736.jpeg,ok,train
train/ok_front/cast_ok_0_7740.jpeg,ok,train
train/ok_front/cast_ok_0_7746.jpeg,ok,train
train/ok_front/cast_ok_0_7760.jpeg,ok,train
train/ok_front/cast_ok_0_777.jpeg,ok,train
train/ok_front/cast_ok_0_7776.jpeg,ok,train
train/ok_front/cast_ok_0_778.jpeg,ok,train
train/ok_front/cast_ok_0_7781.jpeg,ok,train
train/ok_front/cast_ok_0_7786.jpeg,ok,train
train/ok_front/cast_ok_0_7789.jpeg,ok,train
train/ok_front/cast_ok_0_779.jpeg,ok,train
train/ok_front/cast_ok_0_78.jpeg,ok,train
train/ok_front/cast_ok_0_7806.jpeg,ok,train
train/ok_front/cast_ok_0_7807.jpeg,ok,train
train/ok_front/cast_ok_0_7815.jpeg,ok,train
train/ok_front/cast_ok_0_782.jpeg,ok,train
train/ok_front/cast_ok_0_7824.jpeg,ok,train
train/ok_front/cast_ok_0_7825.jpeg,ok,train
train/ok_front/cast_ok_0_7826.jpeg,ok,train
train/ok_front/cast_ok_0_7829.jpeg,ok,train
train/ok_front/cast_ok_0_783.jpeg,ok,train
train/ok_front/cast_ok_0_7830.jpeg,ok,train
train/ok_front/cast_ok_0_7834.jpeg,ok,train
train/ok_front/cast_ok_0_7836.jpeg,ok,train
train/ok_front/cast_ok_0_7837.jpeg,ok,train
train/ok_front/cast_ok_0_7838.jpeg,ok,train
train/ok_front/cast_ok_0_7843.jpeg,ok,train
train/ok_front/cast_ok_0_7845.jpeg,ok,train
train/ok_front/cast_ok_0_7847.jpeg,ok,train
train/ok_front/cast_ok_0_7848.jpeg,ok,train
train/ok_front/cast_ok_0_7849.jpeg,ok,train
train/ok_front/cast_ok_0_7852.jpeg,ok,train
train/ok_front/cast_ok_0_7854.jpeg,ok,train
train/ok_front/cast_ok_0_7856.jpeg,ok,train
train/ok_front/cast_ok_0_7859.jpeg,ok,train
train/ok_front/cast_ok_0_7864.jpeg,ok,train
train/ok_front/cast_ok_0_7866.jpeg,ok,train
train/ok_front/cast_ok_0_7873.jpeg,ok,train
train/ok_front/cast_ok_0_7879.jpeg,ok,train
train/ok_front/cast_ok_0_7880.jpeg,ok,train
train/ok_front/cast_ok_0_7883.jpeg,ok,train
train/ok_front/cast_ok_0_7888.jpeg,ok,train
train/ok_front/cast_ok_0_7889.jpeg,ok,train
train/ok_front/cast_ok_0_789.jpeg,ok,train
train/ok_front/cast_ok_0_7891.jpeg,ok,train
train/ok_front/cast_ok_0_7893.jpeg,ok,train
train/ok_front/cast_ok_0_7901.jpeg,ok,train
train/ok_front/cast_ok_0_7903.jpeg,ok,train
train/ok_front/cast_ok_0_7906.jpeg,ok,train
train/ok_front/cast_ok_0_791.jpeg,ok,train
train/ok_front/cast_ok_0_7911.jpeg,ok,train
train/ok_front/cast_ok_0_7914.jpeg,ok,train
train/ok_front/cast_ok_0_7915.jpeg,ok,train
train/ok_front/cast_ok_0_7916.jpeg,ok,train
train/ok_front/cast_ok_0_792.jpeg,ok,train
train/ok_front/cast_ok_0_7921.jpeg,ok,train
train/ok_front/cast_ok_0_7922.jpeg,ok,train
train/ok_front/cast_ok_0_7927.jpeg,ok,train
train/ok_front/cast_ok_0_7928.jpeg,ok,train
train/ok_front/cast_ok_0_7929.jpeg,ok,train
train/ok_front/cast_ok_0_793.jpeg,ok,train
train/ok_front/cast_ok_0_7932.jpeg,ok,train
train/ok_front/cast_ok_0_7933.jpeg,ok,train
train/ok_front/cast_ok_0_7939.jpeg,ok,train
train/ok_front/cast_ok_0_7946.jpeg,ok,train
train/ok_front/cast_ok_0_7948.jpeg,ok,train
train/ok_front/cast_ok_0_7949.jpeg,ok,train
train/ok_front/cast_ok_0_7950.jpeg,ok,train
train/ok_front/cast_ok_0_7951.jpeg,ok,train
train/ok_front/cast_ok_0_796.jpeg,ok,train
train/ok_front/cast_ok_0_7960.jpeg,ok,train
train/ok_front/cast_ok_0_7966.jpeg,ok,train
train/ok_front/cast_ok_0_797.jpeg,ok,train
train/ok_front/cast_ok_0_7982.jpeg,ok,train
train/ok_front/cast_ok_0_7986.jpeg,ok,train
train/ok_front/cast_ok_0_7987.jpeg,ok,train
train/ok_front/cast_ok_0_7988.jpeg,ok,train
train/ok_front/cast_ok_0_7989.jpeg,ok,train
train/ok_front/cast_ok_0_7994.jpeg,ok,train
train/ok_front/cast_ok_0_7995.jpeg,ok,train
train/ok_front/cast_ok_0_8.jpeg,ok,train
train/ok_front/cast_ok_0_8003.jpeg,ok,train
train/ok_front/cast_ok_0_801.jpeg,ok,train
train/ok_front/cast_ok_0_8015.jpeg,ok,train
train/ok_front/cast_ok_0_8016.jpeg,ok,train
train/ok_front/cast_ok_0_8024.jpeg,ok,train
train/ok_front/cast_ok_0_8026.jpeg,ok,train
train/ok_front/cast_ok_0_8027.jpeg,ok,train
train/ok_front/cast_ok_0_8028.jpeg,ok,train
train/ok_front/cast_ok_0_8033.jpeg,ok,train
train/ok_front/cast_ok_0_8034.jpeg,ok,train
train/ok_front/cast_ok_0_8035.jpeg,ok,train
train/ok_front/cast_ok_0_8036.jpeg,ok,train
train/ok_front/cast_ok_0_8042.jpeg,ok,train
train/ok_front/cast_ok_0_8044.jpeg,ok,train
train/ok_front/cast_ok_0_8047.jpeg,ok,train
train/ok_front/cast_ok_0_805.jpeg,ok,train
train/ok_front/cast_ok_0_8051.jpeg,ok,train
train/ok_front/cast_ok_0_8062.jpeg,ok,train
train/ok_front/cast_ok_0_8065.jpeg,ok,train
train/ok_front/cast_ok_0_807.jpeg,ok,train
train/ok_front/cast_ok_0_8073.jpeg,ok,train
train/ok_front/cast_ok_0_8074.jpeg,ok,train
train/ok_front/cast_ok_0_8081.jpeg,ok,train
train/ok_front/cast_ok_0_8085.jpeg,ok,train
train/ok_front/cast_ok_0_8089.jpeg,ok,train
train/ok_front/cast_ok_0_809.jpeg,ok,train
train/ok_front/cast_ok_0_8090.jpeg,ok,train
train/ok_front/cast_ok_0_8093.jpeg,ok,train
train/ok_front/cast_ok_0_8095.jpeg,ok,train
train/ok_front/cast_ok_0_8096.jpeg,ok,train
train/ok_front/cast_ok_0_8107.jpeg,ok,train
train/ok_front/cast_ok_0_8109.jpeg,ok,train
train/ok_front/cast_ok_0_8110.jpeg,ok,train
train/ok_front/cast_ok_0_8115.jpeg,ok,train
train/ok_front/cast_ok_0_8117.jpeg,ok,train
train/ok_front/cast_ok_0_8120.jpeg,ok,train
train/ok_front/cast_ok_0_8121.jpeg,ok,train
train/ok_front/cast_ok_0_8124.jpeg,ok,train
train/ok_front/cast_ok_0_8126.jpeg,ok,train
train/ok_front/cast_ok_0_8128.jpeg,ok,train
train/ok_front/cast_ok_0_8130.jpeg,ok,train
train/ok_front/cast_ok_0_8133.jpeg,ok,train
train/ok_front/cast_ok_0_8136.jpeg,ok,train
train/ok_front/cast_ok_0_8138.jpeg,ok,train
train/ok_front/cast_ok_0_8141.jpeg,ok,train
train/ok_front/cast_ok_0_8142.jpeg,ok,train
train/ok_front/cast_ok_0_8144.jpeg,ok,train
train/ok_front/cast_ok_0_8147.jpeg,ok,train
train/ok_front/cast_ok_0_8152.jpeg,ok,train
train/ok_front/cast_ok_0_8158.jpeg,ok,train
train/ok_front/cast_ok_0_8161.jpeg,ok,train
train/ok_front/cast_ok_0_8168.jpeg,ok,train
train/ok_front/cast_ok_0_8171.jpeg,ok,train
train/ok_front/cast_ok_0_8173.jpeg,ok,train
train/ok_front/cast_ok_0_8178.jpeg,ok,train
train/ok_front/cast_ok_0_8185.jpeg,ok,train
train/ok_front/cast_ok_0_8192.jpeg,ok,train
train/ok_front/cast_ok_0_8196.jpeg,ok,train
train/ok_front/cast_ok_0_8199.jpeg,ok,train
train/ok_front/cast_ok_0_82.jpeg,ok,train
train/ok_front/cast_ok_0_8201.jpeg,ok,train
train/ok_front/cast_ok_0_8210.jpeg,ok,train
train/ok_front/cast_ok_0_8212.jpeg,ok,train
train/ok_front/cast_ok_0_8214.jpeg,ok,train
train/ok_front/cast_ok_0_8215.jpeg,ok,train
train/ok_front/cast_ok_0_8234.jpeg,ok,train
train/ok_front/cast_ok_0_8235.jpeg,ok,train
train/ok_front/cast_ok_0_8239.jpeg,ok,train
train/ok_front/cast_ok_0_824.jpeg,ok,train
train/ok_front/cast_ok_0_8254.jpeg,ok,train
train/ok_front/cast_ok_0_8257.jpeg,ok,train
train/ok_front/cast_ok_0_8262.jpeg,ok,train
train/ok_front/cast_ok_0_8264.jpeg,ok,train
train/ok_front/cast_ok_0_8265.jpeg,ok,train
train/ok_front/cast_ok_0_8267.jpeg,ok,train
train/ok_front/cast_ok_0_8269.jpeg,ok,train
train/ok_front/cast_ok_0_827.jpeg,ok,train
train/ok_front/cast_ok_0_8271.jpeg,ok,train
train/ok_front/cast_ok_0_8274.jpeg,ok,train
train/ok_front/cast_ok_0_8276.jpeg,ok,train
train/ok_front/cast_ok_0_8277.jpeg,ok,train
train/ok_front/cast_ok_0_8279.jpeg,ok,train
train/ok_front/cast_ok_0_8281.jpeg,ok,train
train/ok_front/cast_ok_0_8293.jpeg,ok,train
train/ok_front/cast_ok_0_8294.jpeg,ok,train
train/ok_front/cast_ok_0_8300.jpeg,ok,train
train/ok_front/cast_ok_0_8302.jpeg,ok,train
train/ok_front/cast_ok_0_8303.jpeg,ok,train
train/ok_front/cast_ok_0_8307.jpeg,ok,train
train/ok_front/cast_ok_0_8310.jpeg,ok,train
train/ok_front/cast_ok_0_8312.jpeg,ok,train
train/ok_front/cast_ok_0_8327.jpeg,ok,train
train/ok_front/cast_ok_0_8332.jpeg,ok,train
train/ok_front/cast_ok_0_8339.jpeg,ok,train
train/ok_front/cast_ok_0_8342.jpeg,ok,train
train/ok_front/cast_ok_0_8343.jpeg,ok,train
train/ok_front/cast_ok_0_8351.jpeg,ok,train
train/ok_front/cast_ok_0_8353.jpeg,ok,train
train/ok_front/cast_ok_0_8359.jpeg,ok,train
train/ok_front/cast_ok_0_837.jpeg,ok,train
train/ok_front/cast_ok_0_8375.jpeg,ok,train
train/ok_front/cast_ok_0_8377.jpeg,ok,train
train/ok_front/cast_ok_0_8378.jpeg,ok,train
train/ok_front/cast_ok_0_8379.jpeg,ok,train
train/ok_front/cast_ok_0_8382.jpeg,ok,train
train/ok_front/cast_ok_0_8383.jpeg,ok,train
train/ok_front/cast_ok_0_8384.jpeg,ok,train
train/ok_front/cast_ok_0_8387.jpeg,ok,train
train/ok_front/cast_ok_0_8391.jpeg,ok,train
train/ok_front/cast_ok_0_8392.jpeg,ok,train
train/ok_front/cast_ok_0_8397.jpeg,ok,train
train/ok_front/cast_ok_0_8404.jpeg,ok,train
train/ok_front/cast_ok_0_8405.jpeg,ok,train
train/ok_front/cast_ok_0_841.jpeg,ok,train
train/ok_front/cast_ok_0_8412.jpeg,ok,train
train/ok_front/cast_ok_0_8413.jpeg,ok,train
train/ok_front/cast_ok_0_8421.jpeg,ok,train
train/ok_front/cast_ok_0_8427.jpeg,ok,train
train/ok_front/cast_ok_0_8436.jpeg,ok,train
train/ok_front/cast_ok_0_844.jpeg,ok,train
train/ok_front/cast_ok_0_8442.jpeg,ok,train
train/ok_front/cast_ok_0_8443.jpeg,ok,train
train/ok_front/cast_ok_0_8446.jpeg,ok,train
train/ok_front/cast_ok_0_8456.jpeg,ok,train
train/ok_front/cast_ok_0_8459.jpeg,ok,train
train/ok_front/cast_ok_0_8465.jpeg,ok,train
train/ok_front/cast_ok_0_8466.jpeg,ok,train
train/ok_front/cast_ok_0_8467.jpeg,ok,train
train/ok_front/cast_ok_0_8476.jpeg,ok,train
train/ok_front/cast_ok_0_8478.jpeg,ok,train
train/ok_front/cast_ok_0_8479.jpeg,ok,train
train/ok_front/cast_ok_0_8485.jpeg,ok,train
train/ok_front/cast_ok_0_8490.jpeg,ok,train
train/ok_front/cast_ok_0_8498.jpeg,ok,train
train/ok_front/cast_ok_0_8505.jpeg,ok,train
train/ok_front/cast_ok_0_8507.jpeg,ok,train
train/ok_front/cast_ok_0_8508.jpeg,ok,train
train/ok_front/cast_ok_0_8509.jpeg,ok,train
train/ok_front/cast_ok_0_8513.jpeg,ok,train
train/ok_front/cast_ok_0_8517.jpeg,ok,train
train/ok_front/cast_ok_0_8523.jpeg,ok,train
train/ok_front/cast_ok_0_8526.jpeg,ok,train
train/ok_front/cast_ok_0_853.jpeg,ok,train
train/ok_front/cast_ok_0_8533.jpeg,ok,train
train/ok_front/cast_ok_0_8535.jpeg,ok,train
train/ok_front/cast_ok_0_8538.jpeg,ok,train
train/ok_front/cast_ok_0_8542.jpeg,ok,train
train/ok_front/cast_ok_0_8545.jpeg,ok,train
train/ok_front/cast_ok_0_8554.jpeg,ok,train
train/ok_front/cast_ok_0_8555.jpeg,ok,train
train/ok_front/cast_ok_0_8568.jpeg,ok,train
train/ok_front/cast_ok_0_857.jpeg,ok,train
train/ok_front/cast_ok_0_8577.jpeg,ok,train
train/ok_front/cast_ok_0_8578.jpeg,ok,train
train/ok_front/cast_ok_0_8584.jpeg,ok,train
train/ok_front/cast_ok_0_8587.jpeg,ok,train
train/ok_front/cast_ok_0_8594.jpeg,ok,train
train/ok_front/cast_ok_0_8598.jpeg,ok,train
train/ok_front/cast_ok_0_8599.jpeg,ok,train
train/ok_front/cast_ok_0_860.jpeg,ok,train
train/ok_front/cast_ok_0_8600.jpeg,ok,train
train/ok_front/cast_ok_0_8601.jpeg,ok,train
train/ok_front/cast_ok_0_8603.jpeg,ok,train
train/ok_front/cast_ok_0_8612.jpeg,ok,train
train/ok_front/cast_ok_0_8618.jpeg,ok,train
train/ok_front/cast_ok_0_8619.jpeg,ok,train
train/ok_front/cast_ok_0_8621.jpeg,ok,train
train/ok_front/cast_ok_0_863.jpeg,ok,train
train/ok_front/cast_ok_0_8634.jpeg,ok,train
train/ok_front/cast_ok_0_8637.jpeg,ok,train
train/ok_front/cast_ok_0_8638.jpeg,ok,train
train/ok_front/cast_ok_0_8639.jpeg,ok,train
train/ok_front/cast_ok_0_864.jpeg,ok,train
train/ok_front/cast_ok_0_8645.jpeg,ok,train
train/ok_front/cast_ok_0_8646.jpeg,ok,train
train/ok_front/cast_ok_0_8649.jpeg,ok,train
train/ok_front/cast_ok_0_8660.jpeg,ok,train
train/ok_front/cast_ok_0_8661.jpeg,ok,train
train/ok_front/cast_ok_0_8670.jpeg,ok,train
train/ok_front/cast_ok_0_8672.jpeg,ok,train
train/ok_front/cast_ok_0_8673.jpeg,ok,train
train/ok_front/cast_ok_0_8674.jpeg,ok,train
train/ok_front/cast_ok_0_8677.jpeg,ok,train
train/ok_front/cast_ok_0_8680.jpeg,ok,train
train/ok_front/cast_ok_0_8682.jpeg,ok,train
train/ok_front/cast_ok_0_8687.jpeg,ok,train
train/ok_front/cast_ok_0_869.jpeg,ok,train
train/ok_front/cast_ok_0_8691.jpeg,ok,train
train/ok_front/cast_ok_0_8712.jpeg,ok,train
train/ok_front/cast_ok_0_8714.jpeg,ok,train
train/ok_front/cast_ok_0_8715.jpeg,ok,train
train/ok_front/cast_ok_0_8722.jpeg,ok,train
train/ok_front/cast_ok_0_8723.jpeg,ok,train
train/ok_front/cast_ok_0_8724.jpeg,ok,train
train/ok_front/cast_ok_0_8725.jpeg,ok,train
train/ok_front/cast_ok_0_8726.jpeg,ok,train
train/ok_front/cast_ok_0_8728.jpeg,ok,train
train/ok_front/cast_ok_0_8733.jpeg,ok,train
train/ok_front/cast_ok_0_8735.jpeg,ok,train
train/ok_front/cast_ok_0_8740.jpeg,ok,train
train/ok_front/cast_ok_0_8741.jpeg,ok,train
train/ok_front/cast_ok_0_8743.jpeg,ok,train
train/ok_front/cast_ok_0_8747.jpeg,ok,train
train/ok_front/cast_ok_0_8751.jpeg,ok,train
train/ok_front/cast_ok_0_8757.jpeg,ok,train
train/ok_front/cast_ok_0_8759.jpeg,ok,train
train/ok_front/cast_ok_0_8761.jpeg,ok,train
train/ok_front/cast_ok_0_8764.jpeg,ok,train
train/ok_front/cast_ok_0_8770.jpeg,ok,train
train/ok_front/cast_ok_0_8782.jpeg,ok,train
train/ok_front/cast_ok_0_8788.jpeg,ok,train
train/ok_front/cast_ok_0_8791.jpeg,ok,train
train/ok_front/cast_ok_0_88.jpeg,ok,train
train/ok_front/cast_ok_0_880.jpeg,ok,train
train/ok_front/cast_ok_0_8800.jpeg,ok,train
train/ok_front/cast_ok_0_8801.jpeg,ok,train
train/ok_front/cast_ok_0_8808.jpeg,ok,train
train/ok_front/cast_ok_0_8811.jpeg,ok,train
train/ok_front/cast_ok_0_8815.jpeg,ok,train
train/ok_front/cast_ok_0_8823.jpeg,ok,train
train/ok_front/cast_ok_0_8828.jpeg,ok,train
train/ok_front/cast_ok_0_8829.jpeg,ok,train
train/ok_front/cast_ok_0_8831.jpeg,ok,train
train/ok_front/cast_ok_0_8834.jpeg,ok,train
train/ok_front/cast_ok_0_8835.jpeg,ok,train
train/ok_front/cast_ok_0_8836.jpeg,ok,train
train/ok_front/cast_ok_0_8837.jpeg,ok,train
train/ok_front/cast_ok_0_8848.jpeg,ok,train
train/ok_front/cast_ok_0_8855.jpeg,ok,train
train/ok_front/cast_ok_0_8860.jpeg,ok,train
train/ok_front/cast_ok_0_8861.jpeg,ok,train
train/ok_front/cast_ok_0_8862.jpeg,ok,train
train/ok_front/cast_ok_0_8863.jpeg,ok,train
train/ok_front/cast_ok_0_8865.jpeg,ok,train
train/ok_front/cast_ok_0_8873.jpeg,ok,train
train/ok_front/cast_ok_0_8877.jpeg,ok,train
train/ok_front/cast_ok_0_8883.jpeg,ok,train
train/ok_front/cast_ok_0_8885.jpeg,ok,train
train/ok_front/cast_ok_0_8887.jpeg,ok,train
train/ok_front/cast_ok_0_8888.jpeg,ok,train
train/ok_front/cast_ok_0_8890.jpeg,ok,train
train/ok_front/cast_ok_0_8891.jpeg,ok,train
train/ok_front/cast_ok_0_8896.jpeg,ok,train
train/ok_front/cast_ok_0_8898.jpeg,ok,train
train/ok_front/cast_ok_0_8904.jpeg,ok,train
train/ok_front/cast_ok_0_8914.jpeg,ok,train
train/ok_front/cast_ok_0_8917.jpeg,ok,train
train/ok_front/cast_ok_0_8919.jpeg,ok,train
train/ok_front/cast_ok_0_8920.jpeg,ok,train
train/ok_front/cast_ok_0_8924.jpeg,ok,train
train/ok_front/cast_ok_0_8930.jpeg,ok,train
train/ok_front/cast_ok_0_8931.jpeg,ok,train
train/ok_front/cast_ok_0_8934.jpeg,ok,train
train/ok_front/cast_ok_0_8939.jpeg,ok,train
train/ok_front/cast_ok_0_8943.jpeg,ok,train
train/ok_front/cast_ok_0_8944.jpeg,ok,train
train/ok_front/cast_ok_0_8950.jpeg,ok,train
train/ok_front/cast_ok_0_8954.jpeg,ok,train
train/ok_front/cast_ok_0_8958.jpeg,ok,train
train/ok_front/cast_ok_0_8960.jpeg,ok,train
train/ok_front/cast_ok_0_8963.jpeg,ok,train
train/ok_front/cast_ok_0_8964.jpeg,ok,train
train/ok_front/cast_ok_0_8966.jpeg,ok,train
train/ok_front/cast_ok_0_897.jpeg,ok,train
train/ok_front/cast_ok_0_8972.jpeg,ok,train
train/ok_front/cast_ok_0_8975.jpeg,ok,train
train/ok_front/cast_ok_0_8978.jpeg,ok,train
train/ok_front/cast_ok_0_8982.jpeg,ok,train
train/ok_front/cast_ok_0_8987.jpeg,ok,train
train/ok_front/cast_ok_0_8989.jpeg,ok,train
train/ok_front/cast_ok_0_9001.jpeg,ok,train
train/ok_front/cast_ok_0_9013.jpeg,ok,train
train/ok_front/cast_ok_0_9014.jpeg,ok,train
train/ok_front/cast_ok_0_9015.jpeg,ok,train
train/ok_front/cast_ok_0_9018.jpeg,ok,train
train/ok_front/cast_ok_0_9019.jpeg,ok,train
train/ok_front/cast_ok_0_9027.jpeg,ok,train
train/ok_front/cast_ok_0_9028.jpeg,ok,train
train/ok_front/cast_ok_0_903.jpeg,ok,train
train/ok_front/cast_ok_0_9035.jpeg,ok,train
train/ok_front/cast_ok_0_9038.jpeg,ok,train
train/ok_front/cast_ok_0_904.jpeg,ok,train
train/ok_front/cast_ok_0_9040.jpeg,ok,train
train/ok_front/cast_ok_0_9041.jpeg,ok,train
train/ok_front/cast_ok_0_9042.jpeg,ok,train
train/ok_front/cast_ok_0_9044.jpeg,ok,train
train/ok_front/cast_ok_0_9049.jpeg,ok,train
train/ok_front/cast_ok_0_9050.jpeg,ok,train
train/ok_front/cast_ok_0_9053.jpeg,ok,train
train/ok_front/cast_ok_0_9056.jpeg,ok,train
train/ok_front/cast_ok_0_9064.jpeg,ok,train
train/ok_front/cast_ok_0_9066.jpeg,ok,train
train/ok_front/cast_ok_0_907.jpeg,ok,train
train/ok_front/cast_ok_0_9070.jpeg,ok,train
train/ok_front/cast_ok_0_9075.jpeg,ok,train
train/ok_front/cast_ok_0_9081.jpeg,ok,train
train/ok_front/cast_ok_0_9085.jpeg,ok,train
train/ok_front/cast_ok_0_9086.jpeg,ok,train
train/ok_front/cast_ok_0_9087.jpeg,ok,train
train/ok_front/cast_ok_0_9088.jpeg,ok,train
train/ok_front/cast_ok_0_9089.jpeg,ok,train
train/ok_front/cast_ok_0_909.jpeg,ok,train
train/ok_front/cast_ok_0_91.jpeg,ok,train
train/ok_front/cast_ok_0_9104.jpeg,ok,train
train/ok_front/cast_ok_0_9112.jpeg,ok,train
train/ok_front/cast_ok_0_9118.jpeg,ok,train
train/ok_front/cast_ok_0_9123.jpeg,ok,train
train/ok_front/cast_ok_0_9129.jpeg,ok,train
train/ok_front/cast_ok_0_913.jpeg,ok,train
train/ok_front/cast_ok_0_9140.jpeg,ok,train
train/ok_front/cast_ok_0_9144.jpeg,ok,train
train/ok_front/cast_ok_0_9146.jpeg,ok,train
train/ok_front/cast_ok_0_9149.jpeg,ok,train
train/ok_front/cast_ok_0_9155.jpeg,ok,train
train/ok_front/cast_ok_0_9158.jpeg,ok,train
train/ok_front/cast_ok_0_9161.jpeg,ok,train
train/ok_front/cast_ok_0_9165.jpeg,ok,train
train/ok_front/cast_ok_0_9169.jpeg,ok,train
train/ok_front/cast_ok_0_9172.jpeg,ok,train
train/ok_front/cast_ok_0_9174.jpeg,ok,train
train/ok_front/cast_ok_0_9175.jpeg,ok,train
train/ok_front/cast_ok_0_9179.jpeg,ok,train
train/ok_front/cast_ok_0_918.jpeg,ok,train
train/ok_front/cast_ok_0_9180.jpeg,ok,train
train/ok_front/cast_ok_0_9183.jpeg,ok,train
train/ok_front/cast_ok_0_9190.jpeg,ok,train
train/ok_front/cast_ok_0_9195.jpeg,ok,train
train/ok_front/cast_ok_0_9199.jpeg,ok,train
train/ok_front/cast_ok_0_9204.jpeg,ok,train
train/ok_front/cast_ok_0_9205.jpeg,ok,train
train/ok_front/cast_ok_0_9209.jpeg,ok,train
train/ok_front/cast_ok_0_9211.jpeg,ok,train
train/ok_front/cast_ok_0_9217.jpeg,ok,train
train/ok_front/cast_ok_0_9219.jpeg,ok,train
train/ok_front/cast_ok_0_9221.jpeg,ok,train
train/ok_front/cast_ok_0_9225.jpeg,ok,train
train/ok_front/cast_ok_0_9226.jpeg,ok,train
train/ok_front/cast_ok_0_9228.jpeg,ok,train
train/ok_front/cast_ok_0_924.jpeg,ok,train
train/ok_front/cast_ok_0_9243.jpeg,ok,train
train/ok_front/cast_ok_0_9248.jpeg,ok,train
train/ok_front/cast_ok_0_9249.jpeg,ok,train
train/ok_front/cast_ok_0_925.jpeg,ok,train
train/ok_front/cast_ok_0_9250.jpeg,ok,train
train/ok_front/cast_ok_0_9253.jpeg,ok,train
train/ok_front/cast_ok_0_9256.jpeg,ok,train
train/ok_front/cast_ok_0_9265.jpeg,ok,train
train/ok_front/cast_ok_0_9268.jpeg,ok,train
train/ok_front/cast_ok_0_927.jpeg,ok,train
train/ok_front/cast_ok_0_9272.jpeg,ok,train
train/ok_front/cast_ok_0_9274.jpeg,ok,train
train/ok_front/cast_ok_0_9280.jpeg,ok,train
train/ok_front/cast_ok_0_9283.jpeg,ok,train
train/ok_front/cast_ok_0_9287.jpeg,ok,train
train/ok_front/cast_ok_0_9296.jpeg,ok,train
train/ok_front/cast_ok_0_9300.jpeg,ok,train
train/ok_front/cast_ok_0_9302.jpeg,ok,train
train/ok_front/cast_ok_0_9304.jpeg,ok,train
train/ok_front/cast_ok_0_9315.jpeg,ok,train
train/ok_front/cast_ok_0_9317.jpeg,ok,train
train/ok_front/cast_ok_0_932.jpeg,ok,train
train/ok_front/cast_ok_0_9320.jpeg,ok,train
train/ok_front/cast_ok_0_9322.jpeg,ok,train
train/ok_front/cast_ok_0_9324.jpeg,ok,train
train/ok_front/cast_ok_0_9325.jpeg,ok,train
train/ok_front/cast_ok_0_9326.jpeg,ok,train
train/ok_front/cast_ok_0_9332.jpeg,ok,train
train/ok_front/cast_ok_0_9338.jpeg,ok,train
train/ok_front/cast_ok_0_9343.jpeg,ok,train
train/ok_front/cast_ok_0_9345.jpeg,ok,train
train/ok_front/cast_ok_0_935.jpeg,ok,train
train/ok_front/cast_ok_0_9350.jpeg,ok,train
train/ok_front/cast_ok_0_9358.jpeg,ok,train
train/ok_front/cast_ok_0_9360.jpeg,ok,train
train/ok_front/cast_ok_0_9363.jpeg,ok,train
train/ok_front/cast_ok_0_937.jpeg,ok,train
train/ok_front/cast_ok_0_9377.jpeg,ok,train
train/ok_front/cast_ok_0_9379.jpeg,ok,train
train/ok_front/cast_ok_0_9380.jpeg,ok,train
train/ok_front/cast_ok_0_9381.jpeg,ok,train
train/ok_front/cast_ok_0_9384.jpeg,ok,train
train/ok_front/cast_ok_0_9386.jpeg,ok,train
train/ok_front/cast_ok_0_9387.jpeg,ok,train
train/ok_front/cast_ok_0_9392.jpeg,ok,train
train/ok_front/cast_ok_0_9393.jpeg,ok,train
train/ok_front/cast_ok_0_9403.jpeg,ok,train
train/ok_front/cast_ok_0_9411.jpeg,ok,train
train/ok_front/cast_ok_0_9412.jpeg,ok,train
train/ok_front/cast_ok_0_9414.jpeg,ok,train
train/ok_front/cast_ok_0_9419.jpeg,ok,train
train/ok_front/cast_ok_0_9420.jpeg,ok,train
train/ok_front/cast_ok_0_9421.jpeg,ok,train
train/ok_front/cast_ok_0_9422.jpeg,ok,train
train/ok_front/cast_ok_0_9423.jpeg,ok,train
train/ok_front/cast_ok_0_9431.jpeg,ok,train
train/ok_front/cast_ok_0_9434.jpeg,ok,train
train/ok_front/cast_ok_0_9435.jpeg,ok,train
train/ok_front/cast_ok_0_9436.jpeg,ok,train
train/ok_front/cast_ok_0_9437.jpeg,ok,train
train/ok_front/cast_ok_0_9438.jpeg,ok,train
train/ok_front/cast_ok_0_9440.jpeg,ok,train
train/ok_front/cast_ok_0_9443.jpeg,ok,train
train/ok_front/cast_ok_0_9446.jpeg,ok,train
train/ok_front/cast_ok_0_9447.jpeg,ok,train
train/ok_front/cast_ok_0_9452.jpeg,ok,train
train/ok_front/cast_ok_0_9457.jpeg,ok,train
train/ok_front/cast_ok_0_9459.jpeg,ok,train
train/ok_front/cast_ok_0_9469.jpeg,ok,train
train/ok_front/cast_ok_0_9470.jpeg,ok,train
train/ok_front/cast_ok_0_9472.jpeg,ok,train
train/ok_front/cast_ok_0_9483.jpeg,ok,train
train/ok_front/cast_ok_0_9484.jpeg,ok,train
train/ok_front/cast_ok_0_9486.jpeg,ok,train
train/ok_front/cast_ok_0_9488.jpeg,ok,train
train/ok_front/cast_ok_0_9490.jpeg,ok,train
train/ok_front/cast_ok_0_9491.jpeg,ok,train
train/ok_front/cast_ok_0_9503.jpeg,ok,train
train/ok_front/cast_ok_0_9508.jpeg,ok,train
train/ok_front/cast_ok_0_952.jpeg,ok,train
train/ok_front/cast_ok_0_9520.jpeg,ok,train
train/ok_front/cast_ok_0_9521.jpeg,ok,train
train/ok_front/cast_ok_0_9524.jpeg,ok,train
train/ok_front/cast_ok_0_9530.jpeg,ok,train
train/ok_front/cast_ok_0_9531.jpeg,ok,train
train/ok_front/cast_ok_0_9532.jpeg,ok,train
train/ok_front/cast_ok_0_9534.jpeg,ok,train
train/ok_front/cast_ok_0_9536.jpeg,ok,train
train/ok_front/cast_ok_0_9537.jpeg,ok,train
train/ok_front/cast_ok_0_9543.jpeg,ok,train
train/ok_front/cast_ok_0_9548.jpeg,ok,train
train/ok_front/cast_ok_0_9558.jpeg,ok,train
train/ok_front/cast_ok_0_9562.jpeg,ok,train
train/ok_front/cast_ok_0_9565.jpeg,ok,train
train/ok_front/cast_ok_0_9568.jpeg,ok,train
train/ok_front/cast_ok_0_9575.jpeg,ok,train
train/ok_front/cast_ok_0_9591.jpeg,ok,train
train/ok_front/cast_ok_0_9594.jpeg,ok,train
train/ok_front/cast_ok_0_9597.jpeg,ok,train
train/ok_front/cast_ok_0_9598.jpeg,ok,train
train/ok_front/cast_ok_0_960.jpeg,ok,train
train/ok_front/cast_ok_0_9610.jpeg,ok,train
train/ok_front/cast_ok_0_9619.jpeg,ok,train
train/ok_front/cast_ok_0_9623.jpeg,ok,train
train/ok_front/cast_ok_0_9624.jpeg,ok,train
train/ok_front/cast_ok_0_9625.jpeg,ok,train
train/ok_front/cast_ok_0_9626.jpeg,ok,train
train/ok_front/cast_ok_0_963.jpeg,ok,train
train/ok_front/cast_ok_0_9631.jpeg,ok,train
train/ok_front/cast_ok_0_9632.jpeg,ok,train
train/ok_front/cast_ok_0_9633.jpeg,ok,train
train/ok_front/cast_ok_0_9636.jpeg,ok,train
train/ok_front/cast_ok_0_9639.jpeg,ok,train
train/ok_front/cast_ok_0_9643.jpeg,ok,train
train/ok_front/cast_ok_0_9654.jpeg,ok,train
train/ok_front/cast_ok_0_9657.jpeg,ok,train
train/ok_front/cast_ok_0_9662.jpeg,ok,train
train/ok_front/cast_ok_0_9663.jpeg,ok,train
train/ok_front/cast_ok_0_9664.jpeg,ok,train
train/ok_front/cast_ok_0_967.jpeg,ok,train
train/ok_front/cast_ok_0_9670.jpeg,ok,train
train/ok_front/cast_ok_0_9671.jpeg,ok,train
train/ok_front/cast_ok_0_9672.jpeg,ok,train
train/ok_front/cast_ok_0_9679.jpeg,ok,train
train/ok_front/cast_ok_0_9680.jpeg,ok,train
train/ok_front/cast_ok_0_9683.jpeg,ok,train
train/ok_front/cast_ok_0_9684.jpeg,ok,train
train/ok_front/cast_ok_0_9685.jpeg,ok,train
train/ok_front/cast_ok_0_969.jpeg,ok,train
train/ok_front/cast_ok_0_9695.jpeg,ok,train
train/ok_front/cast_ok_0_97.jpeg,ok,train
train/ok_front/cast_ok_0_9700.jpeg,ok,train
train/ok_front/cast_ok_0_9704.jpeg,ok,train
train/ok_front/cast_ok_0_9705.jpeg,ok,train
train/ok_front/cast_ok_0_9706.jpeg,ok,train
train/ok_front/cast_ok_0_9714.jpeg,ok,train
train/ok_front/cast_ok_0_9724.jpeg,ok,train
train/ok_front/cast_ok_0_9725.jpeg,ok,train
train/ok_front/cast_ok_0_973.jpeg,ok,train
train/ok_front/cast_ok_0_9733.jpeg,ok,train
train/ok_front/cast_ok_0_9734.jpeg,ok,train
train/ok_front/cast_ok_0_9735.jpeg,ok,train
train/ok_front/cast_ok_0_9736.jpeg,ok,train
train/ok_front/cast_ok_0_9738.jpeg,ok,train
train/ok_front/cast_ok_0_9740.jpeg,ok,train
train/ok_front/cast_ok_0_9742.jpeg,ok,train
train/ok_front/cast_ok_0_9743.jpeg,ok,train
train/ok_front/cast_ok_0_9748.jpeg,ok,train
train/ok_front/cast_ok_0_975.jpeg,ok,train
train/ok_front/cast_ok_0_9751.jpeg,ok,train
train/ok_front/cast_ok_0_976.jpeg,ok,train
train/ok_front/cast_ok_0_9761.jpeg,ok,train
train/ok_front/cast_ok_0_9764.jpeg,ok,train
train/ok_front/cast_ok_0_9771.jpeg,ok,train
train/ok_front/cast_ok_0_9774.jpeg,ok,train
train/ok_front/cast_ok_0_9783.jpeg,ok,train
train/ok_front/cast_ok_0_9797.jpeg,ok,train
train/ok_front/cast_ok_0_98.jpeg,ok,train
train/ok_front/cast_ok_0_9805.jpeg,ok,train
train/ok_front/cast_ok_0_9808.jpeg,ok,train
train/ok_front/cast_ok_0_9820.jpeg,ok,train
train/ok_front/cast_ok_0_9821.jpeg,ok,train
train/ok_front/cast_ok_0_9822.jpeg,ok,train
train/ok_front/cast_ok_0_9826.jpeg,ok,train
train/ok_front/cast_ok_0_9836.jpeg,ok,train
train/ok_front/cast_ok_0_9837.jpeg,ok,train
train/ok_front/cast_ok_0_9840.jpeg,ok,train
train/ok_front/cast_ok_0_9843.jpeg,ok,train
train/ok_front/cast_ok_0_9851.jpeg,ok,train
train/ok_front/cast_ok_0_9861.jpeg,ok,train
train/ok_front/cast_ok_0_9862.jpeg,ok,train
train/ok_front/cast_ok_0_9871.jpeg,ok,train
train/ok_front/cast_ok_0_9873.jpeg,ok,train
train/ok_front/cast_ok_0_9878.jpeg,ok,train
train/ok_front/cast_ok_0_9881.jpeg,ok,train
train/ok_front/cast_ok_0_9883.jpeg,ok,train
train/ok_front/cast_ok_0_9889.jpeg,ok,train
train/ok_front/cast_ok_0_989.jpeg,ok,train
train/ok_front/cast_ok_0_9891.jpeg,ok,train
train/ok_front/cast_ok_0_9895.jpeg,ok,train
train/ok_front/cast_ok_0_9907.jpeg,ok,train
train/ok_front/cast_ok_0_9909.jpeg,ok,train
train/ok_front/cast_ok_0_9915.jpeg,ok,train
train/ok_front/cast_ok_0_9918.jpeg,ok,train
train/ok_front/cast_ok_0_9920.jpeg,ok,train
train/ok_front/cast_ok_0_9921.jpeg,ok,train
train/ok_front/cast_ok_0_9924.jpeg,ok,train
train/ok_front/cast_ok_0_9930.jpeg,ok,train
train/ok_front/cast_ok_0_9931.jpeg,ok,train
train/ok_front/cast_ok_0_9934.jpeg,ok,train
train/ok_front/cast_ok_0_9941.jpeg,ok,train
train/ok_front/cast_ok_0_9945.jpeg,ok,train
train/ok_front/cast_ok_0_9946.jpeg,ok,train
train/ok_front/cast_ok_0_9948.jpeg,ok,train
train/ok_front/cast_ok_0_9953.jpeg,ok,train
train/ok_front/cast_ok_0_9957.jpeg,ok,train
train/ok_front/cast_ok_0_9962.jpeg,ok,train
train/ok_front/cast_ok_0_9967.jpeg,ok,train
train/ok_front/cast_ok_0_9969.jpeg,ok,train
train/ok_front/cast_ok_0_9971.jpeg,ok,train
train/ok_front/cast_ok_0_9978.jpeg,ok,train
train/ok_front/cast_ok_0_998.jpeg,ok,train
train/ok_front/cast_ok_0_9994.jpeg,ok,train
train/ok_front/cast_ok_0_9995.jpeg,ok,train
train/ok_front/cast_ok_0_9998.jpeg,ok,train
train/def_front/cast_def_0_1007.jpeg,defect,valid
train/def_front/cast_def_0_1014.jpeg,defect,valid
train/def_front/cast_def_0_1042.jpeg,defect,valid
train/def_front/cast_def_0_1046.jpeg,defect,valid
train/def_front/cast_def_0_1048.jpeg,defect,valid
train/def_front/cast_def_0_1082.jpeg,defect,valid
train/def_front/cast_def_0_1085.jpeg,defect,valid
train/def_front/cast_def_0_1098.jpeg,defect,valid
train/def_front/cast_def_0_1107.jpeg,defect,valid
train/def_front/cast_def_0_1167.jpeg,defect,valid
train/def_front/cast_def_0_1204.jpeg,defect,valid
train/def_front/cast_def_0_126.jpeg,defect,valid
train/def_front/cast_def_0_1273.jpeg,defect,valid
train/def_front/cast_def_0_1278.jpeg,defect,valid
train/def_front/cast_def_0_1310.jpeg,defect,valid
train/def_front/cast_def_0_135.jpeg,defect,valid
train/def_front/cast_def_0_1363.jpeg,defect,valid
train/def_front/cast_def_0_1370.jpeg,defect,valid
train/def_front/cast_def_0_1402.jpeg,defect,valid
train/def_front/cast_def_0_1405.jpeg,defect,valid
train/def_front/cast_def_0_1428.jpeg,defect,valid
train/def_front/cast_def_0_148.jpeg,defect,valid
train/def_front/cast_def_0_1671.jpeg,defect,valid
train/def_front/cast_def_0_1692.jpeg,defect,valid
train/def_front/cast_def_0_1694.jpeg,defect,valid
train/def_front/cast_def_0_1695.jpeg,defect,valid
train/def_front/cast_def_0_1717.jpeg,defect,valid
train/def_front/cast_def_0_1731.jpeg,defect,valid
train/def_front/cast_def_0_1734.jpeg,defect,valid
train/def_front/cast_def_0_1761.jpeg,defect,valid
train/def_front/cast_def_0_1836.jpeg,defect,valid
train/def_front/cast_def_0_1863.jpeg,defect,valid
train/def_front/cast_def_0_1868.jpeg,defect,valid
train/def_front/cast_def_0_1892.jpeg,defect,valid
train/def_front/cast_def_0_19.jpeg,defect,valid
train/def_front/cast_def_0_1909.jpeg,defect,valid
train/def_front/cast_def_0_1912.jpeg,defect,valid
train/def_front/cast_def_0_1918.jpeg,defect,valid
train/def_front/cast_def_0_193.jpeg,defect,valid
train/def_front/cast_def_0_1946.jpeg,defect,valid
train/def_front/cast_def_0_1950.jpeg,defect,valid
train/def_front/cast_def_0_1954.jpeg,defect,valid
train/def_front/cast_def_0_197.jpeg,defect,valid
train/def_front/cast_def_0_1988.jpeg,defect,valid
train/def_front/cast_def_0_2010.jpeg,defect,valid
train/def_front/cast_def_0_2024.jpeg,defect,valid
train/def_front/cast_def_0_2032.jpeg,defect,valid
train/def_front/cast_def_0_2035.jpeg,defect,valid
train/def_front/cast_def_0_2054.jpeg,defect,valid
train/def_front/cast_def_0_2056.jpeg,defect,valid
train/def_front/cast_def_0_2057.jpeg,defect,valid
train/def_front/cast_def_0_2082.jpeg,defect,valid
train/def_front/cast_def_0_2108.jpeg,defect,valid
train/def_front/cast_def_0_2140.jpeg,defect,valid
train/def_front/cast_def_0_2141.jpeg,defect,valid
train/def_front/cast_def_0_2148.jpeg,defect,valid
train/def_front/cast_def_0_2221.jpeg,defect,valid
train/def_front/cast_def_0_2252.jpeg,defect,valid
train/def_front/cast_def_0_2259.jpeg,defect,valid
train/def_front/cast_def_0_2272.jpeg,defect,valid
train/def_front/cast_def_0_2332.jpeg,defect,valid
train/def_front/cast_def_0_2336.jpeg,defect,valid
train/def_front/cast_def_0_2368.jpeg,defect,valid
train/def_front/cast_def_0_2400.jpeg,defect,valid
train/def_front/cast_def_0_2415.jpeg,defect,valid
train/def_front/cast_def_0_2460.jpeg,defect,valid
train/def_front/cast_def_0_2489.jpeg,defect,valid
train/def_front/cast_def_0_2499.jpeg,defect,valid
train/def_front/cast_def_0_2500.jpeg,defect,valid
train/def_front/cast_def_0_2506.jpeg,defect,valid
train/def_front/cast_def_0_2529.jpeg,defect,valid
train/def_front/cast_def_0_2546.jpeg,defect,valid
train/def_front/cast_def_0_2551.jpeg,defect,valid
train/def_front/cast_def_0_2589.jpeg,defect,valid
train/def_front/cast_def_0_2624.jpeg,defect,valid
train/def_front/cast_def_0_2656.jpeg,defect,valid
train/def_front/cast_def_0_2657.jpeg,defect,valid
train/def_front/cast_def_0_2715.jpeg,defect,valid
train/def_front/cast_def_0_2726.jpeg,defect,valid
train/def_front/cast_def_0_2778.jpeg,defect,valid
train/def_front/cast_def_0_2785.jpeg,defect,valid
train/def_front/cast_def_0_2793.jpeg,defect,valid
train/def_front/cast_def_0_2796.jpeg,defect,valid
train/def_front/cast_def_0_2815.jpeg,defect,valid
train/def_front/cast_def_0_2820.jpeg,defect,valid
train/def_front/cast_def_0_2826.jpeg,defect,valid
train/def_front/cast_def_0_2829.jpeg,defect,valid
train/def_front/cast_def_0_2846.jpeg,defect,valid
train/def_front/cast_def_0_2866.jpeg,defect,valid
train/def_front/cast_def_0_2882.jpeg,defect,valid
train/def_front/cast_def_0_2896.jpeg,defect,valid
train/def_front/cast_def_0_2902.jpeg,defect,valid
train/def_front/cast_def_0_2946.jpeg,defect,valid
train/def_front/cast_def_0_2952.jpeg,defect,valid
train/def_front/cast_def_0_2954.jpeg,defect,valid
train/def_front/cast_def_0_2959.jpeg,defect,valid
train/def_front/cast_def_0_3020.jpeg,defect,valid
train/def_front/cast_def_0_3040.jpeg,defect,valid
train/def_front/cast_def_0_3043.jpeg,defect,valid
train/def_front/cast_def_0_3090.jpeg,defect,valid
train/def_front/cast_def_0_3105.jpeg,defect,valid
train/def_front/cast_def_0_3128.jpeg,defect,valid
train/def_front/cast_def_0_3147.jpeg,defect,valid
train/def_front/cast_def_0_3154.jpeg,defect,valid
train/def_front/cast_def_0_3158.jpeg,defect,valid
train/def_front/cast_def_0_3166.jpeg,defect,valid
train/def_front/cast_def_0_3183.jpeg,defect,valid
train/def_front/cast_def_0_3185.jpeg,defect,valid
train/def_front/cast_def_0_3199.jpeg,defect,valid
train/def_front/cast_def_0_321.jpeg,defect,valid
train/def_front/cast_def_0_3217.jpeg,defect,valid
train/def_front/cast_def_0_3239.jpeg,defect,valid
train/def_front/cast_def_0_3246.jpeg,defect,valid
train/def_front/cast_def_0_3248.jpeg,defect,valid
train/def_front/cast_def_0_3252.jpeg,defect,valid
train/def_front/cast_def_0_3253.jpeg,defect,valid
train/def_front/cast_def_0_3274.jpeg,defect,valid
train/def_front/cast_def_0_33.jpeg,defect,valid
train/def_front/cast_def_0_330.jpeg,defect,valid
train/def_front/cast_def_0_3330.jpeg,defect,valid
train/def_front/cast_def_0_3336.jpeg,defect,valid
train/def_front/cast_def_0_3350.jpeg,defect,valid
train/def_front/cast_def_0_3377.jpeg,defect,valid
train/def_front/cast_def_0_3380.jpeg,defect,valid
train/def_front/cast_def_0_3382.jpeg,defect,valid
train/def_front/cast_def_0_3385.jpeg,defect,valid
train/def_front/cast_def_0_3389.jpeg,defect,valid
train/def_front/cast_def_0_3436.jpeg,defect,valid
train/def_front/cast_def_0_3443.jpeg,defect,valid
train/def_front/cast_def_0_3446.jpeg,defect,valid
train/def_front/cast_def_0_3464.jpeg,defect,valid
train/def_front/cast_def_0_3469.jpeg,defect,valid
train/def_front/cast_def_0_3472.jpeg,defect,valid
train/def_front/cast_def_0_3479.jpeg,defect,valid
train/def_front/cast_def_0_348.jpeg,defect,valid
train/def_front/cast_def_0_3496.jpeg,defect,valid
train/def_front/cast_def_0_3498.jpeg,defect,valid
train/def_front/cast_def_0_3500.jpeg,defect,valid
train/def_front/cast_def_0_3524.jpeg,defect,valid
train/def_front/cast_def_0_3527.jpeg,defect,valid
train/def_front/cast_def_0_3536.jpeg,defect,valid
train/def_front/cast_def_0_3556.jpeg,defect,valid
train/def_front/cast_def_0_3569.jpeg,defect,valid
train/def_front/cast_def_0_3590.jpeg,defect,valid
train/def_front/cast_def_0_3608.jpeg,defect,valid
train/def_front/cast_def_0_3623.jpeg,defect,valid
train/def_front/cast_def_0_3629.jpeg,defect,valid
train/def_front/cast_def_0_3634.jpeg,defect,valid
train/def_front/cast_def_0_3649.jpeg,defect,valid
train/def_front/cast_def_0_3652.jpeg,defect,valid
train/def_front/cast_def_0_3658.jpeg,defect,valid
train/def_front/cast_def_0_3668.jpeg,defect,valid
train/def_front/cast_def_0_3672.jpeg,defect,valid
train/def_front/cast_def_0_3674.jpeg,defect,valid
train/def_front/cast_def_0_3677.jpeg,defect,valid
train/def_front/cast_def_0_3720.jpeg,defect,valid
train/def_front/cast_def_0_3742.jpeg,defect,valid
train/def_front/cast_def_0_3745.jpeg,defect,valid
train/def_front/cast_def_0_3757.jpeg,defect,valid
train/def_front/cast_def_0_376.jpeg,defect,valid
train/def_front/cast_def_0_3761.jpeg,defect,valid
train/def_front/cast_def_0_3762.jpeg,defect,valid
train/def_front/cast_def_0_3804.jpeg,defect,valid
train/def_front/cast_def_0_3817.jpeg,defect,valid
train/def_front/cast_def_0_3822.jpeg,defect,valid
train/def_front/cast_def_0_3858.jpeg,defect,valid
train/def_front/cast_def_0_3867.jpeg,defect,valid
train/def_front/cast_def_0_387.jpeg,defect,valid
train/def_front/cast_def_0_3873.jpeg,defect,valid
train/def_front/cast_def_0_3882.jpeg,defect,valid
train/def_front/cast_def_0_3890.jpeg,defect,valid
train/def_front/cast_def_0_3892.jpeg,defect,valid
train/def_front/cast_def_0_3898.jpeg,defect,valid
train/def_front/cast_def_0_3920.jpeg,defect,valid
train/def_front/cast_def_0_3921.jpeg,defect,valid
train/def_front/cast_def_0_3925.jpeg,defect,valid
train/def_front/cast_def_0_3934.jpeg,defect,valid
train/def_front/cast_def_0_3957.jpeg,defect,valid
train/def_front/cast_def_0_3958.jpeg,defect,valid
train/def_front/cast_def_0_3965.jpeg,defect,valid
train/def_front/cast_def_0_3981.jpeg,defect,valid
train/def_front/cast_def_0_3995.jpeg,defect,valid
train/def_front/cast_def_0_4008.jpeg,defect,valid
train/def_front/cast_def_0_4027.jpeg,defect,valid
train/def_front/cast_def_0_4032.jpeg,defect,valid
train/def_front/cast_def_0_4038.jpeg,defect,valid
train/def_front/cast_def_0_4069.jpeg,defect,valid
train/def_front/cast_def_0_4074.jpeg,defect,valid
train/def_front/cast_def_0_4075.jpeg,defect,valid
train/def_front/cast_def_0_4090.jpeg,defect,valid
train/def_front/cast_def_0_4107.jpeg,defect,valid
train/def_front/cast_def_0_4109.jpeg,defect,valid
train/def_front/cast_def_0_411.jpeg,defect,valid
train/def_front/cast_def_0_4116.jpeg,defect,valid
train/def_front/cast_def_0_4119.jpeg,defect,valid
train/def_front/cast_def_0_4120.jpeg,defect,valid
train/def_front/cast_def_0_4155.jpeg,defect,valid
train/def_front/cast_def_0_4206.jpeg,defect,valid
train/def_front/cast_def_0_422.jpeg,defect,valid
train/def_front/cast_def_0_4269.jpeg,defect,valid
train/def_front/cast_def_0_4354.jpeg,defect,valid
train/def_front/cast_def_0_4369.jpeg,defect,valid
train/def_front/cast_def_0_4384.jpeg,defect,valid
train/def_front/cast_def_0_4388.jpeg,defect,valid
train/def_front/cast_def_0_4401.jpeg,defect,valid
train/def_front/cast_def_0_4419.jpeg,defect,valid
train/def_front/cast_def_0_4427.jpeg,defect,valid
train/def_front/cast_def_0_4436.jpeg,defect,valid
train/def_front/cast_def_0_4450.jpeg,defect,valid
train/def_front/cast_def_0_4475.jpeg,defect,valid
train/def_front/cast_def_0_4498.jpeg,defect,valid
train/def_front/cast_def_0_4510.jpeg,defect,valid
train/def_front/cast_def_0_4518.jpeg,defect,valid
train/def_front/cast_def_0_4527.jpeg,defect,valid
train/def_front/cast_def_0_4534.jpeg,defect,valid
train/def_front/cast_def_0_4538.jpeg,defect,valid
train/def_front/cast_def_0_4546.jpeg,defect,valid
train/def_front/cast_def_0_4584.jpeg,defect,valid
train/def_front/cast_def_0_4602.jpeg,defect,valid
train/def_front/cast_def_0_4623.jpeg,defect,valid
train/def_front/cast_def_0_4645.jpeg,defect,valid
train/def_front/cast_def_0_467.jpeg,defect,valid
train/def_front/cast_def_0_4686.jpeg,defect,valid
train/def_front/cast_def_0_471.jpeg,defect,valid
train/def_front/cast_def_0_4710.jpeg,defect,valid
train/def_front/cast_def_0_4717.jpeg,defect,valid
train/def_front/cast_def_0_4725.jpeg,defect,valid
train/def_front/cast_def_0_4741.jpeg,defect,valid
train/def_front/cast_def_0_4802.jpeg,defect,valid
train/def_front/cast_def_0_4843.jpeg,defect,valid
train/def_front/cast_def_0_4855.jpeg,defect,valid
train/def_front/cast_def_0_4859.jpeg,defect,valid
train/def_front/cast_def_0_4868.jpeg,defect,valid
train/def_front/cast_def_0_4880.jpeg,defect,valid
train/def_front/cast_def_0_4902.jpeg,defect,valid
train/def_front/cast_def_0_4911.jpeg,defect,valid
train/def_front/cast_def_0_4914.jpeg,defect,valid
train/def_front/cast_def_0_4916.jpeg,defect,valid
train/def_front/cast_def_0_4923.jpeg,defect,valid
train/def_front/cast_def_0_4963.jpeg,defect,valid
train/def_front/cast_def_0_4983.jpeg,defect,valid
train/def_front/cast_def_0_502.jpeg,defect,valid
train/def_front/cast_def_0_5034.jpeg,defect,valid
train/def_front/cast_def_0_5036.jpeg,defect,valid
train/def_front/cast_def_0_5067.jpeg,defect,valid
train/def_front/cast_def_0_5069.jpeg,defect,valid
train/def_front/cast_def_0_5082.jpeg,defect,valid
train/def_front/cast_def_0_5125.jpeg,defect,valid
train/def_front/cast_def_0_5126.jpeg,defect,valid
train/def_front/cast_def_0_5141.jpeg,defect,valid
train/def_front/cast_def_0_5154.jpeg,defect,valid
train/def_front/cast_def_0_5162.jpeg,defect,valid
train/def_front/cast_def_0_5172.jpeg,defect,valid
train/def_front/cast_def_0_5178.jpeg,defect,valid
train/def_front/cast_def_0_5185.jpeg,defect,valid
train/def_front/cast_def_0_5192.jpeg,defect,valid
train/def_front/cast_def_0_522.jpeg,defect,valid
train/def_front/cast_def_0_5230.jpeg,defect,valid
train/def_front/cast_def_0_5237.jpeg,defect,valid
train/def_front/cast_def_0_5252.jpeg,defect,valid
train/def_front/cast_def_0_5259.jpeg,defect,valid
train/def_front/cast_def_0_5260.jpeg,defect,valid
train/def_front/cast_def_0_5262.jpeg,defect,valid
train/def_front/cast_def_0_5291.jpeg,defect,valid
train/def_front/cast_def_0_5300.jpeg,defect,valid
train/def_front/cast_def_0_5336.jpeg,defect,valid
train/def_front/cast_def_0_5370.jpeg,defect,valid
train/def_front/cast_def_0_5374.jpeg,defect,valid
train/def_front/cast_def_0_5392.jpeg,defect,valid
train/def_front/cast_def_0_5403.jpeg,defect,valid
train/def_front/cast_def_0_5404.jpeg,defect,valid
train/def_front/cast_def_0_5431.jpeg,defect,valid
train/def_front/cast_def_0_5471.jpeg,defect,valid
train/def_front/cast_def_0_5487.jpeg,defect,valid
train/def_front/cast_def_0_5492.jpeg,defect,valid
train/def_front/cast_def_0_5562.jpeg,defect,valid
train/def_front/cast_def_0_5574.jpeg,defect,valid
train/def_front/cast_def_0_5608.jpeg,defect,valid
train/def_front/cast_def_0_5640.jpeg,defect,valid
train/def_front/cast_def_0_567.jpeg,defect,valid
train/def_front/cast_def_0_5688.jpeg,defect,valid
train/def_front/cast_def_0_5696.jpeg,defect,valid
train/def_front/cast_def_0_571.jpeg,defect,valid
train/def_front/cast_def_0_5762.jpeg,defect,valid
train/def_front/cast_def_0_5763.jpeg,defect,valid
train/def_front/cast_def_0_5770.jpeg,defect,valid
train/def_front/cast_def_0_5772.jpeg,defect,valid
train/def_front/cast_def_0_5782.jpeg,defect,valid
train/def_front/cast_def_0_5786.jpeg,defect,valid
train/def_front/cast_def_0_5814.jpeg,defect,valid
train/def_front/cast_def_0_5818.jpeg,defect,valid
train/def_front/cast_def_0_5819.jpeg,defect,valid
train/def_front/cast_def_0_5833.jpeg,defect,valid
train/def_front/cast_def_0_5836.jpeg,defect,valid
train/def_front/cast_def_0_5838.jpeg,defect,valid
train/def_front/cast_def_0_5841.jpeg,defect,valid
train/def_front/cast_def_0_5877.jpeg,defect,valid
train/def_front/cast_def_0_5887.jpeg,defect,valid
train/def_front/cast_def_0_5896.jpeg,defect,valid
train/def_front/cast_def_0_5917.jpeg,defect,valid
train/def_front/cast_def_0_5982.jpeg,defect,valid
train/def_front/cast_def_0_6006.jpeg,defect,valid
train/def_front/cast_def_0_6013.jpeg,defect,valid
train/def_front/cast_def_0_6047.jpeg,defect,valid
train/def_front/cast_def_0_6067.jpeg,defect,valid
train/def_front/cast_def_0_6074.jpeg,defect,valid
train/def_front/cast_def_0_6095.jpeg,defect,valid
train/def_front/cast_def_0_6167.jpeg,defect,valid
train/def_front/cast_def_0_6175.jpeg,defect,valid
train/def_front/cast_def_0_6201.jpeg,defect,valid
train/def_front/cast_def_0_6206.jpeg,defect,valid
train/def_front/cast_def_0_6243.jpeg,defect,valid
train/def_front/cast_def_0_6245.jpeg,defect,valid
train/def_front/cast_def_0_6246.jpeg,defect,valid
train/def_front/cast_def_0_6250.jpeg,defect,valid
train/def_front/cast_def_0_6261.jpeg,defect,valid
train/def_front/cast_def_0_6269.jpeg,defect,valid
train/def_front/cast_def_0_6326.jpeg,defect,valid
train/def_front/cast_def_0_6342.jpeg,defect,valid
train/def_front/cast_def_0_6343.jpeg,defect,valid
train/def_front/cast_def_0_6349.jpeg,defect,valid
train/def_front/cast_def_0_6381.jpeg,defect,valid
train/def_front/cast_def_0_6393.jpeg,defect,valid
train/def_front/cast_def_0_640.jpeg,defect,valid
train/def_front/cast_def_0_6426.jpeg,defect,valid
train/def_front/cast_def_0_6427.jpeg,defect,valid
train/def_front/cast_def_0_6446.jpeg,defect,valid
train/def_front/cast_def_0_6476.jpeg,defect,valid
train/def_front/cast_def_0_6479.jpeg,defect,valid
train/def_front/cast_def_0_6486.jpeg,defect,valid
train/def_front/cast_def_0_6498.jpeg,defect,valid
train/def_front/cast_def_0_654.jpeg,defect,valid
train/def_front/cast_def_0_6551.jpeg,defect,valid
train/def_front/cast_def_0_6592.jpeg,defect,valid
train/def_front/cast_def_0_6625.jpeg,defect,valid
train/def_front/cast_def_0_6637.jpeg,defect,valid
train/def_front/cast_def_0_6645.jpeg,defect,valid
train/def_front/cast_def_0_6675.jpeg,defect,valid
train/def_front/cast_def_0_670.jpeg,defect,valid
train/def_front/cast_def_0_6700.jpeg,defect,valid
train/def_front/cast_def_0_6708.jpeg,defect,valid
train/def_front/cast_def_0_6709.jpeg,defect,valid
train/def_front/cast_def_0_6725.jpeg,defect,valid
train/def_front/cast_def_0_6750.jpeg,defect,valid
train/def_front/cast_def_0_6787.jpeg,defect,valid
train/def_front/cast_def_0_6801.jpeg,defect,valid
train/def_front/cast_def_0_6802.jpeg,defect,valid
train/def_front/cast_def_0_6808.jpeg,defect,valid
train/def_front/cast_def_0_681.jpeg,defect,valid
train/def_front/cast_def_0_6811.jpeg,defect,valid
train/def_front/cast_def_0_6812.jpeg,defect,valid
train/def_front/cast_def_0_6813.jpeg,defect,valid
train/def_front/cast_def_0_6822.jpeg,defect,valid
train/def_front/cast_def_0_6834.jpeg,defect,valid
train/def_front/cast_def_0_6837.jpeg,defect,valid
train/def_front/cast_def_0_6851.jpeg,defect,valid
train/def_front/cast_def_0_6867.jpeg,defect,valid
train/def_front/cast_def_0_6868.jpeg,defect,valid
train/def_front/cast_def_0_6935.jpeg,defect,valid
train/def_front/cast_def_0_6947.jpeg,defect,valid
train/def_front/cast_def_0_6954.jpeg,defect,valid
train/def_front/cast_def_0_6963.jpeg,defect,valid
train/def_front/cast_def_0_6967.jpeg,defect,valid
train/def_front/cast_def_0_6978.jpeg,defect,valid
train/def_front/cast_def_0_7004.jpeg,defect,valid
train/def_front/cast_def_0_7052.jpeg,defect,valid
train/def_front/cast_def_0_7088.jpeg,defect,valid
train/def_front/cast_def_0_7090.jpeg,defect,valid
train/def_front/cast_def_0_7099.jpeg,defect,valid
train/def_front/cast_def_0_7100.jpeg,defect,valid
train/def_front/cast_def_0_7104.jpeg,defect,valid
train/def_front/cast_def_0_7121.jpeg,defect,valid
train/def_front/cast_def_0_7126.jpeg,defect,valid
train/def_front/cast_def_0_7127.jpeg,defect,valid
train/def_front/cast_def_0_7136.jpeg,defect,valid
train/def_front/cast_def_0_7141.jpeg,defect,valid
train/def_front/cast_def_0_7159.jpeg,defect,valid
train/def_front/cast_def_0_7177.jpeg,defect,valid
train/def_front/cast_def_0_7198.jpeg,defect,valid
train/def_front/cast_def_0_7282.jpeg,defect,valid
train/def_front/cast_def_0_7284.jpeg,defect,valid
train/def_front/cast_def_0_7298.jpeg,defect,valid
train/def_front/cast_def_0_7312.jpeg,defect,valid
train/def_front/cast_def_0_7331.jpeg,defect,valid
train/def_front/cast_def_0_7340.jpeg,defect,valid
train/def_front/cast_def_0_7343.jpeg,defect,valid
train/def_front/cast_def_0_7346.jpeg,defect,valid
train/def_front/cast_def_0_7353.jpeg,defect,valid
train/def_front/cast_def_0_736.jpeg,defect,valid
train/def_front/cast_def_0_7376.jpeg,defect,valid
train/def_front/cast_def_0_7382.jpeg,defect,valid
train/def_front/cast_def_0_7390.jpeg,defect,valid
train/def_front/cast_def_0_7392.jpeg,defect,valid
train/def_front/cast_def_0_7394.jpeg,defect,valid
train/def_front/cast_def_0_7395.jpeg,defect,valid
train/def_front/cast_def_0_7397.jpeg,defect,valid
train/def_front/cast_def_0_7409.jpeg,defect,valid
train/def_front/cast_def_0_7415.jpeg,defect,valid
train/def_front/cast_def_0_7431.jpeg,defect,valid
train/def_front/cast_def_0_7472.jpeg,defect,valid
train/def_front/cast_def_0_7473.jpeg,defect,valid
train/def_front/cast_def_0_7486.jpeg,defect,valid
train/def_front/cast_def_0_7505.jpeg,defect,valid
train/def_front/cast_def_0_7515.jpeg,defect,valid
train/def_front/cast_def_0_7522.jpeg,defect,valid
train/def_front/cast_def_0_754.jpeg,defect,valid
train/def_front/cast_def_0_7548.jpeg,defect,valid
train/def_front/cast_def_0_7555.jpeg,defect,valid
train/def_front/cast_def_0_7574.jpeg,defect,valid
train/def_front/cast_def_0_7577.jpeg,defect,valid
train/def_front/cast_def_0_758.jpeg,defect,valid
train/def_front/cast_def_0_7580.jpeg,defect,valid
train/def_front/cast_def_0_7583.jpeg,defect,valid
train/def_front/cast_def_0_7600.jpeg,defect,valid
train/def_front/cast_def_0_7605.jpeg,defect,valid
train/def_front/cast_def_0_7610.jpeg,defect,valid
train/def_front/cast_def_0_7614.jpeg,defect,valid
train/def_front/cast_def_0_7620.jpeg,defect,valid
train/def_front/cast_def_0_7622.jpeg,defect,valid
train/def_front/cast_def_0_7640.jpeg,defect,valid
train/def_front/cast_def_0_7641.jpeg,defect,valid
train/def_front/cast_def_0_7662.jpeg,defect,valid
train/def_front/cast_def_0_7712.jpeg,defect,valid
train/def_front/cast_def_0_7727.jpeg,defect,valid
train/def_front/cast_def_0_7750.jpeg,defect,valid
train/def_front/cast_def_0_777.jpeg,defect,valid
train/def_front/cast_def_0_7822.jpeg,defect,valid
train/def_front/cast_def_0_7878.jpeg,defect,valid
train/def_front/cast_def_0_7884.jpeg,defect,valid
train/def_front/cast_def_0_7898.jpeg,defect,valid
train/def_front/cast_def_0_7907.jpeg,defect,valid
train/def_front/cast_def_0_7909.jpeg,defect,valid
train/def_front/cast_def_0_794.jpeg,defect,valid
train/def_front/cast_def_0_7950.jpeg,defect,valid
train/def_front/cast_def_0_796.jpeg,defect,valid
train/def_front/cast_def_0_798.jpeg,defect,valid
train/def_front/cast_def_0_7987.jpeg,defect,valid
train/def_front/cast_def_0_7995.jpeg,defect,valid
train/def_front/cast_def_0_8.jpeg,defect,valid
train/def_front/cast_def_0_8024.jpeg,defect,valid
train/def_front/cast_def_0_8041.jpeg,defect,valid
train/def_front/cast_def_0_805.jpeg,defect,valid
train/def_front/cast_def_0_8051.jpeg,defect,valid
train/def_front/cast_def_0_8077.jpeg,defect,valid
train/def_front/cast_def_0_8099.jpeg,defect,valid
train/def_front/cast_def_0_8156.jpeg,defect,valid
train/def_front/cast_def_0_8182.jpeg,defect,valid
train/def_front/cast_def_0_8195.jpeg,defect,valid
train/def_front/cast_def_0_8213.jpeg,defect,valid
train/def_front/cast_def_0_8222.jpeg,defect,valid
train/def_front/cast_def_0_8246.jpeg,defect,valid
train/def_front/cast_def_0_8257.jpeg,defect,valid
train/def_front/cast_def_0_8260.jpeg,defect,valid
train/def_front/cast_def_0_8384.jpeg,defect,valid
train/def_front/cast_def_0_8409.jpeg,defect,valid
train/def_front/cast_def_0_8412.jpeg,defect,valid
train/def_front/cast_def_0_8417.jpeg,defect,valid
train/def_front/cast_def_0_8428.jpeg,defect,valid
train/def_front/cast_def_0_8441.jpeg,defect,valid
train/def_front/cast_def_0_8453.jpeg,defect,valid
train/def_front/cast_def_0_8455.jpeg,defect,valid
train/def_front/cast_def_0_8533.jpeg,defect,valid
train/def_front/cast_def_0_854.jpeg,defect,valid
train/def_front/cast_def_0_8542.jpeg,defect,valid
train/def_front/cast_def_0_8546.jpeg,defect,valid
train/def_front/cast_def_0_8599.jpeg,defect,valid
train/def_front/cast_def_0_8603.jpeg,defect,valid
train/def_front/cast_def_0_8604.jpeg,defect,valid
train/def_front/cast_def_0_8620.jpeg,defect,valid
train/def_front/cast_def_0_8630.jpeg,defect,valid
train/def_front/cast_def_0_866.jpeg,defect,valid
train/def_front/cast_def_0_8662.jpeg,defect,valid
train/def_front/cast_def_0_8673.jpeg,defect,valid
train/def_front/cast_def_0_8682.jpeg,defect,valid
train/def_front/cast_def_0_8684.jpeg,defect,valid
train/def_front/cast_def_0_8697.jpeg,defect,valid
train/def_front/cast_def_0_8709.jpeg,defect,valid
train/def_front/cast_def_0_874.jpeg,defect,valid
train/def_front/cast_def_0_8752.jpeg,defect,valid
train/def_front/cast_def_0_8777.jpeg,defect,valid
train/def_front/cast_def_0_8780.jpeg,defect,valid
train/def_front/cast_def_0_8782.jpeg,defect,valid
train/def_front/cast_def_0_88.jpeg,defect,valid
train/def_front/cast_def_0_8811.jpeg,defect,valid
train/def_front/cast_def_0_8822.jpeg,defect,valid
train/def_front/cast_def_0_884.jpeg,defect,valid
train/def_front/cast_def_0_8875.jpeg,defect,valid
train/def_front/cast_def_0_8886.jpeg,defect,valid
train/def_front/cast_def_0_8903.jpeg,defect,valid
train/def_front/cast_def_0_8905.jpeg,defect,valid
train/def_front/cast_def_0_8931.jpeg,defect,valid
train/def_front/cast_def_0_8949.jpeg,defect,valid
train/def_front/cast_def_0_8951.jpeg,defect,valid
train/def_front/cast_def_0_8953.jpeg,defect,valid
train/def_front/cast_def_0_8958.jpeg,defect,valid
train/def_front/cast_def_0_8959.jpeg,defect,valid
train/def_front/cast_def_0_897.jpeg,defect,valid
train/def_front/cast_def_0_8971.jpeg,defect,valid
train/def_front/cast_def_0_8975.jpeg,defect,valid
train/def_front/cast_def_0_8989.jpeg,defect,valid
train/def_front/cast_def_0_899.jpeg,defect,valid
train/def_front/cast_def_0_9009.jpeg,defect,valid
train/def_front/cast_def_0_9025.jpeg,defect,valid
train/def_front/cast_def_0_9040.jpeg,defect,valid
train/def_front/cast_def_0_9075.jpeg,defect,valid
train/def_front/cast_def_0_9091.jpeg,defect,valid
train/def_front/cast_def_0_9098.jpeg,defect,valid
train/def_front/cast_def_0_9115.jpeg,defect,valid
train/def_front/cast_def_0_9119.jpeg,defect,valid
train/def_front/cast_def_0_9136.jpeg,defect,valid
train/def_front/cast_def_0_9150.jpeg,defect,valid
train/def_front/cast_def_0_9167.jpeg,defect,valid
train/def_front/cast_def_0_9234.jpeg,defect,valid
train/def_front/cast_def_0_9245.jpeg,defect,valid
train/def_front/cast_def_0_9253.jpeg,defect,valid
train/def_front/cast_def_0_9266.jpeg,defect,valid
train/def_front/cast_def_0_9270.jpeg,defect,valid
train/def_front/cast_def_0_9275.jpeg,defect,valid
train/def_front/cast_def_0_9277.jpeg,defect,valid
train/def_front/cast_def_0_928.jpeg,defect,valid
train/def_front/cast_def_0_9340.jpeg,defect,valid
train/def_front/cast_def_0_9354.jpeg,defect,valid
train/def_front/cast_def_0_9355.jpeg,defect,valid
train/def_front/cast_def_0_9359.jpeg,defect,valid
train/def_front/cast_def_0_9429.jpeg,defect,valid
train/def_front/cast_def_0_9434.jpeg,defect,valid
train/def_front/cast_def_0_9438.jpeg,defect,valid
train/def_front/cast_def_0_9460.jpeg,defect,valid
train/def_front/cast_def_0_9463.jpeg,defect,valid
train/def_front/cast_def_0_9494.jpeg,defect,valid
train/def_front/cast_def_0_9528.jpeg,defect,valid
train/def_front/cast_def_0_9540.jpeg,defect,valid
train/def_front/cast_def_0_9556.jpeg,defect,valid
train/def_front/cast_def_0_9560.jpeg,defect,valid
train/def_front/cast_def_0_9562.jpeg,defect,valid
train/def_front/cast_def_0_9563.jpeg,defect,valid
train/def_front/cast_def_0_957.jpeg,defect,valid
train/def_front/cast_def_0_9589.jpeg,defect,valid
train/def_front/cast_def_0_959.jpeg,defect,valid
train/def_front/cast_def_0_9604.jpeg,defect,valid
train/def_front/cast_def_0_9610.jpeg,defect,valid
train/def_front/cast_def_0_9630.jpeg,defect,valid
train/def_front/cast_def_0_9660.jpeg,defect,valid
train/def_front/cast_def_0_9685.jpeg,defect,valid
train/def_front/cast_def_0_9695.jpeg,defect,valid
train/def_front/cast_def_0_9710.jpeg,defect,valid
train/def_front/cast_def_0_9723.jpeg,defect,valid
train/def_front/cast_def_0_9730.jpeg,defect,valid
train/def_front/cast_def_0_9775.jpeg,defect,valid
train/def_front/cast_def_0_9794.jpeg,defect,valid
train/def_front/cast_def_0_9798.jpeg,defect,valid
train/def_front/cast_def_0_9805.jpeg,defect,valid
train/def_front/cast_def_0_9818.jpeg,defect,valid
train/def_front/cast_def_0_9826.jpeg,defect,valid
train/def_front/cast_def_0_9833.jpeg,defect,valid
train/def_front/cast_def_0_984.jpeg,defect,valid
train/def_front/cast_def_0_9842.jpeg,defect,valid
train/def_front/cast_def_0_9843.jpeg,defect,valid
train/def_front/cast_def_0_9873.jpeg,defect,valid
train/def_front/cast_def_0_9888.jpeg,defect,valid
train/def_front/cast_def_0_9892.jpeg,defect,valid
train/def_front/cast_def_0_9909.jpeg,defect,valid
train/def_front/cast_def_0_9923.jpeg,defect,valid
train/def_front/cast_def_0_9946.jpeg,defect,valid
train/ok_front/cast_ok_0_101.jpeg,ok,valid
train/ok_front/cast_ok_0_1022.jpeg,ok,valid
train/ok_front/cast_ok_0_1041.jpeg,ok,valid
train/ok_front/cast_ok_0_1066.jpeg,ok,valid
train/ok_front/cast_ok_0_108.jpeg,ok,valid
train/ok_front/cast_ok_0_1093.jpeg,ok,valid
train/ok_front/cast_ok_0_1095.jpeg,ok,valid
train/ok_front/cast_ok_0_1121.jpeg,ok,valid
train/ok_front/cast_ok_0_1140.jpeg,ok,valid
train/ok_front/cast_ok_0_1144.jpeg,ok,valid
train/ok_front/cast_ok_0_1158.jpeg,ok,valid
train/ok_front/cast_ok_0_1169.jpeg,ok,valid
train/ok_front/cast_ok_0_1189.jpeg,ok,valid
train/ok_front/cast_ok_0_1200.jpeg,ok,valid
train/ok_front/cast_ok_0_1302.jpeg,ok,valid
train/ok_front/cast_ok_0_1306.jpeg,ok,valid
train/ok_front/cast_ok_0_141.jpeg,ok,valid
train/ok_front/cast_ok_0_1453.jpeg,ok,valid
train/ok_front/cast_ok_0_146.jpeg,ok,valid
train/ok_front/cast_ok_0_1460.jpeg,ok,valid
train/ok_front/cast_ok_0_1469.jpeg,ok,valid
train/ok_front/cast_ok_0_1477.jpeg,ok,valid
train/ok_front/cast_ok_0_1490.jpeg,ok,valid
train/ok_front/cast_ok_0_1491.jpeg,ok,valid
train/ok_front/cast_ok_0_1507.jpeg,ok,valid
train/ok_front/cast_ok_0_1539.jpeg,ok,valid
train/ok_front/cast_ok_0_1545.jpeg,ok,valid
train/ok_front/cast_ok_0_1549.jpeg,ok,valid
train/ok_front/cast_ok_0_1594.jpeg,ok,valid
train/ok_front/cast_ok_0_1616.jpeg,ok,valid
train/ok_front/cast_ok_0_1630.jpeg,ok,valid
train/ok_front/cast_ok_0_1659.jpeg,ok,valid
train/ok_front/cast_ok_0_167.jpeg,ok,valid
train/ok_front/cast_ok_0_1678.jpeg,ok,valid
train/ok_front/cast_ok_0_1687.jpeg,ok,valid
train/ok_front/cast_ok_0_169.jpeg,ok,valid
train/ok_front/cast_ok_0_1693.jpeg,ok,valid
train/ok_front/cast_ok_0_1699.jpeg,ok,valid
train/ok_front/cast_ok_0_1708.jpeg,ok,valid
train/ok_front/cast_ok_0_1723.jpeg,ok,valid
train/ok_front/cast_ok_0_1730.jpeg,ok,valid
train/ok_front/cast_ok_0_1745.jpeg,ok,valid
train/ok_front/cast_ok_0_175.jpeg,ok,valid
train/ok_front/cast_ok_0_1754.jpeg,ok,valid
train/ok_front/cast_ok_0_1756.jpeg,ok,valid
train/ok_front/cast_ok_0_1770.jpeg,ok,valid
train/ok_front/cast_ok_0_1782.jpeg,ok,valid
train/ok_front/cast_ok_0_1795.jpeg,ok,valid
train/ok_front/cast_ok_0_1815.jpeg,ok,valid
train/ok_front/cast_ok_0_1852.jpeg,ok,valid
train/ok_front/cast_ok_0_1854.jpeg,ok,valid
train/ok_front/cast_ok_0_186.jpeg,ok,valid
train/ok_front/cast_ok_0_191.jpeg,ok,valid
train/ok_front/cast_ok_0_1910.jpeg,ok,valid
train/ok_front/cast_ok_0_1921.jpeg,ok,valid
train/ok_front/cast_ok_0_1937.jpeg,ok,valid
train/ok_front/cast_ok_0_1941.jpeg,ok,valid
train/ok_front/cast_ok_0_1942.jpeg,ok,valid
train/ok_front/cast_ok_0_1957.jpeg,ok,valid
train/ok_front/cast_ok_0_196.jpeg,ok,valid
train/ok_front/cast_ok_0_1986.jpeg,ok,valid
train/ok_front/cast_ok_0_1989.jpeg,ok,valid
train/ok_front/cast_ok_0_1992.jpeg,ok,valid
train/ok_front/cast_ok_0_1995.jpeg,ok,valid
train/ok_front/cast_ok_0_2078.jpeg,ok,valid
train/ok_front/cast_ok_0_2084.jpeg,ok,valid
train/ok_front/cast_ok_0_2094.jpeg,ok,valid
train/ok_front/cast_ok_0_2118.jpeg,ok,valid
train/ok_front/cast_ok_0_2132.jpeg,ok,valid
train/ok_front/cast_ok_0_2136.jpeg,ok,valid
train/ok_front/cast_ok_0_2187.jpeg,ok,valid
train/ok_front/cast_ok_0_2195.jpeg,ok,valid
train/ok_front/cast_ok_0_22.jpeg,ok,valid
train/ok_front/cast_ok_0_2270.jpeg,ok,valid
train/ok_front/cast_ok_0_2333.jpeg,ok,valid
train/ok_front/cast_ok_0_2336.jpeg,ok,valid
train/ok_front/cast_ok_0_2379.jpeg,ok,valid
train/ok_front/cast_ok_0_239.jpeg,ok,valid
train/ok_front/cast_ok_0_2438.jpeg,ok,valid
train/ok_front/cast_ok_0_2439.jpeg,ok,valid
train/ok_front/cast_ok_0_2479.jpeg,ok,valid
train/ok_front/cast_ok_0_248.jpeg,ok,valid
train/ok_front/cast_ok_0_2564.jpeg,ok,valid
train/ok_front/cast_ok_0_2614.jpeg,ok,valid
train/ok_front/cast_ok_0_2623.jpeg,ok,valid
train/ok_front/cast_ok_0_2642.jpeg,ok,valid
train/ok_front/cast_ok_0_2680.jpeg,ok,valid
train/ok_front/cast_ok_0_2738.jpeg,ok,valid
train/ok_front/cast_ok_0_278.jpeg,ok,valid
train/ok_front/cast_ok_0_2824.jpeg,ok,valid
train/ok_front/cast_ok_0_2855.jpeg,ok,valid
train/ok_front/cast_ok_0_2862.jpeg,ok,valid
train/ok_front/cast_ok_0_2941.jpeg,ok,valid
train/ok_front/cast_ok_0_2976.jpeg,ok,valid
train/ok_front/cast_ok_0_2988.jpeg,ok,valid
train/ok_front/cast_ok_0_3009.jpeg,ok,valid
train/ok_front/cast_ok_0_3016.jpeg,ok,valid
train/ok_front/cast_ok_0_302.jpeg,ok,valid
train/ok_front/cast_ok_0_3076.jpeg,ok,valid
train/ok_front/cast_ok_0_3086.jpeg,ok,valid
train/ok_front/cast_ok_0_313.jpeg,ok,valid
train/ok_front/cast_ok_0_3130.jpeg,ok,valid
train/ok_front/cast_ok_0_3183.jpeg,ok,valid
train/ok_front/cast_ok_0_3193.jpeg,ok,valid
train/ok_front/cast_ok_0_3201.jpeg,ok,valid
train/ok_front/cast_ok_0_3216.jpeg,ok,valid
train/ok_front/cast_ok_0_322.jpeg,ok,valid
train/ok_front/cast_ok_0_3225.jpeg,ok,valid
train/ok_front/cast_ok_0_3272.jpeg,ok,valid
train/ok_front/cast_ok_0_3300.jpeg,ok,valid
train/ok_front/cast_ok_0_3383.jpeg,ok,valid
train/ok_front/cast_ok_0_3433.jpeg,ok,valid
train/ok_front/cast_ok_0_3436.jpeg,ok,valid
train/ok_front/cast_ok_0_3453.jpeg,ok,valid
train/ok_front/cast_ok_0_3464.jpeg,ok,valid
train/ok_front/cast_ok_0_3470.jpeg,ok,valid
train/ok_front/cast_ok_0_3472.jpeg,ok,valid
train/ok_front/cast_ok_0_350.jpeg,ok,valid
train/ok_front/cast_ok_0_3500.jpeg,ok,valid
train/ok_front/cast_ok_0_3544.jpeg,ok,valid
train/ok_front/cast_ok_0_3575.jpeg,ok,valid
train/ok_front/cast_ok_0_3581.jpeg,ok,valid
train/ok_front/cast_ok_0_362.jpeg,ok,valid
train/ok_front/cast_ok_0_3732.jpeg,ok,valid
train/ok_front/cast_ok_0_3737.jpeg,ok,valid
train/ok_front/cast_ok_0_3742.jpeg,ok,valid
train/ok_front/cast_ok_0_3764.jpeg,ok,valid
train/ok_front/cast_ok_0_3775.jpeg,ok,valid
train/ok_front/cast_ok_0_3778.jpeg,ok,valid
train/ok_front/cast_ok_0_3802.jpeg,ok,valid
train/ok_front/cast_ok_0_381.jpeg,ok,valid
train/ok_front/cast_ok_0_3861.jpeg,ok,valid
train/ok_front/cast_ok_0_3863.jpeg,ok,valid
train/ok_front/cast_ok_0_3907.jpeg,ok,valid
train/ok_front/cast_ok_0_3962.jpeg,ok,valid
train/ok_front/cast_ok_0_3975.jpeg,ok,valid
train/ok_front/cast_ok_0_3989.jpeg,ok,valid
train/ok_front/cast_ok_0_3995.jpeg,ok,valid
train/ok_front/cast_ok_0_402.jpeg,ok,valid
train/ok_front/cast_ok_0_4034.jpeg,ok,valid
train/ok_front/cast_ok_0_4074.jpeg,ok,valid
train/ok_front/cast_ok_0_4087.jpeg,ok,valid
train/ok_front/cast_ok_0_41.jpeg,ok,valid
train/ok_front/cast_ok_0_4114.jpeg,ok,valid
train/ok_front/cast_ok_0_4118.jpeg,ok,valid
train/ok_front/cast_ok_0_4134.jpeg,ok,valid
train/ok_front/cast_ok_0_4137.jpeg,ok,valid
train/ok_front/cast_ok_0_4170.jpeg,ok,valid
train/ok_front/cast_ok_0_4172.jpeg,ok,valid
train/ok_front/cast_ok_0_4179.jpeg,ok,valid
train/ok_front/cast_ok_0_424.jpeg,ok,valid
train/ok_front/cast_ok_0_425.jpeg,ok,valid
train/ok_front/cast_ok_0_430.jpeg,ok,valid
train/ok_front/cast_ok_0_4321.jpeg,ok,valid
train/ok_front/cast_ok_0_4325.jpeg,ok,valid
train/ok_front/cast_ok_0_4337.jpeg,ok,valid
train/ok_front/cast_ok_0_4349.jpeg,ok,valid
train/ok_front/cast_ok_0_435.jpeg,ok,valid
train/ok_front/cast_ok_0_4350.jpeg,ok,valid
train/ok_front/cast_ok_0_4368.jpeg,ok,valid
train/ok_front/cast_ok_0_4403.jpeg,ok,valid
train/ok_front/cast_ok_0_4420.jpeg,ok,valid
train/ok_front/cast_ok_0_4460.jpeg,ok,valid
train/ok_front/cast_ok_0_4462.jpeg,ok,valid
train/ok_front/cast_ok_0_4481.jpeg,ok,valid
train/ok_front/cast_ok_0_4491.jpeg,ok,valid
train/ok_front/cast_ok_0_4495.jpeg,ok,valid
train/ok_front/cast_ok_0_4509.jpeg,ok,valid
train/ok_front/cast_ok_0_4560.jpeg,ok,valid
train/ok_front/cast_ok_0_46.jpeg,ok,valid
train/ok_front/cast_ok_0_461.jpeg,ok,valid
train/ok_front/cast_ok_0_4647.jpeg,ok,valid
train/ok_front/cast_ok_0_465.jpeg,ok,valid
train/ok_front/cast_ok_0_466.jpeg,ok,valid
train/ok_front/cast_ok_0_4716.jpeg,ok,valid
train/ok_front/cast_ok_0_4723.jpeg,ok,valid
train/ok_front/cast_ok_0_4737.jpeg,ok,valid
train/ok_front/cast_ok_0_4750.jpeg,ok,valid
train/ok_front/cast_ok_0_4769.jpeg,ok,valid
train/ok_front/cast_ok_0_4794.jpeg,ok,valid
train/ok_front/cast_ok_0_4838.jpeg,ok,valid
train/ok_front/cast_ok_0_4859.jpeg,ok,valid
train/ok_front/cast_ok_0_4866.jpeg,ok,valid
train/ok_front/cast_ok_0_4879.jpeg,ok,valid
train/ok_front/cast_ok_0_4880.jpeg,ok,valid
train/ok_front/cast_ok_0_4886.jpeg,ok,valid
train/ok_front/cast_ok_0_4912.jpeg,ok,valid
train/ok_front/cast_ok_0_4947.jpeg,ok,valid
train/ok_front/cast_ok_0_4963.jpeg,ok,valid
train/ok_front/cast_ok_0_497.jpeg,ok,valid
train/ok_front/cast_ok_0_4974.jpeg,ok,valid
train/ok_front/cast_ok_0_4976.jpeg,ok,valid
train/ok_front/cast_ok_0_4994.jpeg,ok,valid
train/ok_front/cast_ok_0_5019.jpeg,ok,valid
train/ok_front/cast_ok_0_5042.jpeg,ok,valid
train/ok_front/cast_ok_0_505.jpeg,ok,valid
train/ok_front/cast_ok_0_5068.jpeg,ok,valid
train/ok_front/cast_ok_0_5102.jpeg,ok,valid
train/ok_front/cast_ok_0_5116.jpeg,ok,valid
train/ok_front/cast_ok_0_5150.jpeg,ok,valid
train/ok_front/cast_ok_0_5155.jpeg,ok,valid
train/ok_front/cast_ok_0_5201.jpeg,ok,valid
train/ok_front/cast_ok_0_5219.jpeg,ok,valid
train/ok_front/cast_ok_0_5223.jpeg,ok,valid
train/ok_front/cast_ok_0_5249.jpeg,ok,valid
train/ok_front/cast_ok_0_5268.jpeg,ok,valid
train/ok_front/cast_ok_0_5270.jpeg,ok,valid
train/ok_front/cast_ok_0_529.jpeg,ok,valid
train/ok_front/cast_ok_0_532.jpeg,ok,valid
train/ok_front/cast_ok_0_5325.jpeg,ok,valid
train/ok_front/cast_ok_0_5332.jpeg,ok,valid
train/ok_front/cast_ok_0_5346.jpeg,ok,valid
train/ok_front/cast_ok_0_539.jpeg,ok,valid
train/ok_front/cast_ok_0_5466.jpeg,ok,valid
train/ok_front/cast_ok_0_5481.jpeg,ok,valid
train/ok_front/cast_ok_0_5495.jpeg,ok,valid
train/ok_front/cast_ok_0_5500.jpeg,ok,valid
train/ok_front/cast_ok_0_5501.jpeg,ok,valid
train/ok_front/cast_ok_0_5519.jpeg,ok,valid
train/ok_front/cast_ok_0_5533.jpeg,ok,valid
train/ok_front/cast_ok_0_5536.jpeg,ok,valid
train/ok_front/cast_ok_0_5551.jpeg,ok,valid
train/ok_front/cast_ok_0_5556.jpeg,ok,valid
train/ok_front/cast_ok_0_5575.jpeg,ok,valid
train/ok_front/cast_ok_0_5587.jpeg,ok,valid
train/ok_front/cast_ok_0_5609.jpeg,ok,valid
train/ok_front/cast_ok_0_5641.jpeg,ok,valid
train/ok_front/cast_ok_0_5696.jpeg,ok,valid
train/ok_front/cast_ok_0_57.jpeg,ok,valid
train/ok_front/cast_ok_0_5728.jpeg,ok,valid
train/ok_front/cast_ok_0_574.jpeg,ok,valid
train/ok_front/cast_ok_0_5790.jpeg,ok,valid
train/ok_front/cast_ok_0_5818.jpeg,ok,valid
train/ok_front/cast_ok_0_5832.jpeg,ok,valid
train/ok_front/cast_ok_0_5851.jpeg,ok,valid
train/ok_front/cast_ok_0_5857.jpeg,ok,valid
train/ok_front/cast_ok_0_5877.jpeg,ok,valid
train/ok_front/cast_ok_0_5889.jpeg,ok,valid
train/ok_front/cast_ok_0_590.jpeg,ok,valid
train/ok_front/cast_ok_0_5921.jpeg,ok,valid
train/ok_front/cast_ok_0_5923.jpeg,ok,valid
train/ok_front/cast_ok_0_5944.jpeg,ok,valid
train/ok_front/cast_ok_0_5945.jpeg,ok,valid
train/ok_front/cast_ok_0_6015.jpeg,ok,valid
train/ok_front/cast_ok_0_6026.jpeg,ok,valid
train/ok_front/cast_ok_0_6041.jpeg,ok,valid
train/ok_front/cast_ok_0_6045.jpeg,ok,valid
train/ok_front/cast_ok_0_6050.jpeg,ok,valid
train/ok_front/cast_ok_0_6063.jpeg,ok,valid
train/ok_front/cast_ok_0_6073.jpeg,ok,valid
train/ok_front/cast_ok_0_6110.jpeg,ok,valid
train/ok_front/cast_ok_0_6127.jpeg,ok,valid
train/ok_front/cast_ok_0_6183.jpeg,ok,valid
train/ok_front/cast_ok_0_6205.jpeg,ok,valid
train/ok_front/cast_ok_0_6207.jpeg,ok,valid
train/ok_front/cast_ok_0_6234.jpeg,ok,valid
train/ok_front/cast_ok_0_6259.jpeg,ok,valid
train/ok_front/cast_ok_0_6265.jpeg,ok,valid
train/ok_front/cast_ok_0_6298.jpeg,ok,valid
train/ok_front/cast_ok_0_6303.jpeg,ok,valid
train/ok_front/cast_ok_0_6310.jpeg,ok,valid
train/ok_front/cast_ok_0_6319.jpeg,ok,valid
train/ok_front/cast_ok_0_6324.jpeg,ok,valid
train/ok_front/cast_ok_0_6331.jpeg,ok,valid
train/ok_front/cast_ok_0_6339.jpeg,ok,valid
train/ok_front/cast_ok_0_6366.jpeg,ok,valid
train/ok_front/cast_ok_0_6368.jpeg,ok,valid
train/ok_front/cast_ok_0_6372.jpeg,ok,valid
train/ok_front/cast_ok_0_6374.jpeg,ok,valid
train/ok_front/cast_ok_0_6406.jpeg,ok,valid
train/ok_front/cast_ok_0_6418.jpeg,ok,valid
train/ok_front/cast_ok_0_6451.jpeg,ok,valid
train/ok_front/cast_ok_0_6472.jpeg,ok,valid
train/ok_front/cast_ok_0_6488.jpeg,ok,valid
train/ok_front/cast_ok_0_6526.jpeg,ok,valid
train/ok_front/cast_ok_0_6550.jpeg,ok,valid
train/ok_front/cast_ok_0_656.jpeg,ok,valid
train/ok_front/cast_ok_0_6622.jpeg,ok,valid
train/ok_front/cast_ok_0_6645.jpeg,ok,valid
train/ok_front/cast_ok_0_6683.jpeg,ok,valid
train/ok_front/cast_ok_0_6699.jpeg,ok,valid
train/ok_front/cast_ok_0_6742.jpeg,ok,valid
train/ok_front/cast_ok_0_6749.jpeg,ok,valid
train/ok_front/cast_ok_0_6752.jpeg,ok,valid
train/ok_front/cast_ok_0_6770.jpeg,ok,valid
train/ok_front/cast_ok_0_6842.jpeg,ok,valid
train/ok_front/cast_ok_0_6870.jpeg,ok,valid
train/ok_front/cast_ok_0_6883.jpeg,ok,valid
train/ok_front/cast_ok_0_6973.jpeg,ok,valid
train/ok_front/cast_ok_0_7002.jpeg,ok,valid
train/ok_front/cast_ok_0_701.jpeg,ok,valid
train/ok_front/cast_ok_0_7058.jpeg,ok,valid
train/ok_front/cast_ok_0_71.jpeg,ok,valid
train/ok_front/cast_ok_0_7100.jpeg,ok,valid
train/ok_front/cast_ok_0_7107.jpeg,ok,valid
train/ok_front/cast_ok_0_7129.jpeg,ok,valid
train/ok_front/cast_ok_0_7192.jpeg,ok,valid
train/ok_front/cast_ok_0_7224.jpeg,ok,valid
train/ok_front/cast_ok_0_7233.jpeg,ok,valid
train/ok_front/cast_ok_0_7234.jpeg,ok,valid
train/ok_front/cast_ok_0_7241.jpeg,ok,valid
train/ok_front/cast_ok_0_7256.jpeg,ok,valid
train/ok_front/cast_ok_0_7257.jpeg,ok,valid
train/ok_front/cast_ok_0_7266.jpeg,ok,valid
train/ok_front/cast_ok_0_7285.jpeg,ok,valid
train/ok_front/cast_ok_0_7293.jpeg,ok,valid
train/ok_front/cast_ok_0_7299.jpeg,ok,valid
train/ok_front/cast_ok_0_7312.jpeg,ok,valid
train/ok_front/cast_ok_0_7318.jpeg,ok,valid
train/ok_front/cast_ok_0_7342.jpeg,ok,valid
train/ok_front/cast_ok_0_7411.jpeg,ok,valid
train/ok_front/cast_ok_0_7417.jpeg,ok,valid
train/ok_front/cast_ok_0_7424.jpeg,ok,valid
train/ok_front/cast_ok_0_7458.jpeg,ok,valid
train/ok_front/cast_ok_0_7465.jpeg,ok,valid
train/ok_front/cast_ok_0_7487.jpeg,ok,valid
train/ok_front/cast_ok_0_749.jpeg,ok,valid
train/ok_front/cast_ok_0_75.jpeg,ok,valid
train/ok_front/cast_ok_0_752.jpeg,ok,valid
train/ok_front/cast_ok_0_7529.jpeg,ok,valid
train/ok_front/cast_ok_0_7574.jpeg,ok,valid
train/ok_front/cast_ok_0_7583.jpeg,ok,valid
train/ok_front/cast_ok_0_7589.jpeg,ok,valid
train/ok_front/cast_ok_0_7594.jpeg,ok,valid
train/ok_front/cast_ok_0_761.jpeg,ok,valid
train/ok_front/cast_ok_0_7613.jpeg,ok,valid
train/ok_front/cast_ok_0_7636.jpeg,ok,valid
train/ok_front/cast_ok_0_7664.jpeg,ok,valid
train/ok_front/cast_ok_0_7677.jpeg,ok,valid
train/ok_front/cast_ok_0_7683.jpeg,ok,valid
train/ok_front/cast_ok_0_7695.jpeg,ok,valid
train/ok_front/cast_ok_0_772.jpeg,ok,valid
train/ok_front/cast_ok_0_7753.jpeg,ok,valid
train/ok_front/cast_ok_0_7754.jpeg,ok,valid
train/ok_front/cast_ok_0_7790.jpeg,ok,valid
train/ok_front/cast_ok_0_7819.jpeg,ok,valid
train/ok_front/cast_ok_0_7857.jpeg,ok,valid
train/ok_front/cast_ok_0_7870.jpeg,ok,valid
train/ok_front/cast_ok_0_7890.jpeg,ok,valid
train/ok_front/cast_ok_0_7919.jpeg,ok,valid
train/ok_front/cast_ok_0_7938.jpeg,ok,valid
train/ok_front/cast_ok_0_7978.jpeg,ok,valid
train/ok_front/cast_ok_0_802.jpeg,ok,valid
train/ok_front/cast_ok_0_8031.jpeg,ok,valid
train/ok_front/cast_ok_0_810.jpeg,ok,valid
train/ok_front/cast_ok_0_811.jpeg,ok,valid
train/ok_front/cast_ok_0_8118.jpeg,ok,valid
train/ok_front/cast_ok_0_8148.jpeg,ok,valid
train/ok_front/cast_ok_0_8175.jpeg,ok,valid
train/ok_front/cast_ok_0_8179.jpeg,ok,valid
train/ok_front/cast_ok_0_8221.jpeg,ok,valid
train/ok_front/cast_ok_0_8227.jpeg,ok,valid
train/ok_front/cast_ok_0_8260.jpeg,ok,valid
train/ok_front/cast_ok_0_8316.jpeg,ok,valid
train/ok_front/cast_ok_0_8317.jpeg,ok,valid
train/ok_front/cast_ok_0_8366.jpeg,ok,valid
train/ok_front/cast_ok_0_8420.jpeg,ok,valid
train/ok_front/cast_ok_0_8460.jpeg,ok,valid
train/ok_front/cast_ok_0_8503.jpeg,ok,valid
train/ok_front/cast_ok_0_8536.jpeg,ok,valid
train/ok_front/cast_ok_0_854.jpeg,ok,valid
train/ok_front/cast_ok_0_8546.jpeg,ok,valid
train/ok_front/cast_ok_0_855.jpeg,ok,valid
train/ok_front/cast_ok_0_8562.jpeg,ok,valid
train/ok_front/cast_ok_0_8582.jpeg,ok,valid
train/ok_front/cast_ok_0_8593.jpeg,ok,valid
train/ok_front/cast_ok_0_8606.jpeg,ok,valid
train/ok_front/cast_ok_0_8610.jpeg,ok,valid
train/ok_front/cast_ok_0_8643.jpeg,ok,valid
train/ok_front/cast_ok_0_8650.jpeg,ok,valid
train/ok_front/cast_ok_0_8690.jpeg,ok,valid
train/ok_front/cast_ok_0_8693.jpeg,ok,valid
train/ok_front/cast_ok_0_8695.jpeg,ok,valid
train/ok_front/cast_ok_0_8744.jpeg,ok,valid
train/ok_front/cast_ok_0_8796.jpeg,ok,valid
train/ok_front/cast_ok_0_8810.jpeg,ok,valid
train/ok_front/cast_ok_0_8821.jpeg,ok,valid
train/ok_front/cast_ok_0_8857.jpeg,ok,valid
train/ok_front/cast_ok_0_8918.jpeg,ok,valid
train/ok_front/cast_ok_0_8935.jpeg,ok,valid
train/ok_front/cast_ok_0_8967.jpeg,ok,valid
train/ok_front/cast_ok_0_8995.jpeg,ok,valid
train/ok_front/cast_ok_0_9.jpeg,ok,valid
train/ok_front/cast_ok_0_9051.jpeg,ok,valid
train/ok_front/cast_ok_0_9054.jpeg,ok,valid
train/ok_front/cast_ok_0_9055.jpeg,ok,valid
train/ok_front/cast_ok_0_9078.jpeg,ok,valid
train/ok_front/cast_ok_0_9098.jpeg,ok,valid
train/ok_front/cast_ok_0_9110.jpeg,ok,valid
train/ok_front/cast_ok_0_9120.jpeg,ok,valid
train/ok_front/cast_ok_0_9127.jpeg,ok,valid
train/ok_front/cast_ok_0_9133.jpeg,ok,valid
train/ok_front/cast_ok_0_9181.jpeg,ok,valid
train/ok_front/cast_ok_0_9229.jpeg,ok,valid
train/ok_front/cast_ok_0_9289.jpeg,ok,valid
train/ok_front/cast_ok_0_9298.jpeg,ok,valid
train/ok_front/cast_ok_0_9303.jpeg,ok,valid
train/ok_front/cast_ok_0_9323.jpeg,ok,valid
train/ok_front/cast_ok_0_9328.jpeg,ok,valid
train/ok_front/cast_ok_0_9335.jpeg,ok,valid
train/ok_front/cast_ok_0_9340.jpeg,ok,valid
train/ok_front/cast_ok_0_942.jpeg,ok,valid
train/ok_front/cast_ok_0_9426.jpeg,ok,valid
train/ok_front/cast_ok_0_9428.jpeg,ok,valid
train/ok_front/cast_ok_0_9466.jpeg,ok,valid
train/ok_front/cast_ok_0_9496.jpeg,ok,valid
train/ok_front/cast_ok_0_9499.jpeg,ok,valid
train/ok_front/cast_ok_0_9502.jpeg,ok,valid
train/ok_front/cast_ok_0_9504.jpeg,ok,valid
train/ok_front/cast_ok_0_9527.jpeg,ok,valid
train/ok_front/cast_ok_0_9552.jpeg,ok,valid
train/ok_front/cast_ok_0_9600.jpeg,ok,valid
train/ok_front/cast_ok_0_9655.jpeg,ok,valid
train/ok_front/cast_ok_0_9692.jpeg,ok,valid
train/ok_front/cast_ok_0_970.jpeg,ok,valid
train/ok_front/cast_ok_0_9713.jpeg,ok,valid
train/ok_front/cast_ok_0_9718.jpeg,ok,valid
train/ok_front/cast_ok_0_9739.jpeg,ok,valid
train/ok_front/cast_ok_0_9750.jpeg,ok,valid
train/ok_front/cast_ok_0_9760.jpeg,ok,valid
train/ok_front/cast_ok_0_9767.jpeg,ok,valid
train/ok_front/cast_ok_0_9772.jpeg,ok,valid
train/ok_front/cast_ok_0_9829.jpeg,ok,valid
train/ok_front/cast_ok_0_9831.jpeg,ok,valid
train/ok_front/cast_ok_0_9835.jpeg,ok,valid
train/ok_front/cast_ok_0_9854.jpeg,ok,valid
train/ok_front/cast_ok_0_9856.jpeg,ok,valid
train/ok_front/cast_ok_0_9886.jpeg,ok,valid
train/ok_front/cast_ok_0_9913.jpeg,ok,valid
train/ok_front/cast_ok_0_9973.jpeg,ok,valid
test/def_front/cast_def_0_1059.jpeg,defect,test
test/def_front/cast_def_0_1063.jpeg,defect,test
test/def_front/cast_def_0_108.jpeg,defect,test
test/def_front/cast_def_0_1096.jpeg,defect,test
test/def_front/cast_def_0_112.jpeg,defect,test
test/def_front/cast_def_0_1134.jpeg,defect,test
test/def_front/cast_def_0_1136.jpeg,defect,test
test/def_front/cast_def_0_1137.jpeg,defect,test
test/def_front/cast_def_0_1153.jpeg,defect,test
test/def_front/cast_def_0_1171.jpeg,defect,test
test/def_front/cast_def_0_1172.jpeg,defect,test
test/def_front/cast_def_0_1174.jpeg,defect,test
test/def_front/cast_def_0_118.jpeg,defect,test
test/def_front/cast_def_0_1186.jpeg,defect,test
test/def_front/cast_def_0_1189.jpeg,defect,test
test/def_front/cast_def_0_1191.jpeg,defect,test
test/def_front/cast_def_0_1203.jpeg,defect,test
test/def_front/cast_def_0_1211.jpeg,defect,test
test/def_front/cast_def_0_1215.jpeg,defect,test
test/def_front/cast_def_0_1231.jpeg,defect,test
test/def_front/cast_def_0_1233.jpeg,defect,test
test/def_front/cast_def_0_1238.jpeg,defect,test
test/def_front/cast_def_0_1239.jpeg,defect,test
test/def_front/cast_def_0_1258.jpeg,defect,test
test/def_front/cast_def_0_1260.jpeg,defect,test
test/def_front/cast_def_0_1264.jpeg,defect,test
test/def_front/cast_def_0_1269.jpeg,defect,test
test/def_front/cast_def_0_1291.jpeg,defect,test
test/def_front/cast_def_0_1292.jpeg,defect,test
test/def_front/cast_def_0_1294.jpeg,defect,test
test/def_front/cast_def_0_1298.jpeg,defect,test
test/def_front/cast_def_0_1320.jpeg,defect,test
test/def_front/cast_def_0_1323.jpeg,defect,test
test/def_front/cast_def_0_1324.jpeg,defect,test
test/def_front/cast_def_0_1351.jpeg,defect,test
test/def_front/cast_def_0_1352.jpeg,defect,test
test/def_front/cast_def_0_1358.jpeg,defect,test
test/def_front/cast_def_0_1359.jpeg,defect,test
test/def_front/cast_def_0_1376.jpeg,defect,test
test/def_front/cast_def_0_1379.jpeg,defect,test
test/def_front/cast_def_0_138.jpeg,defect,test
test/def_front/cast_def_0_1381.jpeg,defect,test
test/def_front/cast_def_0_1388.jpeg,defect,test
test/def_front/cast_def_0_1392.jpeg,defect,test
test/def_front/cast_def_0_1394.jpeg,defect,test
test/def_front/cast_def_0_1397.jpeg,defect,test
test/def_front/cast_def_0_1399.jpeg,defect,test
test/def_front/cast_def_0_1400.jpeg,defect,test
test/def_front/cast_def_0_1411.jpeg,defect,test
test/def_front/cast_def_0_1412.jpeg,defect,test
test/def_front/cast_def_0_1413.jpeg,defect,test
test/def_front/cast_def_0_1414.jpeg,defect,test
test/def_front/cast_def_0_1418.jpeg,defect,test
test/def_front/cast_def_0_1421.jpeg,defect,test
test/def_front/cast_def_0_1422.jpeg,defect,test
test/def_front/cast_def_0_1424.jpeg,defect,test
test/def_front/cast_def_0_1425.jpeg,defect,test
test/def_front/cast_def_0_143.jpeg,defect,test
test/def_front/cast_def_0_144.jpeg,defect,test
test/def_front/cast_def_0_1443.jpeg,defect,test
test/def_front/cast_def_0_1447.jpeg,defect,test
test/def_front/cast_def_0_1453.jpeg,defect,test
test/def_front/cast_def_0_1462.jpeg,defect,test
test/def_front/cast_def_0_1466.jpeg,defect,test
test/def_front/cast_def_0_1467.jpeg,defect,test
test/def_front/cast_def_0_147.jpeg,defect,test
test/def_front/cast_def_0_1471.jpeg,defect,test
test/def_front/cast_def_0_1474.jpeg,defect,test
test/def_front/cast_def_0_1476.jpeg,defect,test
test/def_front/cast_def_0_1477.jpeg,defect,test
test/def_front/cast_def_0_148.jpeg,defect,test
test/def_front/cast_def_0_1480.jpeg,defect,test
test/def_front/cast_def_0_1486.jpeg,defect,test
test/def_front/cast_def_0_1488.jpeg,defect,test
test/def_front/cast_def_0_149.jpeg,defect,test
test/def_front/cast_def_0_1492.jpeg,defect,test
test/def_front/cast_def_0_1493.jpeg,defect,test
test/def_front/cast_def_0_1497.jpeg,defect,test
test/def_front/cast_def_0_1499.jpeg,defect,test
test/def_front/cast_def_0_15.jpeg,defect,test
test/def_front/cast_def_0_150.jpeg,defect,test
test/def_front/cast_def_0_1500.jpeg,defect,test
test/def_front/cast_def_0_1505.jpeg,defect,test
test/def_front/cast_def_0_1506.jpeg,defect,test
test/def_front/cast_def_0_1507.jpeg,defect,test
test/def_front/cast_def_0_1509.jpeg,defect,test
test/def_front/cast_def_0_151.jpeg,defect,test
test/def_front/cast_def_0_1510.jpeg,defect,test
test/def_front/cast_def_0_1511.jpeg,defect,test
test/def_front/cast_def_0_1517.jpeg,defect,test
test/def_front/cast_def_0_1518.jpeg,defect,test
test/def_front/cast_def_0_1519.jpeg,defect,test
test/def_front/cast_def_0_1528.jpeg,defect,test
test/def_front/cast_def_0_1529.jpeg,defect,test
test/def_front/cast_def_0_1535.jpeg,defect,test
test/def_front/cast_def_0_1536.jpeg,defect,test
test/def_front/cast_def_0_1539.jpeg,defect,test
test/def_front/cast_def_0_154.jpeg,defect,test
test/def_front/cast_def_0_1544.jpeg,defect,test
test/def_front/cast_def_0_1546.jpeg,defect,test
test/def_front/cast_def_0_1547.jpeg,defect,test
test/def_front/cast_def_0_1553.jpeg,defect,test
test/def_front/cast_def_0_1555.jpeg,defect,test
test/def_front/cast_def_0_1556.jpeg,defect,test
test/def_front/cast_def_0_1560.jpeg,defect,test
test/def_front/cast_def_0_1565.jpeg,defect,test
test/def_front/cast_def_0_1567.jpeg,defect,test
test/def_front/cast_def_0_1568.jpeg,defect,test
test/def_front/cast_def_0_1569.jpeg,defect,test
test/def_front/cast_def_0_157.jpeg,defect,test
test/def_front/cast_def_0_1570.jpeg,defect,test
test/def_front/cast_def_0_1571.jpeg,defect,test
test/def_front/cast_def_0_1573.jpeg,defect,test
test/def_front/cast_def_0_1574.jpeg,defect,test
test/def_front/cast_def_0_1576.jpeg,defect,test
test/def_front/cast_def_0_158.jpeg,defect,test
test/def_front/cast_def_0_1583.jpeg,defect,test
test/def_front/cast_def_0_1585.jpeg,defect,test
test/def_front/cast_def_0_1586.jpeg,defect,test
test/def_front/cast_def_0_1589.jpeg,defect,test
test/def_front/cast_def_0_159.jpeg,defect,test
test/def_front/cast_def_0_1590.jpeg,defect,test
test/def_front/cast_def_0_1591.jpeg,defect,test
test/def_front/cast_def_0_1593.jpeg,defect,test
test/def_front/cast_def_0_1594.jpeg,defect,test
test/def_front/cast_def_0_1596.jpeg,defect,test
test/def_front/cast_def_0_1599.jpeg,defect,test
test/def_front/cast_def_0_160.jpeg,defect,test
test/def_front/cast_def_0_1603.jpeg,defect,test
test/def_front/cast_def_0_1607.jpeg,defect,test
test/def_front/cast_def_0_1608.jpeg,defect,test
test/def_front/cast_def_0_161.jpeg,defect,test
test/def_front/cast_def_0_1612.jpeg,defect,test
test/def_front/cast_def_0_1613.jpeg,defect,test
test/def_front/cast_def_0_1614.jpeg,defect,test
test/def_front/cast_def_0_1617.jpeg,defect,test
test/def_front/cast_def_0_1618.jpeg,defect,test
test/def_front/cast_def_0_162.jpeg,defect,test
test/def_front/cast_def_0_1620.jpeg,defect,test
test/def_front/cast_def_0_1625.jpeg,defect,test
test/def_front/cast_def_0_1628.jpeg,defect,test
test/def_front/cast_def_0_1629.jpeg,defect,test
test/def_front/cast_def_0_1633.jpeg,defect,test
test/def_front/cast_def_0_1634.jpeg,defect,test
test/def_front/cast_def_0_1635.jpeg,defect,test
test/def_front/cast_def_0_1636.jpeg,defect,test
test/def_front/cast_def_0_1637.jpeg,defect,test
test/def_front/cast_def_0_1638.jpeg,defect,test
test/def_front/cast_def_0_1639.jpeg,defect,test
test/def_front/cast_def_0_164.jpeg,defect,test
test/def_front/cast_def_0_1640.jpeg,defect,test
test/def_front/cast_def_0_1642.jpeg,defect,test
test/def_front/cast_def_0_1644.jpeg,defect,test
test/def_front/cast_def_0_1645.jpeg,defect,test
test/def_front/cast_def_0_1647.jpeg,defect,test
test/def_front/cast_def_0_1653.jpeg,defect,test
test/def_front/cast_def_0_1660.jpeg,defect,test
test/def_front/cast_def_0_1661.jpeg,defect,test
test/def_front/cast_def_0_1665.jpeg,defect,test
test/def_front/cast_def_0_1666.jpeg,defect,test
test/def_front/cast_def_0_1677.jpeg,defect,test
test/def_front/cast_def_0_1678.jpeg,defect,test
test/def_front/cast_def_0_1681.jpeg,defect,test
test/def_front/cast_def_0_1682.jpeg,defect,test
test/def_front/cast_def_0_1683.jpeg,defect,test
test/def_front/cast_def_0_1684.jpeg,defect,test
test/def_front/cast_def_0_1685.jpeg,defect,test
test/def_front/cast_def_0_1686.jpeg,defect,test
test/def_front/cast_def_0_1688.jpeg,defect,test
test/def_front/cast_def_0_174.jpeg,defect,test
test/def_front/cast_def_0_175.jpeg,defect,test
test/def_front/cast_def_0_176.jpeg,defect,test
test/def_front/cast_def_0_181.jpeg,defect,test
test/def_front/cast_def_0_182.jpeg,defect,test
test/def_front/cast_def_0_184.jpeg,defect,test
test/def_front/cast_def_0_186.jpeg,defect,test
test/def_front/cast_def_0_1895.jpeg,defect,test
test/def_front/cast_def_0_190.jpeg,defect,test
test/def_front/cast_def_0_1903.jpeg,defect,test
test/def_front/cast_def_0_193.jpeg,defect,test
test/def_front/cast_def_0_1935.jpeg,defect,test
test/def_front/cast_def_0_197.jpeg,defect,test
test/def_front/cast_def_0_2053.jpeg,defect,test
test/def_front/cast_def_0_2084.jpeg,defect,test
test/def_front/cast_def_0_2100.jpeg,defect,test
test/def_front/cast_def_0_2102.jpeg,defect,test
test/def_front/cast_def_0_2104.jpeg,defect,test
test/def_front/cast_def_0_2126.jpeg,defect,test
test/def_front/cast_def_0_2135.jpeg,defect,test
test/def_front/cast_def_0_2136.jpeg,defect,test
test/def_front/cast_def_0_2137.jpeg,defect,test
test/def_front/cast_def_0_2154.jpeg,defect,test
test/def_front/cast_def_0_2155.jpeg,defect,test
test/def_front/cast_def_0_2156.jpeg,defect,test
test/def_front/cast_def_0_216.jpeg,defect,test
test/def_front/cast_def_0_2176.jpeg,defect,test
test/def_front/cast_def_0_2177.jpeg,defect,test
test/def_front/cast_def_0_2179.jpeg,defect,test
test/def_front/cast_def_0_218.jpeg,defect,test
test/def_front/cast_def_0_220.jpeg,defect,test
test/def_front/cast_def_0_221.jpeg,defect,test
test/def_front/cast_def_0_2211.jpeg,defect,test
test/def_front/cast_def_0_2212.jpeg,defect,test
test/def_front/cast_def_0_2215.jpeg,defect,test
test/def_front/cast_def_0_224.jpeg,defect,test
test/def_front/cast_def_0_2241.jpeg,defect,test
test/def_front/cast_def_0_2244.jpeg,defect,test
test/def_front/cast_def_0_2247.jpeg,defect,test
test/def_front/cast_def_0_2273.jpeg,defect,test
test/def_front/cast_def_0_2274.jpeg,defect,test
test/def_front/cast_def_0_2276.jpeg,defect,test
test/def_front/cast_def_0_228.jpeg,defect,test
test/def_front/cast_def_0_2299.jpeg,defect,test
test/def_front/cast_def_0_230.jpeg,defect,test
test/def_front/cast_def_0_2305.jpeg,defect,test
test/def_front/cast_def_0_2308.jpeg,defect,test
test/def_front/cast_def_0_2309.jpeg,defect,test
test/def_front/cast_def_0_231.jpeg,defect,test
test/def_front/cast_def_0_2319.jpeg,defect,test
test/def_front/cast_def_0_2324.jpeg,defect,test
test/def_front/cast_def_0_2339.jpeg,defect,test
test/def_front/cast_def_0_2341.jpeg,defect,test
test/def_front/cast_def_0_2342.jpeg,defect,test
test/def_front/cast_def_0_235.jpeg,defect,test
test/def_front/cast_def_0_236.jpeg,defect,test
test/def_front/cast_def_0_2372.jpeg,defect,test
test/def_front/cast_def_0_2375.jpeg,defect,test
test/def_front/cast_def_0_2376.jpeg,defect,test
test/def_front/cast_def_0_2392.jpeg,defect,test
test/def_front/cast_def_0_2393.jpeg,defect,test
test/def_front/cast_def_0_2396.jpeg,defect,test
test/def_front/cast_def_0_242.jpeg,defect,test
test/def_front/cast_def_0_2420.jpeg,defect,test
test/def_front/cast_def_0_2421.jpeg,defect,test
test/def_front/cast_def_0_2422.jpeg,defect,test
test/def_front/cast_def_0_2442.jpeg,defect,test
test/def_front/cast_def_0_2451.jpeg,defect,test
test/def_front/cast_def_0_2453.jpeg,defect,test
test/def_front/cast_def_0_246.jpeg,defect,test
test/def_front/cast_def_0_247.jpeg,defect,test
test/def_front/cast_def_0_2479.jpeg,defect,test
test/def_front/cast_def_0_2480.jpeg,defect,test
test/def_front/cast_def_0_2483.jpeg,defect,test
test/def_front/cast_def_0_2486.jpeg,defect,test
test/def_front/cast_def_0_2487.jpeg,defect,test
test/def_front/cast_def_0_249.jpeg,defect,test
test/def_front/cast_def_0_2509.jpeg,defect,test
test/def_front/cast_def_0_2510.jpeg,defect,test
test/def_front/cast_def_0_2514.jpeg,defect,test
test/def_front/cast_def_0_2515.jpeg,defect,test
test/def_front/cast_def_0_2516.jpeg,defect,test
test/def_front/cast_def_0_2526.jpeg,defect,test
test/def_front/cast_def_0_2528.jpeg,defect,test
test/def_front/cast_def_0_2551.jpeg,defect,test
test/def_front/cast_def_0_2553.jpeg,defect,test
test/def_front/cast_def_0_257.jpeg,defect,test
test/def_front/cast_def_0_259.jpeg,defect,test
test/def_front/cast_def_0_26.jpeg,defect,test
test/def_front/cast_def_0_260.jpeg,defect,test
test/def_front/cast_def_0_275.jpeg,defect,test
test/def_front/cast_def_0_28.jpeg,defect,test
test/def_front/cast_def_0_280.jpeg,defect,test
test/def_front/cast_def_0_283.jpeg,defect,test
test/def_front/cast_def_0_290.jpeg,defect,test
test/def_front/cast_def_0_291.jpeg,defect,test
test/def_front/cast_def_0_299.jpeg,defect,test
test/def_front/cast_def_0_302.jpeg,defect,test
test/def_front/cast_def_0_303.jpeg,defect,test
test/def_front/cast_def_0_3105.jpeg,defect,test
test/def_front/cast_def_0_3106.jpeg,defect,test
test/def_front/cast_def_0_3108.jpeg,defect,test
test/def_front/cast_def_0_3121.jpeg,defect,test
test/def_front/cast_def_0_3122.jpeg,defect,test
test/def_front/cast_def_0_3123.jpeg,defect,test
test/def_front/cast_def_0_3387.jpeg,defect,test
test/def_front/cast_def_0_3388.jpeg,defect,test
test/def_front/cast_def_0_340.jpeg,defect,test
test/def_front/cast_def_0_3412.jpeg,defect,test
test/def_front/cast_def_0_3416.jpeg,defect,test
test/def_front/cast_def_0_3438.jpeg,defect,test
test/def_front/cast_def_0_3446.jpeg,defect,test
test/def_front/cast_def_0_3473.jpeg,defect,test
test/def_front/cast_def_0_3500.jpeg,defect,test
test/def_front/cast_def_0_3503.jpeg,defect,test
test/def_front/cast_def_0_363.jpeg,defect,test
test/def_front/cast_def_0_367.jpeg,defect,test
test/def_front/cast_def_0_40.jpeg,defect,test
test/def_front/cast_def_0_411.jpeg,defect,test
test/def_front/cast_def_0_4133.jpeg,defect,test
test/def_front/cast_def_0_4134.jpeg,defect,test
test/def_front/cast_def_0_4137.jpeg,defect,test
test/def_front/cast_def_0_4156.jpeg,defect,test
test/def_front/cast_def_0_4160.jpeg,defect,test
test/def_front/cast_def_0_4164.jpeg,defect,test
test/def_front/cast_def_0_4175.jpeg,defect,test
test/def_front/cast_def_0_4186.jpeg,defect,test
test/def_front/cast_def_0_4198.jpeg,defect,test
test/def_front/cast_def_0_432.jpeg,defect,test
test/def_front/cast_def_0_434.jpeg,defect,test
test/def_front/cast_def_0_436.jpeg,defect,test
test/def_front/cast_def_0_437.jpeg,defect,test
test/def_front/cast_def_0_439.jpeg,defect,test
test/def_front/cast_def_0_441.jpeg,defect,test
test/def_front/cast_def_0_442.jpeg,defect,test
test/def_front/cast_def_0_450.jpeg,defect,test
test/def_front/cast_def_0_455.jpeg,defect,test
test/def_front/cast_def_0_456.jpeg,defect,test
test/def_front/cast_def_0_457.jpeg,defect,test
test/def_front/cast_def_0_459.jpeg,defect,test
test/def_front/cast_def_0_460.jpeg,defect,test
test/def_front/cast_def_0_461.jpeg,defect,test
test/def_front/cast_def_0_462.jpeg,defect,test
test/def_front/cast_def_0_468.jpeg,defect,test
test/def_front/cast_def_0_480.jpeg,defect,test
test/def_front/cast_def_0_483.jpeg,defect,test
test/def_front/cast_def_0_485.jpeg,defect,test
test/def_front/cast_def_0_486.jpeg,defect,test
test/def_front/cast_def_0_49.jpeg,defect,test
test/def_front/cast_def_0_490.jpeg,defect,test
test/def_front/cast_def_0_491.jpeg,defect,test
test/def_front/cast_def_0_495.jpeg,defect,test
test/def_front/cast_def_0_496.jpeg,defect,test
test/def_front/cast_def_0_499.jpeg,defect,test
test/def_front/cast_def_0_500.jpeg,defect,test
test/def_front/cast_def_0_501.jpeg,defect,test
test/def_front/cast_def_0_504.jpeg,defect,test
test/def_front/cast_def_0_505.jpeg,defect,test
test/def_front/cast_def_0_506.jpeg,defect,test
test/def_front/cast_def_0_507.jpeg,defect,test
test/def_front/cast_def_0_514.jpeg,defect,test
test/def_front/cast_def_0_515.jpeg,defect,test
test/def_front/cast_def_0_519.jpeg,defect,test
test/def_front/cast_def_0_520.jpeg,defect,test
test/def_front/cast_def_0_5251.jpeg,defect,test
test/def_front/cast_def_0_5289.jpeg,defect,test
test/def_front/cast_def_0_5297.jpeg,defect,test
test/def_front/cast_def_0_5302.jpeg,defect,test
test/def_front/cast_def_0_531.jpeg,defect,test
test/def_front/cast_def_0_532.jpeg,defect,test
test/def_front/cast_def_0_534.jpeg,defect,test
test/def_front/cast_def_0_535.jpeg,defect,test
test/def_front/cast_def_0_536.jpeg,defect,test
test/def_front/cast_def_0_537.jpeg,defect,test
test/def_front/cast_def_0_538.jpeg,defect,test
test/def_front/cast_def_0_549.jpeg,defect,test
test/def_front/cast_def_0_551.jpeg,defect,test
test/def_front/cast_def_0_552.jpeg,defect,test
test/def_front/cast_def_0_555.jpeg,defect,test
test/def_front/cast_def_0_558.jpeg,defect,test
test/def_front/cast_def_0_560.jpeg,defect,test
test/def_front/cast_def_0_564.jpeg,defect,test
test/def_front/cast_def_0_586.jpeg,defect,test
test/def_front/cast_def_0_588.jpeg,defect,test
test/def_front/cast_def_0_589.jpeg,defect,test
test/def_front/cast_def_0_590.jpeg,defect,test
test/def_front/cast_def_0_591.jpeg,defect,test
test/def_front/cast_def_0_592.jpeg,defect,test
test/def_front/cast_def_0_594.jpeg,defect,test
test/def_front/cast_def_0_61.jpeg,defect,test
test/def_front/cast_def_0_616.jpeg,defect,test
test/def_front/cast_def_0_617.jpeg,defect,test
test/def_front/cast_def_0_618.jpeg,defect,test
test/def_front/cast_def_0_619.jpeg,defect,test
test/def_front/cast_def_0_620.jpeg,defect,test
test/def_front/cast_def_0_621.jpeg,defect,test
test/def_front/cast_def_0_629.jpeg,defect,test
test/def_front/cast_def_0_641.jpeg,defect,test
test/def_front/cast_def_0_642.jpeg,defect,test
test/def_front/cast_def_0_643.jpeg,defect,test
test/def_front/cast_def_0_645.jpeg,defect,test
test/def_front/cast_def_0_646.jpeg,defect,test
test/def_front/cast_def_0_647.jpeg,defect,test
test/def_front/cast_def_0_648.jpeg,defect,test
test/def_front/cast_def_0_65.jpeg,defect,test
test/def_front/cast_def_0_656.jpeg,defect,test
test/def_front/cast_def_0_659.jpeg,defect,test
test/def_front/cast_def_0_661.jpeg,defect,test
test/def_front/cast_def_0_662.jpeg,defect,test
test/def_front/cast_def_0_663.jpeg,defect,test
test/def_front/cast_def_0_666.jpeg,defect,test
test/def_front/cast_def_0_669.jpeg,defect,test
test/def_front/cast_def_0_67.jpeg,defect,test
test/def_front/cast_def_0_7.jpeg,defect,test
test/def_front/cast_def_0_703.jpeg,defect,test
test/def_front/cast_def_0_708.jpeg,defect,test
test/def_front/cast_def_0_715.jpeg,defect,test
test/def_front/cast_def_0_717.jpeg,defect,test
test/def_front/cast_def_0_7241.jpeg,defect,test
test/def_front/cast_def_0_7271.jpeg,defect,test
test/def_front/cast_def_0_732.jpeg,defect,test
test/def_front/cast_def_0_7442.jpeg,defect,test
test/def_front/cast_def_0_7454.jpeg,defect,test
test/def_front/cast_def_0_7468.jpeg,defect,test
test/def_front/cast_def_0_7481.jpeg,defect,test
test/def_front/cast_def_0_7596.jpeg,defect,test
test/def_front/cast_def_0_7653.jpeg,defect,test
test/def_front/cast_def_0_7659.jpeg,defect,test
test/def_front/cast_def_0_811.jpeg,defect,test
test/def_front/cast_def_0_829.jpeg,defect,test
test/def_front/cast_def_0_831.jpeg,defect,test
test/def_front/cast_def_0_849.jpeg,defect,test
test/def_front/cast_def_0_85.jpeg,defect,test
test/def_front/cast_def_0_87.jpeg,defect,test
test/def_front/cast_def_0_88.jpeg,defect,test
test/def_front/cast_def_0_9270.jpeg,defect,test
test/def_front/cast_def_0_939.jpeg,defect,test
test/def_front/cast_def_0_9747.jpeg,defect,test
test/def_front/cast_def_0_9751.jpeg,defect,test
test/def_front/cast_def_0_9758.jpeg,defect,test
test/def_front/cast_def_0_983.jpeg,defect,test
test/def_front/cast_def_0_9921.jpeg,defect,test
test/def_front/cast_def_0_9925.jpeg,defect,test
test/def_front/cast_def_0_9927.jpeg,defect,test
test/def_front/cast_def_0_9960.jpeg,defect,test
test/def_front/cast_def_0_9969.jpeg,defect,test
test/def_front/cast_def_0_9991.jpeg,defect,test
test/def_front/new__0_1339.jpeg,defect,test
test/def_front/new__0_1353.jpeg,defect,test
test/def_front/new__0_1385.jpeg,defect,test
test/def_front/new__0_1664.jpeg,defect,test
test/def_front/new__0_1780.jpeg,defect,test
test/def_front/new__0_2055.jpeg,defect,test
test/def_front/new__0_2091.jpeg,defect,test
test/def_front/new__0_2306.jpeg,defect,test
test/def_front/new__0_2783.jpeg,defect,test
test/def_front/new__0_3255.jpeg,defect,test
test/def_front/new__0_3299.jpeg,defect,test
test/def_front/new__0_3476.jpeg,defect,test
test/def_front/new__0_3539.jpeg,defect,test
test/def_front/new__0_3645.jpeg,defect,test
test/def_front/new__0_3963.jpeg,defect,test
test/def_front/new__0_3973.jpeg,defect,test
test/def_front/new__0_4483.jpeg,defect,test
test/def_front/new__0_4505.jpeg,defect,test
test/def_front/new__0_4633.jpeg,defect,test
test/def_front/new__0_5164.jpeg,defect,test
test/def_front/new__0_5223.jpeg,defect,test
test/def_front/new__0_5231.jpeg,defect,test
test/def_front/new__0_6223.jpeg,defect,test
test/def_front/new__0_6287.jpeg,defect,test
test/def_front/new__0_6459.jpeg,defect,test
test/def_front/new__0_6647.jpeg,defect,test
test/def_front/new__0_6708.jpeg,defect,test
test/def_front/new__0_7229.jpeg,defect,test
test/def_front/new__0_7323.jpeg,defect,test
test/def_front/new__0_7515.jpeg,defect,test
test/def_front/new__0_8133.jpeg,defect,test
test/def_front/new__0_8159.jpeg,defect,test
test/def_front/new__0_8634.jpeg,defect,test
test/def_front/new__0_8737.jpeg,defect,test
test/def_front/new__0_9014.jpeg,defect,test
test/def_front/new__0_9248.jpeg,defect,test
test/def_front/new__0_9334.jpeg,defect,test
test/ok_front/cast_ok_0_10.jpeg,ok,test
test/ok_front/cast_ok_0_1141.jpeg,ok,test
test/ok_front/cast_ok_0_1145.jpeg,ok,test
test/ok_front/cast_ok_0_1170.jpeg,ok,test
test/ok_front/cast_ok_0_1174.jpeg,ok,test
test/ok_front/cast_ok_0_1315.jpeg,ok,test
test/ok_front/cast_ok_0_1316.jpeg,ok,test
test/ok_front/cast_ok_0_1318.jpeg,ok,test
test/ok_front/cast_ok_0_1323.jpeg,ok,test
test/ok_front/cast_ok_0_1326.jpeg,ok,test
test/ok_front/cast_ok_0_1328.jpeg,ok,test
test/ok_front/cast_ok_0_1331.jpeg,ok,test
test/ok_front/cast_ok_0_1333.jpeg,ok,test
test/ok_front/cast_ok_0_1334.jpeg,ok,test
test/ok_front/cast_ok_0_1343.jpeg,ok,test
test/ok_front/cast_ok_0_1347.jpeg,ok,test
test/ok_front/cast_ok_0_1351.jpeg,ok,test
test/ok_front/cast_ok_0_1368.jpeg,ok,test
test/ok_front/cast_ok_0_1376.jpeg,ok,test
test/ok_front/cast_ok_0_1381.jpeg,ok,test
test/ok_front/cast_ok_0_1382.jpeg,ok,test
test/ok_front/cast_ok_0_1384.jpeg,ok,test
test/ok_front/cast_ok_0_1385.jpeg,ok,test
test/ok_front/cast_ok_0_14.jpeg,ok,test
test/ok_front/cast_ok_0_1415.jpeg,ok,test
test/ok_front/cast_ok_0_1420.jpeg,ok,test
test/ok_front/cast_ok_0_1421.jpeg,ok,test
test/ok_front/cast_ok_0_1426.jpeg,ok,test
test/ok_front/cast_ok_0_1430.jpeg,ok,test
test/ok_front/cast_ok_0_1431.jpeg,ok,test
test/ok_front/cast_ok_0_1438.jpeg,ok,test
test/ok_front/cast_ok_0_16.jpeg,ok,test
test/ok_front/cast_ok_0_1865.jpeg,ok,test
test/ok_front/cast_ok_0_1891.jpeg,ok,test
test/ok_front/cast_ok_0_1925.jpeg,ok,test
test/ok_front/cast_ok_0_1958.jpeg,ok,test
test/ok_front/cast_ok_0_2012.jpeg,ok,test
test/ok_front/cast_ok_0_2272.jpeg,ok,test
test/ok_front/cast_ok_0_2273.jpeg,ok,test
test/ok_front/cast_ok_0_2286.jpeg,ok,test
test/ok_front/cast_ok_0_2291.jpeg,ok,test
test/ok_front/cast_ok_0_2303.jpeg,ok,test
test/ok_front/cast_ok_0_2311.jpeg,ok,test
test/ok_front/cast_ok_0_2330.jpeg,ok,test
test/ok_front/cast_ok_0_2340.jpeg,ok,test
test/ok_front/cast_ok_0_235.jpeg,ok,test
test/ok_front/cast_ok_0_238.jpeg,ok,test
test/ok_front/cast_ok_0_239.jpeg,ok,test
test/ok_front/cast_ok_0_246.jpeg,ok,test
test/ok_front/cast_ok_0_259.jpeg,ok,test
test/ok_front/cast_ok_0_268.jpeg,ok,test
test/ok_front/cast_ok_0_2686.jpeg,ok,test
test/ok_front/cast_ok_0_2687.jpeg,ok,test
test/ok_front/cast_ok_0_2694.jpeg,ok,test
test/ok_front/cast_ok_0_2698.jpeg,ok,test
test/ok_front/cast_ok_0_2699.jpeg,ok,test
test/ok_front/cast_ok_0_2700.jpeg,ok,test
test/ok_front/cast_ok_0_2707.jpeg,ok,test
test/ok_front/cast_ok_0_2708.jpeg,ok,test
test/ok_front/cast_ok_0_2722.jpeg,ok,test
test/ok_front/cast_ok_0_2724.jpeg,ok,test
test/ok_front/cast_ok_0_2726.jpeg,ok,test
test/ok_front/cast_ok_0_2727.jpeg,ok,test
test/ok_front/cast_ok_0_2729.jpeg,ok,test
test/ok_front/cast_ok_0_2730.jpeg,ok,test
test/ok_front/cast_ok_0_2732.jpeg,ok,test
test/ok_front/cast_ok_0_2737.jpeg,ok,test
test/ok_front/cast_ok_0_2752.jpeg,ok,test
test/ok_front/cast_ok_0_2754.jpeg,ok,test
test/ok_front/cast_ok_0_2755.jpeg,ok,test
test/ok_front/cast_ok_0_2758.jpeg,ok,test
test/ok_front/cast_ok_0_2761.jpeg,ok,test
test/ok_front/cast_ok_0_2765.jpeg,ok,test
test/ok_front/cast_ok_0_2768.jpeg,ok,test
test/ok_front/cast_ok_0_2769.jpeg,ok,test
test/ok_front/cast_ok_0_2784.jpeg,ok,test
test/ok_front/cast_ok_0_2786.jpeg,ok,test
test/ok_front/cast_ok_0_2798.jpeg,ok,test
test/ok_front/cast_ok_0_2801.jpeg,ok,test
test/ok_front/cast_ok_0_2803.jpeg,ok,test
test/ok_front/cast_ok_0_2805.jpeg,ok,test
test/ok_front/cast_ok_0_2807.jpeg,ok,test
test/ok_front/cast_ok_0_2810.jpeg,ok,test
test/ok_front/cast_ok_0_2829.jpeg,ok,test
test/ok_front/cast_ok_0_2831.jpeg,ok,test
test/ok_front/cast_ok_0_2833.jpeg,ok,test
test/ok_front/cast_ok_0_2840.jpeg,ok,test
test/ok_front/cast_ok_0_2844.jpeg,ok,test
test/ok_front/cast_ok_0_2848.jpeg,ok,test
test/ok_front/cast_ok_0_2850.jpeg,ok,test
test/ok_front/cast_ok_0_2867.jpeg,ok,test
test/ok_front/cast_ok_0_2868.jpeg,ok,test
test/ok_front/cast_ok_0_2869.jpeg,ok,test
test/ok_front/cast_ok_0_2884.jpeg,ok,test
test/ok_front/cast_ok_0_2885.jpeg,ok,test
test/ok_front/cast_ok_0_2892.jpeg,ok,test
test/ok_front/cast_ok_0_2894.jpeg,ok,test
test/ok_front/cast_ok_0_2900.jpeg,ok,test
test/ok_front/cast_ok_0_2911.jpeg,ok,test
test/ok_front/cast_ok_0_2914.jpeg,ok,test
test/ok_front/cast_ok_0_2915.jpeg,ok,test
test/ok_front/cast_ok_0_2917.jpeg,ok,test
test/ok_front/cast_ok_0_2926.jpeg,ok,test
test/ok_front/cast_ok_0_2927.jpeg,ok,test
test/ok_front/cast_ok_0_2932.jpeg,ok,test
test/ok_front/cast_ok_0_2935.jpeg,ok,test
test/ok_front/cast_ok_0_31.jpeg,ok,test
test/ok_front/cast_ok_0_3264.jpeg,ok,test
test/ok_front/cast_ok_0_3278.jpeg,ok,test
test/ok_front/cast_ok_0_3292.jpeg,ok,test
test/ok_front/cast_ok_0_3294.jpeg,ok,test
test/ok_front/cast_ok_0_4475.jpeg,ok,test
test/ok_front/cast_ok_0_4476.jpeg,ok,test
test/ok_front/cast_ok_0_4497.jpeg,ok,test
test/ok_front/cast_ok_0_4498.jpeg,ok,test
test/ok_front/cast_ok_0_45.jpeg,ok,test
test/ok_front/cast_ok_0_49.jpeg,ok,test
test/ok_front/cast_ok_0_4987.jpeg,ok,test
test/ok_front/cast_ok_0_4992.jpeg,ok,test
test/ok_front/cast_ok_0_5009.jpeg,ok,test
test/ok_front/cast_ok_0_5012.jpeg,ok,test
test/ok_front/cast_ok_0_504.jpeg,ok,test
test/ok_front/cast_ok_0_505.jpeg,ok,test
test/ok_front/cast_ok_0_525.jpeg,ok,test
test/ok_front/cast_ok_0_526.jpeg,ok,test
test/ok_front/cast_ok_0_5530.jpeg,ok,test
test/ok_front/cast_ok_0_5533.jpeg,ok,test
test/ok_front/cast_ok_0_5541.jpeg,ok,test
test/ok_front/cast_ok_0_5560.jpeg,ok,test
test/ok_front/cast_ok_0_5567.jpeg,ok,test
test/ok_front/cast_ok_0_5587.jpeg,ok,test
test/ok_front/cast_ok_0_5590.jpeg,ok,test
test/ok_front/cast_ok_0_5605.jpeg,ok,test
test/ok_front/cast_ok_0_5606.jpeg,ok,test
test/ok_front/cast_ok_0_5805.jpeg,ok,test
test/ok_front/cast_ok_0_5809.jpeg,ok,test
test/ok_front/cast_ok_0_5815.jpeg,ok,test
test/ok_front/cast_ok_0_62.jpeg,ok,test
test/ok_front/cast_ok_0_6365.jpeg,ok,test
test/ok_front/cast_ok_0_6388.jpeg,ok,test
test/ok_front/cast_ok_0_64.jpeg,ok,test
test/ok_front/cast_ok_0_6401.jpeg,ok,test
test/ok_front/cast_ok_0_6681.jpeg,ok,test
test/ok_front/cast_ok_0_6682.jpeg,ok,test
test/ok_front/cast_ok_0_6714.jpeg,ok,test
test/ok_front/cast_ok_0_6718.jpeg,ok,test
test/ok_front/cast_ok_0_7044.jpeg,ok,test
test/ok_front/cast_ok_0_7089.jpeg,ok,test
test/ok_front/cast_ok_0_7559.jpeg,ok,test
test/ok_front/cast_ok_0_7560.jpeg,ok,test
test/ok_front/cast_ok_0_7588.jpeg,ok,test
test/ok_front/cast_ok_0_7595.jpeg,ok,test
test/ok_front/cast_ok_0_7611.jpeg,ok,test
test/ok_front/cast_ok_0_7624.jpeg,ok,test
test/ok_front/cast_ok_0_7631.jpeg,ok,test
test/ok_front/cast_ok_0_7632.jpeg,ok,test
test/ok_front/cast_ok_0_7820.jpeg,ok,test
test/ok_front/cast_ok_0_7823.jpeg,ok,test
test/ok_front/cast_ok_0_7839.jpeg,ok,test
test/ok_front/cast_ok_0_7849.jpeg,ok,test
test/ok_front/cast_ok_0_7900.jpeg,ok,test
test/ok_front/cast_ok_0_7901.jpeg,ok,test
test/ok_front/cast_ok_0_7925.jpeg,ok,test
test/ok_front/cast_ok_0_7931.jpeg,ok,test
test/ok_front/cast_ok_0_7936.jpeg,ok,test
test/ok_front/cast_ok_0_7939.jpeg,ok,test
test/ok_front/cast_ok_0_7945.jpeg,ok,test
test/ok_front/cast_ok_0_7946.jpeg,ok,test
test/ok_front/cast_ok_0_7997.jpeg,ok,test
test/ok_front/cast_ok_0_8008.jpeg,ok,test
test/ok_front/cast_ok_0_8010.jpeg,ok,test
test/ok_front/cast_ok_0_8011.jpeg,ok,test
test/ok_front/cast_ok_0_8172.jpeg,ok,test
test/ok_front/cast_ok_0_8177.jpeg,ok,test
test/ok_front/cast_ok_0_8189.jpeg,ok,test
test/ok_front/cast_ok_0_8192.jpeg,ok,test
test/ok_front/cast_ok_0_8611.jpeg,ok,test
test/ok_front/cast_ok_0_8612.jpeg,ok,test
test/ok_front/cast_ok_0_8614.jpeg,ok,test
test/ok_front/cast_ok_0_8637.jpeg,ok,test
test/ok_front/cast_ok_0_8644.jpeg,ok,test
test/ok_front/cast_ok_0_8652.jpeg,ok,test
test/ok_front/cast_ok_0_9918.jpeg,ok,test
test/ok_front/cast_ok_0_9920.jpeg,ok,test
test/ok_front/cast_ok_0_9925.jpeg,ok,test
test/ok_front/cast_ok_0_9926.jpeg,ok,test
test/ok_front/cast_ok_0_9928.jpeg,ok,test
test/ok_front/cast_ok_0_9934.jpeg,ok,test
test/ok_front/cast_ok_0_9943.jpeg,ok,test
test/ok_front/cast_ok_0_9955.jpeg,ok,test
test/ok_front/cast_ok_0_9961.jpeg,ok,test
test/ok_front/cast_ok_0_9967.jpeg,ok,test
test/ok_front/cast_ok_0_9973.jpeg,ok,test
test/ok_front/cast_ok_0_9975.jpeg,ok,test
test/ok_front/cast_ok_0_9988.jpeg,ok,test
test/ok_front/cast_ok_0_9993.jpeg,ok,test
test/ok_front/cast_ok_0_9996.jpeg,ok,test
